ISO-10303-21;
HEADER;
/*Generated by software containing ST-Developer
 * from STEP Tools, Inc. (www.steptools.com) 
 */
/*OPTION: using custom renumber hook */
/*description */
/*implementation_level */
FILE_DESCRIPTION(('STEP AP242 Edition 2','STEP AP242 Edition 2''CAx-IF Rec.Pracs.---Representation and Presentation of Product Manufa
cturing Information (PMI)---4.0---2014-10-13','STEP AP242 Edition 2''CAx-IF Rec.Pracs.---Representation and Presentation of Product Manufa
cturing Information (PMI)---4.0---2014-10-13''CAx-IF Rec.Pracs.---3D Tessellated Geometry---0.4---2014-09-14','STEP AP242 Edition 2''CAx-IF Rec.Pracs.---Representation and Presentation of Product Manufa
cturing Information (PMI)---4.0---2014-10-13''CAx-IF Rec.Pracs.---3D Tessellated Geometry---0.4---2014-09-14''2;1','STEP AP242 Edition 2''CAx-IF Rec.Pracs.---Representation and Presentation of Product Manufa
cturing Information (PMI)---4.0---2014-10-13''CAx-IF Rec.Pracs.---3D Tessellated Geometry---0.4---2014-09-14''2;1''CAx-IF Rec.Pracs.---User Defined Attributes---1.5---2016-08-15'),'2;1');
/*name */
/*time_stamp */
/*author */
/*organization */
/*preprocessor_version */
/*originating_system */
/*authorisation */
FILE_NAME('/vol/tmp/translate-17566316020271754959/display - Part 1.step','2026-04-29T07:02:21',(''),(''),'ST-DEVELOPER v20','ONSHAPE BY PTC INC, 1.214','  ');
FILE_SCHEMA(('AP242_MANAGED_MODEL_BASED_3D_ENGINEERING_MIM_LF { 1 0 10303 442 3 1 4 }'));
ENDSEC;
DATA;
#10=SHAPE_REPRESENTATION_RELATIONSHIP('','',#3651,#11);
#11=ADVANCED_BREP_SHAPE_REPRESENTATION('',(#3649),#5981);
#12=OVER_RIDING_STYLED_ITEM('',(#3630),#3617,#3628);
#13=OVER_RIDING_STYLED_ITEM('',(#3631),#3626,#3628);
#14=DRAUGHTING_PRE_DEFINED_COLOUR('black');
#15=CYLINDRICAL_SURFACE('',#3693,0.001);
#16=CYLINDRICAL_SURFACE('',#3694,0.001);
#17=CYLINDRICAL_SURFACE('',#3695,0.001);
#18=CYLINDRICAL_SURFACE('',#3696,0.001);
#19=CYLINDRICAL_SURFACE('',#3726,0.001);
#20=CYLINDRICAL_SURFACE('',#3727,0.001);
#21=CYLINDRICAL_SURFACE('',#3728,0.001);
#22=CYLINDRICAL_SURFACE('',#3729,0.001);
#23=CYLINDRICAL_SURFACE('',#3764,0.001);
#24=CYLINDRICAL_SURFACE('',#3765,0.001);
#25=CYLINDRICAL_SURFACE('',#3766,0.001);
#26=CYLINDRICAL_SURFACE('',#3767,0.001);
#27=CYLINDRICAL_SURFACE('',#3801,0.00275);
#28=CYLINDRICAL_SURFACE('',#3805,0.00275);
#29=CYLINDRICAL_SURFACE('',#3809,0.00275);
#30=CYLINDRICAL_SURFACE('',#3813,0.00275);
#31=CYLINDRICAL_SURFACE('',#3817,0.00275);
#32=CYLINDRICAL_SURFACE('',#3821,0.00275);
#33=CYLINDRICAL_SURFACE('',#3825,0.00275);
#34=CYLINDRICAL_SURFACE('',#3829,0.00275);
#35=CYLINDRICAL_SURFACE('',#3849,0.002);
#36=CYLINDRICAL_SURFACE('',#3852,0.00245);
#37=CYLINDRICAL_SURFACE('',#3878,0.001);
#38=CYLINDRICAL_SURFACE('',#3879,0.001);
#39=CYLINDRICAL_SURFACE('',#3880,0.001);
#40=CYLINDRICAL_SURFACE('',#3881,0.001);
#41=CYLINDRICAL_SURFACE('',#3882,0.00135);
#42=CYLINDRICAL_SURFACE('',#3884,0.00135);
#43=CYLINDRICAL_SURFACE('',#3886,0.00135);
#44=CYLINDRICAL_SURFACE('',#3888,0.00135);
#45=CYLINDRICAL_SURFACE('',#3890,0.00135);
#46=CYLINDRICAL_SURFACE('',#3892,0.00135);
#47=CYLINDRICAL_SURFACE('',#3894,0.00135);
#48=CYLINDRICAL_SURFACE('',#3896,0.00135);
#49=CYLINDRICAL_SURFACE('',#3921,0.001);
#50=CYLINDRICAL_SURFACE('',#3922,0.001);
#51=CYLINDRICAL_SURFACE('',#3923,0.001);
#52=CYLINDRICAL_SURFACE('',#3924,0.001);
#53=CYLINDRICAL_SURFACE('',#3925,0.001);
#54=CYLINDRICAL_SURFACE('',#3926,0.001);
#55=CYLINDRICAL_SURFACE('',#3927,0.001);
#56=CYLINDRICAL_SURFACE('',#3928,0.001);
#57=CIRCLE('',#3657,0.001);
#58=CIRCLE('',#3658,0.001);
#59=CIRCLE('',#3659,0.001);
#60=CIRCLE('',#3660,0.001);
#61=CIRCLE('',#3661,0.001);
#62=CIRCLE('',#3662,0.001);
#63=CIRCLE('',#3663,0.001);
#64=CIRCLE('',#3664,0.001);
#65=CIRCLE('',#3665,0.001);
#66=CIRCLE('',#3666,0.001);
#67=CIRCLE('',#3668,0.001);
#68=CIRCLE('',#3669,0.001);
#69=CIRCLE('',#3670,0.001);
#70=CIRCLE('',#3671,0.001);
#71=CIRCLE('',#3683,0.001);
#72=CIRCLE('',#3686,0.001);
#73=CIRCLE('',#3689,0.001);
#74=CIRCLE('',#3692,0.001);
#75=CIRCLE('',#3701,0.001);
#76=CIRCLE('',#3702,0.001);
#77=CIRCLE('',#3703,0.001);
#78=CIRCLE('',#3704,0.001);
#79=CIRCLE('',#3716,0.001);
#80=CIRCLE('',#3719,0.001);
#81=CIRCLE('',#3722,0.001);
#82=CIRCLE('',#3725,0.001);
#83=CIRCLE('',#3734,0.001);
#84=CIRCLE('',#3735,0.001);
#85=CIRCLE('',#3736,0.001);
#86=CIRCLE('',#3737,0.001);
#87=CIRCLE('',#3739,0.001);
#88=CIRCLE('',#3740,0.001);
#89=CIRCLE('',#3741,0.001);
#90=CIRCLE('',#3742,0.001);
#91=CIRCLE('',#3754,0.001);
#92=CIRCLE('',#3757,0.001);
#93=CIRCLE('',#3760,0.001);
#94=CIRCLE('',#3763,0.001);
#95=CIRCLE('',#3769,0.001);
#96=CIRCLE('',#3770,0.001);
#97=CIRCLE('',#3771,0.001);
#98=CIRCLE('',#3772,0.001);
#99=CIRCLE('',#3773,0.001);
#100=CIRCLE('',#3774,0.001);
#101=CIRCLE('',#3775,0.001);
#102=CIRCLE('',#3776,0.001);
#103=CIRCLE('',#3781,0.001);
#104=CIRCLE('',#3782,0.001);
#105=CIRCLE('',#3785,0.00275);
#106=CIRCLE('',#3786,0.00275);
#107=CIRCLE('',#3787,0.001);
#108=CIRCLE('',#3788,0.001);
#109=CIRCLE('',#3789,0.001);
#110=CIRCLE('',#3790,0.001);
#111=CIRCLE('',#3791,0.00275);
#112=CIRCLE('',#3792,0.00275);
#113=CIRCLE('',#3793,0.00275);
#114=CIRCLE('',#3794,0.00275);
#115=CIRCLE('',#3795,0.00275);
#116=CIRCLE('',#3796,0.00275);
#117=CIRCLE('',#3802,0.00275);
#118=CIRCLE('',#3804,0.00135);
#119=CIRCLE('',#3806,0.00275);
#120=CIRCLE('',#3808,0.00135);
#121=CIRCLE('',#3810,0.00275);
#122=CIRCLE('',#3812,0.00135);
#123=CIRCLE('',#3814,0.00275);
#124=CIRCLE('',#3816,0.00135);
#125=CIRCLE('',#3818,0.00275);
#126=CIRCLE('',#3820,0.00135);
#127=CIRCLE('',#3822,0.00275);
#128=CIRCLE('',#3824,0.00135);
#129=CIRCLE('',#3826,0.00275);
#130=CIRCLE('',#3828,0.00135);
#131=CIRCLE('',#3830,0.00275);
#132=CIRCLE('',#3832,0.00135);
#133=CIRCLE('',#3835,0.001);
#134=CIRCLE('',#3836,0.001);
#135=CIRCLE('',#3840,0.001);
#136=CIRCLE('',#3841,0.001);
#137=CIRCLE('',#3846,0.00245);
#138=CIRCLE('',#3850,0.002);
#139=CIRCLE('',#3851,0.002);
#140=CIRCLE('',#3853,0.00245);
#141=CIRCLE('',#3883,0.00135);
#142=CIRCLE('',#3885,0.00135);
#143=CIRCLE('',#3887,0.00135);
#144=CIRCLE('',#3889,0.00135);
#145=CIRCLE('',#3891,0.00135);
#146=CIRCLE('',#3893,0.00135);
#147=CIRCLE('',#3895,0.00135);
#148=CIRCLE('',#3897,0.00135);
#149=CIRCLE('',#3917,0.001);
#150=CIRCLE('',#3918,0.001);
#151=CIRCLE('',#3919,0.001);
#152=CIRCLE('',#3920,0.001);
#153=ORIENTED_EDGE('',*,*,#1137,.T.);
#154=ORIENTED_EDGE('',*,*,#1138,.T.);
#155=ORIENTED_EDGE('',*,*,#1139,.F.);
#156=ORIENTED_EDGE('',*,*,#1140,.T.);
#157=ORIENTED_EDGE('',*,*,#1141,.F.);
#158=ORIENTED_EDGE('',*,*,#1142,.T.);
#159=ORIENTED_EDGE('',*,*,#1143,.F.);
#160=ORIENTED_EDGE('',*,*,#1144,.T.);
#161=ORIENTED_EDGE('',*,*,#1145,.F.);
#162=ORIENTED_EDGE('',*,*,#1146,.T.);
#163=ORIENTED_EDGE('',*,*,#1147,.T.);
#164=ORIENTED_EDGE('',*,*,#1148,.F.);
#165=ORIENTED_EDGE('',*,*,#1149,.T.);
#166=ORIENTED_EDGE('',*,*,#1150,.T.);
#167=ORIENTED_EDGE('',*,*,#1151,.F.);
#168=ORIENTED_EDGE('',*,*,#1152,.T.);
#169=ORIENTED_EDGE('',*,*,#1153,.F.);
#170=ORIENTED_EDGE('',*,*,#1154,.F.);
#171=ORIENTED_EDGE('',*,*,#1155,.F.);
#172=ORIENTED_EDGE('',*,*,#1156,.T.);
#173=ORIENTED_EDGE('',*,*,#1157,.F.);
#174=ORIENTED_EDGE('',*,*,#1158,.F.);
#175=ORIENTED_EDGE('',*,*,#1159,.T.);
#176=ORIENTED_EDGE('',*,*,#1160,.F.);
#177=ORIENTED_EDGE('',*,*,#1147,.F.);
#178=ORIENTED_EDGE('',*,*,#1161,.T.);
#179=ORIENTED_EDGE('',*,*,#1162,.T.);
#180=ORIENTED_EDGE('',*,*,#1163,.T.);
#181=ORIENTED_EDGE('',*,*,#1149,.F.);
#182=ORIENTED_EDGE('',*,*,#1164,.T.);
#183=ORIENTED_EDGE('',*,*,#1165,.F.);
#184=ORIENTED_EDGE('',*,*,#1166,.T.);
#185=ORIENTED_EDGE('',*,*,#1141,.T.);
#186=ORIENTED_EDGE('',*,*,#1167,.F.);
#187=ORIENTED_EDGE('',*,*,#1168,.F.);
#188=ORIENTED_EDGE('',*,*,#1169,.T.);
#189=ORIENTED_EDGE('',*,*,#1170,.F.);
#190=ORIENTED_EDGE('',*,*,#1171,.T.);
#191=ORIENTED_EDGE('',*,*,#1172,.F.);
#192=ORIENTED_EDGE('',*,*,#1173,.T.);
#193=ORIENTED_EDGE('',*,*,#1174,.T.);
#194=ORIENTED_EDGE('',*,*,#1175,.F.);
#195=ORIENTED_EDGE('',*,*,#1176,.F.);
#196=ORIENTED_EDGE('',*,*,#1177,.T.);
#197=ORIENTED_EDGE('',*,*,#1178,.T.);
#198=ORIENTED_EDGE('',*,*,#1179,.F.);
#199=ORIENTED_EDGE('',*,*,#1180,.F.);
#200=ORIENTED_EDGE('',*,*,#1181,.T.);
#201=ORIENTED_EDGE('',*,*,#1182,.F.);
#202=ORIENTED_EDGE('',*,*,#1183,.T.);
#203=ORIENTED_EDGE('',*,*,#1184,.T.);
#204=ORIENTED_EDGE('',*,*,#1185,.T.);
#205=ORIENTED_EDGE('',*,*,#1186,.F.);
#206=ORIENTED_EDGE('',*,*,#1187,.T.);
#207=ORIENTED_EDGE('',*,*,#1188,.F.);
#208=ORIENTED_EDGE('',*,*,#1189,.T.);
#209=ORIENTED_EDGE('',*,*,#1190,.T.);
#210=ORIENTED_EDGE('',*,*,#1191,.F.);
#211=ORIENTED_EDGE('',*,*,#1192,.F.);
#212=ORIENTED_EDGE('',*,*,#1193,.T.);
#213=ORIENTED_EDGE('',*,*,#1194,.F.);
#214=ORIENTED_EDGE('',*,*,#1195,.F.);
#215=ORIENTED_EDGE('',*,*,#1196,.F.);
#216=ORIENTED_EDGE('',*,*,#1197,.T.);
#217=ORIENTED_EDGE('',*,*,#1198,.F.);
#218=ORIENTED_EDGE('',*,*,#1199,.F.);
#219=ORIENTED_EDGE('',*,*,#1200,.T.);
#220=ORIENTED_EDGE('',*,*,#1201,.F.);
#221=ORIENTED_EDGE('',*,*,#1202,.T.);
#222=ORIENTED_EDGE('',*,*,#1203,.F.);
#223=ORIENTED_EDGE('',*,*,#1204,.F.);
#224=ORIENTED_EDGE('',*,*,#1205,.T.);
#225=ORIENTED_EDGE('',*,*,#1206,.F.);
#226=ORIENTED_EDGE('',*,*,#1207,.F.);
#227=ORIENTED_EDGE('',*,*,#1145,.T.);
#228=ORIENTED_EDGE('',*,*,#1208,.T.);
#229=ORIENTED_EDGE('',*,*,#1209,.F.);
#230=ORIENTED_EDGE('',*,*,#1210,.T.);
#231=ORIENTED_EDGE('',*,*,#1137,.F.);
#232=ORIENTED_EDGE('',*,*,#1211,.T.);
#233=ORIENTED_EDGE('',*,*,#1151,.T.);
#234=ORIENTED_EDGE('',*,*,#1212,.T.);
#235=ORIENTED_EDGE('',*,*,#1154,.T.);
#236=ORIENTED_EDGE('',*,*,#1213,.F.);
#237=ORIENTED_EDGE('',*,*,#1214,.F.);
#238=ORIENTED_EDGE('',*,*,#1215,.T.);
#239=ORIENTED_EDGE('',*,*,#1153,.T.);
#240=ORIENTED_EDGE('',*,*,#1216,.F.);
#241=ORIENTED_EDGE('',*,*,#1217,.F.);
#242=ORIENTED_EDGE('',*,*,#1213,.T.);
#243=ORIENTED_EDGE('',*,*,#1160,.T.);
#244=ORIENTED_EDGE('',*,*,#1218,.F.);
#245=ORIENTED_EDGE('',*,*,#1219,.F.);
#246=ORIENTED_EDGE('',*,*,#1216,.T.);
#247=ORIENTED_EDGE('',*,*,#1159,.F.);
#248=ORIENTED_EDGE('',*,*,#1220,.F.);
#249=ORIENTED_EDGE('',*,*,#1221,.T.);
#250=ORIENTED_EDGE('',*,*,#1218,.T.);
#251=ORIENTED_EDGE('',*,*,#1158,.T.);
#252=ORIENTED_EDGE('',*,*,#1222,.F.);
#253=ORIENTED_EDGE('',*,*,#1223,.F.);
#254=ORIENTED_EDGE('',*,*,#1220,.T.);
#255=ORIENTED_EDGE('',*,*,#1157,.T.);
#256=ORIENTED_EDGE('',*,*,#1224,.F.);
#257=ORIENTED_EDGE('',*,*,#1225,.F.);
#258=ORIENTED_EDGE('',*,*,#1222,.T.);
#259=ORIENTED_EDGE('',*,*,#1156,.F.);
#260=ORIENTED_EDGE('',*,*,#1226,.F.);
#261=ORIENTED_EDGE('',*,*,#1227,.T.);
#262=ORIENTED_EDGE('',*,*,#1224,.T.);
#263=ORIENTED_EDGE('',*,*,#1155,.T.);
#264=ORIENTED_EDGE('',*,*,#1215,.F.);
#265=ORIENTED_EDGE('',*,*,#1228,.F.);
#266=ORIENTED_EDGE('',*,*,#1226,.T.);
#267=ORIENTED_EDGE('',*,*,#1214,.T.);
#268=ORIENTED_EDGE('',*,*,#1217,.T.);
#269=ORIENTED_EDGE('',*,*,#1219,.T.);
#270=ORIENTED_EDGE('',*,*,#1221,.F.);
#271=ORIENTED_EDGE('',*,*,#1223,.T.);
#272=ORIENTED_EDGE('',*,*,#1225,.T.);
#273=ORIENTED_EDGE('',*,*,#1227,.F.);
#274=ORIENTED_EDGE('',*,*,#1228,.T.);
#275=ORIENTED_EDGE('',*,*,#1167,.T.);
#276=ORIENTED_EDGE('',*,*,#1140,.F.);
#277=ORIENTED_EDGE('',*,*,#1229,.F.);
#278=ORIENTED_EDGE('',*,*,#1230,.T.);
#279=ORIENTED_EDGE('',*,*,#1139,.T.);
#280=ORIENTED_EDGE('',*,*,#1231,.T.);
#281=ORIENTED_EDGE('',*,*,#1232,.T.);
#282=ORIENTED_EDGE('',*,*,#1229,.T.);
#283=ORIENTED_EDGE('',*,*,#1193,.F.);
#284=ORIENTED_EDGE('',*,*,#1233,.F.);
#285=ORIENTED_EDGE('',*,*,#1234,.T.);
#286=ORIENTED_EDGE('',*,*,#1148,.T.);
#287=ORIENTED_EDGE('',*,*,#1235,.T.);
#288=ORIENTED_EDGE('',*,*,#1236,.T.);
#289=ORIENTED_EDGE('',*,*,#1143,.T.);
#290=ORIENTED_EDGE('',*,*,#1234,.F.);
#291=ORIENTED_EDGE('',*,*,#1162,.F.);
#292=ORIENTED_EDGE('',*,*,#1237,.T.);
#293=ORIENTED_EDGE('',*,*,#1238,.T.);
#294=ORIENTED_EDGE('',*,*,#1239,.T.);
#295=ORIENTED_EDGE('',*,*,#1238,.F.);
#296=ORIENTED_EDGE('',*,*,#1240,.T.);
#297=ORIENTED_EDGE('',*,*,#1165,.T.);
#298=ORIENTED_EDGE('',*,*,#1241,.T.);
#299=ORIENTED_EDGE('',*,*,#1242,.F.);
#300=ORIENTED_EDGE('',*,*,#1243,.T.);
#301=ORIENTED_EDGE('',*,*,#1242,.T.);
#302=ORIENTED_EDGE('',*,*,#1244,.T.);
#303=ORIENTED_EDGE('',*,*,#1208,.F.);
#304=ORIENTED_EDGE('',*,*,#1144,.F.);
#305=ORIENTED_EDGE('',*,*,#1236,.F.);
#306=ORIENTED_EDGE('',*,*,#1245,.F.);
#307=ORIENTED_EDGE('',*,*,#1212,.F.);
#308=ORIENTED_EDGE('',*,*,#1150,.F.);
#309=ORIENTED_EDGE('',*,*,#1163,.F.);
#310=ORIENTED_EDGE('',*,*,#1239,.F.);
#311=ORIENTED_EDGE('',*,*,#1240,.F.);
#312=ORIENTED_EDGE('',*,*,#1237,.F.);
#313=ORIENTED_EDGE('',*,*,#1161,.F.);
#314=ORIENTED_EDGE('',*,*,#1146,.F.);
#315=ORIENTED_EDGE('',*,*,#1231,.F.);
#316=ORIENTED_EDGE('',*,*,#1138,.F.);
#317=ORIENTED_EDGE('',*,*,#1210,.F.);
#318=ORIENTED_EDGE('',*,*,#1246,.F.);
#319=ORIENTED_EDGE('',*,*,#1164,.F.);
#320=ORIENTED_EDGE('',*,*,#1152,.F.);
#321=ORIENTED_EDGE('',*,*,#1211,.F.);
#322=ORIENTED_EDGE('',*,*,#1142,.F.);
#323=ORIENTED_EDGE('',*,*,#1166,.F.);
#324=ORIENTED_EDGE('',*,*,#1243,.F.);
#325=ORIENTED_EDGE('',*,*,#1244,.F.);
#326=ORIENTED_EDGE('',*,*,#1241,.F.);
#327=ORIENTED_EDGE('',*,*,#1247,.T.);
#328=ORIENTED_EDGE('',*,*,#1248,.T.);
#329=ORIENTED_EDGE('',*,*,#1249,.F.);
#330=ORIENTED_EDGE('',*,*,#1250,.T.);
#331=ORIENTED_EDGE('',*,*,#1190,.F.);
#332=ORIENTED_EDGE('',*,*,#1251,.T.);
#333=ORIENTED_EDGE('',*,*,#1252,.F.);
#334=ORIENTED_EDGE('',*,*,#1253,.T.);
#335=ORIENTED_EDGE('',*,*,#1254,.F.);
#336=ORIENTED_EDGE('',*,*,#1255,.T.);
#337=ORIENTED_EDGE('',*,*,#1182,.T.);
#338=ORIENTED_EDGE('',*,*,#1256,.F.);
#339=ORIENTED_EDGE('',*,*,#1186,.T.);
#340=ORIENTED_EDGE('',*,*,#1257,.T.);
#341=ORIENTED_EDGE('',*,*,#1258,.F.);
#342=ORIENTED_EDGE('',*,*,#1259,.T.);
#343=ORIENTED_EDGE('',*,*,#1254,.T.);
#344=ORIENTED_EDGE('',*,*,#1260,.T.);
#345=ORIENTED_EDGE('',*,*,#1261,.F.);
#346=ORIENTED_EDGE('',*,*,#1262,.T.);
#347=ORIENTED_EDGE('',*,*,#1247,.F.);
#348=ORIENTED_EDGE('',*,*,#1263,.T.);
#349=ORIENTED_EDGE('',*,*,#1258,.T.);
#350=ORIENTED_EDGE('',*,*,#1264,.T.);
#351=ORIENTED_EDGE('',*,*,#1195,.T.);
#352=ORIENTED_EDGE('',*,*,#1265,.F.);
#353=ORIENTED_EDGE('',*,*,#1266,.F.);
#354=ORIENTED_EDGE('',*,*,#1267,.T.);
#355=ORIENTED_EDGE('',*,*,#1194,.T.);
#356=ORIENTED_EDGE('',*,*,#1268,.F.);
#357=ORIENTED_EDGE('',*,*,#1269,.F.);
#358=ORIENTED_EDGE('',*,*,#1265,.T.);
#359=ORIENTED_EDGE('',*,*,#1201,.T.);
#360=ORIENTED_EDGE('',*,*,#1270,.F.);
#361=ORIENTED_EDGE('',*,*,#1271,.F.);
#362=ORIENTED_EDGE('',*,*,#1268,.T.);
#363=ORIENTED_EDGE('',*,*,#1200,.F.);
#364=ORIENTED_EDGE('',*,*,#1272,.F.);
#365=ORIENTED_EDGE('',*,*,#1273,.T.);
#366=ORIENTED_EDGE('',*,*,#1270,.T.);
#367=ORIENTED_EDGE('',*,*,#1199,.T.);
#368=ORIENTED_EDGE('',*,*,#1274,.F.);
#369=ORIENTED_EDGE('',*,*,#1275,.F.);
#370=ORIENTED_EDGE('',*,*,#1272,.T.);
#371=ORIENTED_EDGE('',*,*,#1198,.T.);
#372=ORIENTED_EDGE('',*,*,#1276,.F.);
#373=ORIENTED_EDGE('',*,*,#1277,.F.);
#374=ORIENTED_EDGE('',*,*,#1274,.T.);
#375=ORIENTED_EDGE('',*,*,#1197,.F.);
#376=ORIENTED_EDGE('',*,*,#1278,.F.);
#377=ORIENTED_EDGE('',*,*,#1279,.T.);
#378=ORIENTED_EDGE('',*,*,#1276,.T.);
#379=ORIENTED_EDGE('',*,*,#1196,.T.);
#380=ORIENTED_EDGE('',*,*,#1267,.F.);
#381=ORIENTED_EDGE('',*,*,#1280,.F.);
#382=ORIENTED_EDGE('',*,*,#1278,.T.);
#383=ORIENTED_EDGE('',*,*,#1266,.T.);
#384=ORIENTED_EDGE('',*,*,#1269,.T.);
#385=ORIENTED_EDGE('',*,*,#1271,.T.);
#386=ORIENTED_EDGE('',*,*,#1273,.F.);
#387=ORIENTED_EDGE('',*,*,#1275,.T.);
#388=ORIENTED_EDGE('',*,*,#1277,.T.);
#389=ORIENTED_EDGE('',*,*,#1279,.F.);
#390=ORIENTED_EDGE('',*,*,#1280,.T.);
#391=ORIENTED_EDGE('',*,*,#1191,.T.);
#392=ORIENTED_EDGE('',*,*,#1250,.F.);
#393=ORIENTED_EDGE('',*,*,#1281,.F.);
#394=ORIENTED_EDGE('',*,*,#1282,.T.);
#395=ORIENTED_EDGE('',*,*,#1249,.T.);
#396=ORIENTED_EDGE('',*,*,#1283,.T.);
#397=ORIENTED_EDGE('',*,*,#1284,.T.);
#398=ORIENTED_EDGE('',*,*,#1281,.T.);
#399=ORIENTED_EDGE('',*,*,#1181,.F.);
#400=ORIENTED_EDGE('',*,*,#1285,.F.);
#401=ORIENTED_EDGE('',*,*,#1286,.T.);
#402=ORIENTED_EDGE('',*,*,#1256,.T.);
#403=ORIENTED_EDGE('',*,*,#1287,.T.);
#404=ORIENTED_EDGE('',*,*,#1288,.T.);
#405=ORIENTED_EDGE('',*,*,#1252,.T.);
#406=ORIENTED_EDGE('',*,*,#1286,.F.);
#407=ORIENTED_EDGE('',*,*,#1184,.F.);
#408=ORIENTED_EDGE('',*,*,#1289,.T.);
#409=ORIENTED_EDGE('',*,*,#1290,.T.);
#410=ORIENTED_EDGE('',*,*,#1291,.T.);
#411=ORIENTED_EDGE('',*,*,#1290,.F.);
#412=ORIENTED_EDGE('',*,*,#1292,.T.);
#413=ORIENTED_EDGE('',*,*,#1188,.T.);
#414=ORIENTED_EDGE('',*,*,#1293,.T.);
#415=ORIENTED_EDGE('',*,*,#1294,.F.);
#416=ORIENTED_EDGE('',*,*,#1295,.T.);
#417=ORIENTED_EDGE('',*,*,#1294,.T.);
#418=ORIENTED_EDGE('',*,*,#1296,.T.);
#419=ORIENTED_EDGE('',*,*,#1260,.F.);
#420=ORIENTED_EDGE('',*,*,#1253,.F.);
#421=ORIENTED_EDGE('',*,*,#1288,.F.);
#422=ORIENTED_EDGE('',*,*,#1297,.F.);
#423=ORIENTED_EDGE('',*,*,#1264,.F.);
#424=ORIENTED_EDGE('',*,*,#1257,.F.);
#425=ORIENTED_EDGE('',*,*,#1185,.F.);
#426=ORIENTED_EDGE('',*,*,#1291,.F.);
#427=ORIENTED_EDGE('',*,*,#1292,.F.);
#428=ORIENTED_EDGE('',*,*,#1289,.F.);
#429=ORIENTED_EDGE('',*,*,#1183,.F.);
#430=ORIENTED_EDGE('',*,*,#1255,.F.);
#431=ORIENTED_EDGE('',*,*,#1283,.F.);
#432=ORIENTED_EDGE('',*,*,#1248,.F.);
#433=ORIENTED_EDGE('',*,*,#1262,.F.);
#434=ORIENTED_EDGE('',*,*,#1298,.F.);
#435=ORIENTED_EDGE('',*,*,#1187,.F.);
#436=ORIENTED_EDGE('',*,*,#1259,.F.);
#437=ORIENTED_EDGE('',*,*,#1263,.F.);
#438=ORIENTED_EDGE('',*,*,#1251,.F.);
#439=ORIENTED_EDGE('',*,*,#1189,.F.);
#440=ORIENTED_EDGE('',*,*,#1295,.F.);
#441=ORIENTED_EDGE('',*,*,#1296,.F.);
#442=ORIENTED_EDGE('',*,*,#1293,.F.);
#443=ORIENTED_EDGE('',*,*,#1299,.T.);
#444=ORIENTED_EDGE('',*,*,#1300,.T.);
#445=ORIENTED_EDGE('',*,*,#1301,.F.);
#446=ORIENTED_EDGE('',*,*,#1302,.T.);
#447=ORIENTED_EDGE('',*,*,#1303,.F.);
#448=ORIENTED_EDGE('',*,*,#1304,.T.);
#449=ORIENTED_EDGE('',*,*,#1305,.F.);
#450=ORIENTED_EDGE('',*,*,#1306,.T.);
#451=ORIENTED_EDGE('',*,*,#1307,.F.);
#452=ORIENTED_EDGE('',*,*,#1308,.T.);
#453=ORIENTED_EDGE('',*,*,#1309,.T.);
#454=ORIENTED_EDGE('',*,*,#1310,.F.);
#455=ORIENTED_EDGE('',*,*,#1311,.T.);
#456=ORIENTED_EDGE('',*,*,#1312,.T.);
#457=ORIENTED_EDGE('',*,*,#1313,.F.);
#458=ORIENTED_EDGE('',*,*,#1314,.T.);
#459=ORIENTED_EDGE('',*,*,#1315,.F.);
#460=ORIENTED_EDGE('',*,*,#1316,.F.);
#461=ORIENTED_EDGE('',*,*,#1317,.F.);
#462=ORIENTED_EDGE('',*,*,#1318,.T.);
#463=ORIENTED_EDGE('',*,*,#1319,.F.);
#464=ORIENTED_EDGE('',*,*,#1320,.F.);
#465=ORIENTED_EDGE('',*,*,#1321,.T.);
#466=ORIENTED_EDGE('',*,*,#1322,.F.);
#467=ORIENTED_EDGE('',*,*,#1309,.F.);
#468=ORIENTED_EDGE('',*,*,#1323,.T.);
#469=ORIENTED_EDGE('',*,*,#1324,.T.);
#470=ORIENTED_EDGE('',*,*,#1325,.T.);
#471=ORIENTED_EDGE('',*,*,#1311,.F.);
#472=ORIENTED_EDGE('',*,*,#1326,.T.);
#473=ORIENTED_EDGE('',*,*,#1327,.F.);
#474=ORIENTED_EDGE('',*,*,#1328,.T.);
#475=ORIENTED_EDGE('',*,*,#1303,.T.);
#476=ORIENTED_EDGE('',*,*,#1329,.F.);
#477=ORIENTED_EDGE('',*,*,#1330,.T.);
#478=ORIENTED_EDGE('',*,*,#1331,.T.);
#479=ORIENTED_EDGE('',*,*,#1307,.T.);
#480=ORIENTED_EDGE('',*,*,#1332,.T.);
#481=ORIENTED_EDGE('',*,*,#1333,.F.);
#482=ORIENTED_EDGE('',*,*,#1334,.T.);
#483=ORIENTED_EDGE('',*,*,#1299,.F.);
#484=ORIENTED_EDGE('',*,*,#1335,.T.);
#485=ORIENTED_EDGE('',*,*,#1313,.T.);
#486=ORIENTED_EDGE('',*,*,#1336,.T.);
#487=ORIENTED_EDGE('',*,*,#1316,.T.);
#488=ORIENTED_EDGE('',*,*,#1337,.F.);
#489=ORIENTED_EDGE('',*,*,#1338,.F.);
#490=ORIENTED_EDGE('',*,*,#1339,.T.);
#491=ORIENTED_EDGE('',*,*,#1315,.T.);
#492=ORIENTED_EDGE('',*,*,#1340,.F.);
#493=ORIENTED_EDGE('',*,*,#1341,.F.);
#494=ORIENTED_EDGE('',*,*,#1337,.T.);
#495=ORIENTED_EDGE('',*,*,#1322,.T.);
#496=ORIENTED_EDGE('',*,*,#1342,.F.);
#497=ORIENTED_EDGE('',*,*,#1343,.F.);
#498=ORIENTED_EDGE('',*,*,#1340,.T.);
#499=ORIENTED_EDGE('',*,*,#1321,.F.);
#500=ORIENTED_EDGE('',*,*,#1344,.F.);
#501=ORIENTED_EDGE('',*,*,#1345,.T.);
#502=ORIENTED_EDGE('',*,*,#1342,.T.);
#503=ORIENTED_EDGE('',*,*,#1320,.T.);
#504=ORIENTED_EDGE('',*,*,#1346,.F.);
#505=ORIENTED_EDGE('',*,*,#1347,.F.);
#506=ORIENTED_EDGE('',*,*,#1344,.T.);
#507=ORIENTED_EDGE('',*,*,#1319,.T.);
#508=ORIENTED_EDGE('',*,*,#1348,.F.);
#509=ORIENTED_EDGE('',*,*,#1349,.F.);
#510=ORIENTED_EDGE('',*,*,#1346,.T.);
#511=ORIENTED_EDGE('',*,*,#1318,.F.);
#512=ORIENTED_EDGE('',*,*,#1350,.F.);
#513=ORIENTED_EDGE('',*,*,#1351,.T.);
#514=ORIENTED_EDGE('',*,*,#1348,.T.);
#515=ORIENTED_EDGE('',*,*,#1317,.T.);
#516=ORIENTED_EDGE('',*,*,#1339,.F.);
#517=ORIENTED_EDGE('',*,*,#1352,.F.);
#518=ORIENTED_EDGE('',*,*,#1350,.T.);
#519=ORIENTED_EDGE('',*,*,#1338,.T.);
#520=ORIENTED_EDGE('',*,*,#1341,.T.);
#521=ORIENTED_EDGE('',*,*,#1343,.T.);
#522=ORIENTED_EDGE('',*,*,#1345,.F.);
#523=ORIENTED_EDGE('',*,*,#1347,.T.);
#524=ORIENTED_EDGE('',*,*,#1349,.T.);
#525=ORIENTED_EDGE('',*,*,#1351,.F.);
#526=ORIENTED_EDGE('',*,*,#1352,.T.);
#527=ORIENTED_EDGE('',*,*,#1329,.T.);
#528=ORIENTED_EDGE('',*,*,#1302,.F.);
#529=ORIENTED_EDGE('',*,*,#1353,.F.);
#530=ORIENTED_EDGE('',*,*,#1354,.T.);
#531=ORIENTED_EDGE('',*,*,#1301,.T.);
#532=ORIENTED_EDGE('',*,*,#1355,.T.);
#533=ORIENTED_EDGE('',*,*,#1356,.T.);
#534=ORIENTED_EDGE('',*,*,#1353,.T.);
#535=ORIENTED_EDGE('',*,*,#1331,.F.);
#536=ORIENTED_EDGE('',*,*,#1357,.F.);
#537=ORIENTED_EDGE('',*,*,#1358,.T.);
#538=ORIENTED_EDGE('',*,*,#1310,.T.);
#539=ORIENTED_EDGE('',*,*,#1359,.T.);
#540=ORIENTED_EDGE('',*,*,#1360,.T.);
#541=ORIENTED_EDGE('',*,*,#1305,.T.);
#542=ORIENTED_EDGE('',*,*,#1358,.F.);
#543=ORIENTED_EDGE('',*,*,#1324,.F.);
#544=ORIENTED_EDGE('',*,*,#1361,.T.);
#545=ORIENTED_EDGE('',*,*,#1362,.T.);
#546=ORIENTED_EDGE('',*,*,#1363,.T.);
#547=ORIENTED_EDGE('',*,*,#1362,.F.);
#548=ORIENTED_EDGE('',*,*,#1364,.T.);
#549=ORIENTED_EDGE('',*,*,#1327,.T.);
#550=ORIENTED_EDGE('',*,*,#1365,.T.);
#551=ORIENTED_EDGE('',*,*,#1366,.F.);
#552=ORIENTED_EDGE('',*,*,#1367,.T.);
#553=ORIENTED_EDGE('',*,*,#1366,.T.);
#554=ORIENTED_EDGE('',*,*,#1368,.T.);
#555=ORIENTED_EDGE('',*,*,#1332,.F.);
#556=ORIENTED_EDGE('',*,*,#1306,.F.);
#557=ORIENTED_EDGE('',*,*,#1360,.F.);
#558=ORIENTED_EDGE('',*,*,#1369,.F.);
#559=ORIENTED_EDGE('',*,*,#1336,.F.);
#560=ORIENTED_EDGE('',*,*,#1312,.F.);
#561=ORIENTED_EDGE('',*,*,#1325,.F.);
#562=ORIENTED_EDGE('',*,*,#1363,.F.);
#563=ORIENTED_EDGE('',*,*,#1364,.F.);
#564=ORIENTED_EDGE('',*,*,#1361,.F.);
#565=ORIENTED_EDGE('',*,*,#1323,.F.);
#566=ORIENTED_EDGE('',*,*,#1308,.F.);
#567=ORIENTED_EDGE('',*,*,#1355,.F.);
#568=ORIENTED_EDGE('',*,*,#1300,.F.);
#569=ORIENTED_EDGE('',*,*,#1334,.F.);
#570=ORIENTED_EDGE('',*,*,#1370,.F.);
#571=ORIENTED_EDGE('',*,*,#1326,.F.);
#572=ORIENTED_EDGE('',*,*,#1314,.F.);
#573=ORIENTED_EDGE('',*,*,#1335,.F.);
#574=ORIENTED_EDGE('',*,*,#1304,.F.);
#575=ORIENTED_EDGE('',*,*,#1328,.F.);
#576=ORIENTED_EDGE('',*,*,#1367,.F.);
#577=ORIENTED_EDGE('',*,*,#1368,.F.);
#578=ORIENTED_EDGE('',*,*,#1365,.F.);
#579=ORIENTED_EDGE('',*,*,#1371,.F.);
#580=ORIENTED_EDGE('',*,*,#1372,.T.);
#581=ORIENTED_EDGE('',*,*,#1373,.F.);
#582=ORIENTED_EDGE('',*,*,#1374,.T.);
#583=ORIENTED_EDGE('',*,*,#1375,.F.);
#584=ORIENTED_EDGE('',*,*,#1376,.T.);
#585=ORIENTED_EDGE('',*,*,#1377,.F.);
#586=ORIENTED_EDGE('',*,*,#1378,.T.);
#587=ORIENTED_EDGE('',*,*,#1379,.F.);
#588=ORIENTED_EDGE('',*,*,#1380,.T.);
#589=ORIENTED_EDGE('',*,*,#1381,.T.);
#590=ORIENTED_EDGE('',*,*,#1382,.T.);
#591=ORIENTED_EDGE('',*,*,#1383,.T.);
#592=ORIENTED_EDGE('',*,*,#1384,.T.);
#593=ORIENTED_EDGE('',*,*,#1385,.F.);
#594=ORIENTED_EDGE('',*,*,#1386,.T.);
#595=ORIENTED_EDGE('',*,*,#1387,.T.);
#596=ORIENTED_EDGE('',*,*,#1388,.F.);
#597=ORIENTED_EDGE('',*,*,#1389,.F.);
#598=ORIENTED_EDGE('',*,*,#1390,.T.);
#599=ORIENTED_EDGE('',*,*,#1391,.T.);
#600=ORIENTED_EDGE('',*,*,#1392,.F.);
#601=ORIENTED_EDGE('',*,*,#1393,.F.);
#602=ORIENTED_EDGE('',*,*,#1394,.F.);
#603=ORIENTED_EDGE('',*,*,#1395,.F.);
#604=ORIENTED_EDGE('',*,*,#1396,.T.);
#605=ORIENTED_EDGE('',*,*,#1397,.F.);
#606=ORIENTED_EDGE('',*,*,#1398,.T.);
#607=ORIENTED_EDGE('',*,*,#1399,.T.);
#608=ORIENTED_EDGE('',*,*,#1400,.F.);
#609=ORIENTED_EDGE('',*,*,#1401,.T.);
#610=ORIENTED_EDGE('',*,*,#1402,.T.);
#611=ORIENTED_EDGE('',*,*,#1403,.F.);
#612=ORIENTED_EDGE('',*,*,#1404,.T.);
#613=ORIENTED_EDGE('',*,*,#1405,.T.);
#614=ORIENTED_EDGE('',*,*,#1406,.F.);
#615=ORIENTED_EDGE('',*,*,#1407,.T.);
#616=ORIENTED_EDGE('',*,*,#1408,.F.);
#617=ORIENTED_EDGE('',*,*,#1409,.T.);
#618=ORIENTED_EDGE('',*,*,#1410,.F.);
#619=ORIENTED_EDGE('',*,*,#1411,.T.);
#620=ORIENTED_EDGE('',*,*,#1412,.F.);
#621=ORIENTED_EDGE('',*,*,#1413,.F.);
#622=ORIENTED_EDGE('',*,*,#1414,.T.);
#623=ORIENTED_EDGE('',*,*,#1415,.F.);
#624=ORIENTED_EDGE('',*,*,#1416,.T.);
#625=ORIENTED_EDGE('',*,*,#1417,.T.);
#626=ORIENTED_EDGE('',*,*,#1418,.T.);
#627=ORIENTED_EDGE('',*,*,#1419,.T.);
#628=ORIENTED_EDGE('',*,*,#1420,.F.);
#629=ORIENTED_EDGE('',*,*,#1405,.F.);
#630=ORIENTED_EDGE('',*,*,#1421,.T.);
#631=ORIENTED_EDGE('',*,*,#1422,.F.);
#632=ORIENTED_EDGE('',*,*,#1423,.T.);
#633=ORIENTED_EDGE('',*,*,#1170,.T.);
#634=ORIENTED_EDGE('',*,*,#1424,.F.);
#635=ORIENTED_EDGE('',*,*,#1425,.T.);
#636=ORIENTED_EDGE('',*,*,#1426,.T.);
#637=ORIENTED_EDGE('',*,*,#1209,.T.);
#638=ORIENTED_EDGE('',*,*,#1245,.T.);
#639=ORIENTED_EDGE('',*,*,#1235,.F.);
#640=ORIENTED_EDGE('',*,*,#1233,.T.);
#641=ORIENTED_EDGE('',*,*,#1192,.T.);
#642=ORIENTED_EDGE('',*,*,#1282,.F.);
#643=ORIENTED_EDGE('',*,*,#1284,.F.);
#644=ORIENTED_EDGE('',*,*,#1298,.T.);
#645=ORIENTED_EDGE('',*,*,#1261,.T.);
#646=ORIENTED_EDGE('',*,*,#1297,.T.);
#647=ORIENTED_EDGE('',*,*,#1287,.F.);
#648=ORIENTED_EDGE('',*,*,#1285,.T.);
#649=ORIENTED_EDGE('',*,*,#1180,.T.);
#650=ORIENTED_EDGE('',*,*,#1427,.T.);
#651=ORIENTED_EDGE('',*,*,#1428,.F.);
#652=ORIENTED_EDGE('',*,*,#1429,.F.);
#653=ORIENTED_EDGE('',*,*,#1176,.T.);
#654=ORIENTED_EDGE('',*,*,#1430,.F.);
#655=ORIENTED_EDGE('',*,*,#1431,.F.);
#656=ORIENTED_EDGE('',*,*,#1432,.T.);
#657=ORIENTED_EDGE('',*,*,#1433,.F.);
#658=ORIENTED_EDGE('',*,*,#1426,.F.);
#659=ORIENTED_EDGE('',*,*,#1434,.F.);
#660=ORIENTED_EDGE('',*,*,#1435,.T.);
#661=ORIENTED_EDGE('',*,*,#1168,.T.);
#662=ORIENTED_EDGE('',*,*,#1230,.F.);
#663=ORIENTED_EDGE('',*,*,#1232,.F.);
#664=ORIENTED_EDGE('',*,*,#1246,.T.);
#665=ORIENTED_EDGE('',*,*,#1333,.T.);
#666=ORIENTED_EDGE('',*,*,#1369,.T.);
#667=ORIENTED_EDGE('',*,*,#1359,.F.);
#668=ORIENTED_EDGE('',*,*,#1357,.T.);
#669=ORIENTED_EDGE('',*,*,#1330,.F.);
#670=ORIENTED_EDGE('',*,*,#1354,.F.);
#671=ORIENTED_EDGE('',*,*,#1356,.F.);
#672=ORIENTED_EDGE('',*,*,#1370,.T.);
#673=ORIENTED_EDGE('',*,*,#1419,.F.);
#674=ORIENTED_EDGE('',*,*,#1436,.F.);
#675=ORIENTED_EDGE('',*,*,#1437,.F.);
#676=ORIENTED_EDGE('',*,*,#1438,.F.);
#677=ORIENTED_EDGE('',*,*,#1439,.F.);
#678=ORIENTED_EDGE('',*,*,#1408,.T.);
#679=ORIENTED_EDGE('',*,*,#1440,.F.);
#680=ORIENTED_EDGE('',*,*,#1441,.T.);
#681=ORIENTED_EDGE('',*,*,#1442,.T.);
#682=ORIENTED_EDGE('',*,*,#1443,.T.);
#683=ORIENTED_EDGE('',*,*,#1444,.F.);
#684=ORIENTED_EDGE('',*,*,#1387,.F.);
#685=ORIENTED_EDGE('',*,*,#1445,.F.);
#686=ORIENTED_EDGE('',*,*,#1446,.T.);
#687=ORIENTED_EDGE('',*,*,#1447,.T.);
#688=ORIENTED_EDGE('',*,*,#1448,.T.);
#689=ORIENTED_EDGE('',*,*,#1449,.T.);
#690=ORIENTED_EDGE('',*,*,#1450,.T.);
#691=ORIENTED_EDGE('',*,*,#1451,.T.);
#692=ORIENTED_EDGE('',*,*,#1452,.T.);
#693=ORIENTED_EDGE('',*,*,#1453,.T.);
#694=ORIENTED_EDGE('',*,*,#1454,.T.);
#695=ORIENTED_EDGE('',*,*,#1455,.F.);
#696=ORIENTED_EDGE('',*,*,#1456,.T.);
#697=ORIENTED_EDGE('',*,*,#1457,.T.);
#698=ORIENTED_EDGE('',*,*,#1458,.F.);
#699=ORIENTED_EDGE('',*,*,#1459,.F.);
#700=ORIENTED_EDGE('',*,*,#1460,.F.);
#701=ORIENTED_EDGE('',*,*,#1461,.F.);
#702=ORIENTED_EDGE('',*,*,#1462,.F.);
#703=ORIENTED_EDGE('',*,*,#1463,.F.);
#704=ORIENTED_EDGE('',*,*,#1464,.F.);
#705=ORIENTED_EDGE('',*,*,#1465,.F.);
#706=ORIENTED_EDGE('',*,*,#1177,.F.);
#707=ORIENTED_EDGE('',*,*,#1429,.T.);
#708=ORIENTED_EDGE('',*,*,#1466,.T.);
#709=ORIENTED_EDGE('',*,*,#1467,.T.);
#710=ORIENTED_EDGE('',*,*,#1468,.F.);
#711=ORIENTED_EDGE('',*,*,#1427,.F.);
#712=ORIENTED_EDGE('',*,*,#1179,.T.);
#713=ORIENTED_EDGE('',*,*,#1469,.F.);
#714=ORIENTED_EDGE('',*,*,#1466,.F.);
#715=ORIENTED_EDGE('',*,*,#1428,.T.);
#716=ORIENTED_EDGE('',*,*,#1468,.T.);
#717=ORIENTED_EDGE('',*,*,#1470,.F.);
#718=ORIENTED_EDGE('',*,*,#1471,.T.);
#719=ORIENTED_EDGE('',*,*,#1472,.T.);
#720=ORIENTED_EDGE('',*,*,#1473,.F.);
#721=ORIENTED_EDGE('',*,*,#1467,.F.);
#722=ORIENTED_EDGE('',*,*,#1178,.F.);
#723=ORIENTED_EDGE('',*,*,#1465,.T.);
#724=ORIENTED_EDGE('',*,*,#1469,.T.);
#725=ORIENTED_EDGE('',*,*,#1443,.F.);
#726=ORIENTED_EDGE('',*,*,#1474,.F.);
#727=ORIENTED_EDGE('',*,*,#1475,.T.);
#728=ORIENTED_EDGE('',*,*,#1474,.T.);
#729=ORIENTED_EDGE('',*,*,#1459,.T.);
#730=ORIENTED_EDGE('',*,*,#1476,.F.);
#731=ORIENTED_EDGE('',*,*,#1477,.T.);
#732=ORIENTED_EDGE('',*,*,#1476,.T.);
#733=ORIENTED_EDGE('',*,*,#1460,.T.);
#734=ORIENTED_EDGE('',*,*,#1478,.F.);
#735=ORIENTED_EDGE('',*,*,#1479,.T.);
#736=ORIENTED_EDGE('',*,*,#1478,.T.);
#737=ORIENTED_EDGE('',*,*,#1461,.T.);
#738=ORIENTED_EDGE('',*,*,#1480,.F.);
#739=ORIENTED_EDGE('',*,*,#1481,.T.);
#740=ORIENTED_EDGE('',*,*,#1480,.T.);
#741=ORIENTED_EDGE('',*,*,#1462,.T.);
#742=ORIENTED_EDGE('',*,*,#1482,.F.);
#743=ORIENTED_EDGE('',*,*,#1483,.T.);
#744=ORIENTED_EDGE('',*,*,#1482,.T.);
#745=ORIENTED_EDGE('',*,*,#1463,.T.);
#746=ORIENTED_EDGE('',*,*,#1484,.T.);
#747=ORIENTED_EDGE('',*,*,#1485,.T.);
#748=ORIENTED_EDGE('',*,*,#1484,.F.);
#749=ORIENTED_EDGE('',*,*,#1442,.F.);
#750=ORIENTED_EDGE('',*,*,#1486,.F.);
#751=ORIENTED_EDGE('',*,*,#1487,.T.);
#752=ORIENTED_EDGE('',*,*,#1486,.T.);
#753=ORIENTED_EDGE('',*,*,#1464,.T.);
#754=ORIENTED_EDGE('',*,*,#1488,.T.);
#755=ORIENTED_EDGE('',*,*,#1489,.T.);
#756=ORIENTED_EDGE('',*,*,#1488,.F.);
#757=ORIENTED_EDGE('',*,*,#1490,.T.);
#758=ORIENTED_EDGE('',*,*,#1491,.T.);
#759=ORIENTED_EDGE('',*,*,#1415,.T.);
#760=ORIENTED_EDGE('',*,*,#1492,.T.);
#761=ORIENTED_EDGE('',*,*,#1493,.F.);
#762=ORIENTED_EDGE('',*,*,#1494,.T.);
#763=ORIENTED_EDGE('',*,*,#1490,.F.);
#764=ORIENTED_EDGE('',*,*,#1495,.T.);
#765=ORIENTED_EDGE('',*,*,#1403,.T.);
#766=ORIENTED_EDGE('',*,*,#1439,.T.);
#767=ORIENTED_EDGE('',*,*,#1417,.F.);
#768=ORIENTED_EDGE('',*,*,#1496,.T.);
#769=ORIENTED_EDGE('',*,*,#1493,.T.);
#770=ORIENTED_EDGE('',*,*,#1438,.T.);
#771=ORIENTED_EDGE('',*,*,#1497,.F.);
#772=ORIENTED_EDGE('',*,*,#1498,.T.);
#773=ORIENTED_EDGE('',*,*,#1174,.F.);
#774=ORIENTED_EDGE('',*,*,#1499,.T.);
#775=ORIENTED_EDGE('',*,*,#1500,.T.);
#776=ORIENTED_EDGE('',*,*,#1432,.F.);
#777=ORIENTED_EDGE('',*,*,#1501,.F.);
#778=ORIENTED_EDGE('',*,*,#1502,.T.);
#779=ORIENTED_EDGE('',*,*,#1500,.F.);
#780=ORIENTED_EDGE('',*,*,#1503,.T.);
#781=ORIENTED_EDGE('',*,*,#1504,.T.);
#782=ORIENTED_EDGE('',*,*,#1505,.T.);
#783=ORIENTED_EDGE('',*,*,#1422,.T.);
#784=ORIENTED_EDGE('',*,*,#1433,.T.);
#785=ORIENTED_EDGE('',*,*,#1504,.F.);
#786=ORIENTED_EDGE('',*,*,#1506,.T.);
#787=ORIENTED_EDGE('',*,*,#1172,.T.);
#788=ORIENTED_EDGE('',*,*,#1507,.T.);
#789=ORIENTED_EDGE('',*,*,#1508,.F.);
#790=ORIENTED_EDGE('',*,*,#1509,.T.);
#791=ORIENTED_EDGE('',*,*,#1510,.T.);
#792=ORIENTED_EDGE('',*,*,#1511,.F.);
#793=ORIENTED_EDGE('',*,*,#1512,.T.);
#794=ORIENTED_EDGE('',*,*,#1457,.F.);
#795=ORIENTED_EDGE('',*,*,#1513,.F.);
#796=ORIENTED_EDGE('',*,*,#1511,.T.);
#797=ORIENTED_EDGE('',*,*,#1514,.F.);
#798=ORIENTED_EDGE('',*,*,#1458,.T.);
#799=ORIENTED_EDGE('',*,*,#1512,.F.);
#800=ORIENTED_EDGE('',*,*,#1510,.F.);
#801=ORIENTED_EDGE('',*,*,#1515,.T.);
#802=ORIENTED_EDGE('',*,*,#1455,.T.);
#803=ORIENTED_EDGE('',*,*,#1515,.F.);
#804=ORIENTED_EDGE('',*,*,#1509,.F.);
#805=ORIENTED_EDGE('',*,*,#1516,.T.);
#806=ORIENTED_EDGE('',*,*,#1513,.T.);
#807=ORIENTED_EDGE('',*,*,#1456,.F.);
#808=ORIENTED_EDGE('',*,*,#1516,.F.);
#809=ORIENTED_EDGE('',*,*,#1508,.T.);
#810=ORIENTED_EDGE('',*,*,#1517,.T.);
#811=ORIENTED_EDGE('',*,*,#1518,.F.);
#812=ORIENTED_EDGE('',*,*,#1519,.F.);
#813=ORIENTED_EDGE('',*,*,#1514,.T.);
#814=ORIENTED_EDGE('',*,*,#1517,.F.);
#815=ORIENTED_EDGE('',*,*,#1519,.T.);
#816=ORIENTED_EDGE('',*,*,#1518,.T.);
#817=ORIENTED_EDGE('',*,*,#1202,.F.);
#818=ORIENTED_EDGE('',*,*,#1520,.F.);
#819=ORIENTED_EDGE('',*,*,#1521,.T.);
#820=ORIENTED_EDGE('',*,*,#1522,.T.);
#821=ORIENTED_EDGE('',*,*,#1207,.T.);
#822=ORIENTED_EDGE('',*,*,#1523,.F.);
#823=ORIENTED_EDGE('',*,*,#1524,.F.);
#824=ORIENTED_EDGE('',*,*,#1520,.T.);
#825=ORIENTED_EDGE('',*,*,#1206,.T.);
#826=ORIENTED_EDGE('',*,*,#1525,.F.);
#827=ORIENTED_EDGE('',*,*,#1526,.F.);
#828=ORIENTED_EDGE('',*,*,#1523,.T.);
#829=ORIENTED_EDGE('',*,*,#1205,.F.);
#830=ORIENTED_EDGE('',*,*,#1527,.F.);
#831=ORIENTED_EDGE('',*,*,#1528,.T.);
#832=ORIENTED_EDGE('',*,*,#1525,.T.);
#833=ORIENTED_EDGE('',*,*,#1204,.T.);
#834=ORIENTED_EDGE('',*,*,#1529,.F.);
#835=ORIENTED_EDGE('',*,*,#1530,.F.);
#836=ORIENTED_EDGE('',*,*,#1527,.T.);
#837=ORIENTED_EDGE('',*,*,#1203,.T.);
#838=ORIENTED_EDGE('',*,*,#1522,.F.);
#839=ORIENTED_EDGE('',*,*,#1531,.F.);
#840=ORIENTED_EDGE('',*,*,#1529,.T.);
#841=ORIENTED_EDGE('',*,*,#1521,.F.);
#842=ORIENTED_EDGE('',*,*,#1524,.T.);
#843=ORIENTED_EDGE('',*,*,#1526,.T.);
#844=ORIENTED_EDGE('',*,*,#1528,.F.);
#845=ORIENTED_EDGE('',*,*,#1530,.T.);
#846=ORIENTED_EDGE('',*,*,#1531,.T.);
#847=ORIENTED_EDGE('',*,*,#1169,.F.);
#848=ORIENTED_EDGE('',*,*,#1435,.F.);
#849=ORIENTED_EDGE('',*,*,#1532,.T.);
#850=ORIENTED_EDGE('',*,*,#1424,.T.);
#851=ORIENTED_EDGE('',*,*,#1532,.F.);
#852=ORIENTED_EDGE('',*,*,#1434,.T.);
#853=ORIENTED_EDGE('',*,*,#1425,.F.);
#854=ORIENTED_EDGE('',*,*,#1175,.T.);
#855=ORIENTED_EDGE('',*,*,#1502,.F.);
#856=ORIENTED_EDGE('',*,*,#1533,.F.);
#857=ORIENTED_EDGE('',*,*,#1430,.T.);
#858=ORIENTED_EDGE('',*,*,#1501,.T.);
#859=ORIENTED_EDGE('',*,*,#1431,.T.);
#860=ORIENTED_EDGE('',*,*,#1533,.T.);
#861=ORIENTED_EDGE('',*,*,#1409,.F.);
#862=ORIENTED_EDGE('',*,*,#1534,.F.);
#863=ORIENTED_EDGE('',*,*,#1535,.T.);
#864=ORIENTED_EDGE('',*,*,#1536,.T.);
#865=ORIENTED_EDGE('',*,*,#1414,.F.);
#866=ORIENTED_EDGE('',*,*,#1537,.F.);
#867=ORIENTED_EDGE('',*,*,#1538,.T.);
#868=ORIENTED_EDGE('',*,*,#1534,.T.);
#869=ORIENTED_EDGE('',*,*,#1413,.T.);
#870=ORIENTED_EDGE('',*,*,#1539,.F.);
#871=ORIENTED_EDGE('',*,*,#1540,.F.);
#872=ORIENTED_EDGE('',*,*,#1537,.T.);
#873=ORIENTED_EDGE('',*,*,#1412,.T.);
#874=ORIENTED_EDGE('',*,*,#1541,.F.);
#875=ORIENTED_EDGE('',*,*,#1542,.F.);
#876=ORIENTED_EDGE('',*,*,#1539,.T.);
#877=ORIENTED_EDGE('',*,*,#1411,.F.);
#878=ORIENTED_EDGE('',*,*,#1543,.F.);
#879=ORIENTED_EDGE('',*,*,#1544,.T.);
#880=ORIENTED_EDGE('',*,*,#1541,.T.);
#881=ORIENTED_EDGE('',*,*,#1410,.T.);
#882=ORIENTED_EDGE('',*,*,#1536,.F.);
#883=ORIENTED_EDGE('',*,*,#1545,.F.);
#884=ORIENTED_EDGE('',*,*,#1543,.T.);
#885=ORIENTED_EDGE('',*,*,#1535,.F.);
#886=ORIENTED_EDGE('',*,*,#1538,.F.);
#887=ORIENTED_EDGE('',*,*,#1540,.T.);
#888=ORIENTED_EDGE('',*,*,#1542,.T.);
#889=ORIENTED_EDGE('',*,*,#1544,.F.);
#890=ORIENTED_EDGE('',*,*,#1545,.T.);
#891=ORIENTED_EDGE('',*,*,#1418,.F.);
#892=ORIENTED_EDGE('',*,*,#1498,.F.);
#893=ORIENTED_EDGE('',*,*,#1546,.T.);
#894=ORIENTED_EDGE('',*,*,#1436,.T.);
#895=ORIENTED_EDGE('',*,*,#1546,.F.);
#896=ORIENTED_EDGE('',*,*,#1497,.T.);
#897=ORIENTED_EDGE('',*,*,#1437,.T.);
#898=ORIENTED_EDGE('',*,*,#1420,.T.);
#899=ORIENTED_EDGE('',*,*,#1441,.F.);
#900=ORIENTED_EDGE('',*,*,#1547,.F.);
#901=ORIENTED_EDGE('',*,*,#1406,.T.);
#902=ORIENTED_EDGE('',*,*,#1407,.F.);
#903=ORIENTED_EDGE('',*,*,#1547,.T.);
#904=ORIENTED_EDGE('',*,*,#1440,.T.);
#905=ORIENTED_EDGE('',*,*,#1494,.F.);
#906=ORIENTED_EDGE('',*,*,#1496,.F.);
#907=ORIENTED_EDGE('',*,*,#1416,.F.);
#908=ORIENTED_EDGE('',*,*,#1491,.F.);
#909=ORIENTED_EDGE('',*,*,#1495,.F.);
#910=ORIENTED_EDGE('',*,*,#1492,.F.);
#911=ORIENTED_EDGE('',*,*,#1421,.F.);
#912=ORIENTED_EDGE('',*,*,#1404,.F.);
#913=ORIENTED_EDGE('',*,*,#1503,.F.);
#914=ORIENTED_EDGE('',*,*,#1499,.F.);
#915=ORIENTED_EDGE('',*,*,#1173,.F.);
#916=ORIENTED_EDGE('',*,*,#1506,.F.);
#917=ORIENTED_EDGE('',*,*,#1505,.F.);
#918=ORIENTED_EDGE('',*,*,#1507,.F.);
#919=ORIENTED_EDGE('',*,*,#1171,.F.);
#920=ORIENTED_EDGE('',*,*,#1423,.F.);
#921=ORIENTED_EDGE('',*,*,#1489,.F.);
#922=ORIENTED_EDGE('',*,*,#1548,.T.);
#923=ORIENTED_EDGE('',*,*,#1487,.F.);
#924=ORIENTED_EDGE('',*,*,#1549,.T.);
#925=ORIENTED_EDGE('',*,*,#1485,.F.);
#926=ORIENTED_EDGE('',*,*,#1550,.T.);
#927=ORIENTED_EDGE('',*,*,#1483,.F.);
#928=ORIENTED_EDGE('',*,*,#1551,.T.);
#929=ORIENTED_EDGE('',*,*,#1481,.F.);
#930=ORIENTED_EDGE('',*,*,#1552,.T.);
#931=ORIENTED_EDGE('',*,*,#1479,.F.);
#932=ORIENTED_EDGE('',*,*,#1553,.T.);
#933=ORIENTED_EDGE('',*,*,#1477,.F.);
#934=ORIENTED_EDGE('',*,*,#1554,.T.);
#935=ORIENTED_EDGE('',*,*,#1475,.F.);
#936=ORIENTED_EDGE('',*,*,#1555,.T.);
#937=ORIENTED_EDGE('',*,*,#1445,.T.);
#938=ORIENTED_EDGE('',*,*,#1390,.F.);
#939=ORIENTED_EDGE('',*,*,#1556,.F.);
#940=ORIENTED_EDGE('',*,*,#1557,.T.);
#941=ORIENTED_EDGE('',*,*,#1401,.F.);
#942=ORIENTED_EDGE('',*,*,#1558,.T.);
#943=ORIENTED_EDGE('',*,*,#1559,.T.);
#944=ORIENTED_EDGE('',*,*,#1446,.F.);
#945=ORIENTED_EDGE('',*,*,#1558,.F.);
#946=ORIENTED_EDGE('',*,*,#1400,.T.);
#947=ORIENTED_EDGE('',*,*,#1444,.T.);
#948=ORIENTED_EDGE('',*,*,#1559,.F.);
#949=ORIENTED_EDGE('',*,*,#1399,.F.);
#950=ORIENTED_EDGE('',*,*,#1560,.F.);
#951=ORIENTED_EDGE('',*,*,#1561,.F.);
#952=ORIENTED_EDGE('',*,*,#1388,.T.);
#953=ORIENTED_EDGE('',*,*,#1562,.F.);
#954=ORIENTED_EDGE('',*,*,#1402,.F.);
#955=ORIENTED_EDGE('',*,*,#1557,.F.);
#956=ORIENTED_EDGE('',*,*,#1563,.T.);
#957=ORIENTED_EDGE('',*,*,#1560,.T.);
#958=ORIENTED_EDGE('',*,*,#1398,.F.);
#959=ORIENTED_EDGE('',*,*,#1564,.F.);
#960=ORIENTED_EDGE('',*,*,#1565,.T.);
#961=ORIENTED_EDGE('',*,*,#1563,.F.);
#962=ORIENTED_EDGE('',*,*,#1556,.T.);
#963=ORIENTED_EDGE('',*,*,#1389,.T.);
#964=ORIENTED_EDGE('',*,*,#1561,.T.);
#965=ORIENTED_EDGE('',*,*,#1566,.T.);
#966=ORIENTED_EDGE('',*,*,#1391,.F.);
#967=ORIENTED_EDGE('',*,*,#1567,.F.);
#968=ORIENTED_EDGE('',*,*,#1565,.F.);
#969=ORIENTED_EDGE('',*,*,#1395,.T.);
#970=ORIENTED_EDGE('',*,*,#1562,.T.);
#971=ORIENTED_EDGE('',*,*,#1567,.T.);
#972=ORIENTED_EDGE('',*,*,#1394,.T.);
#973=ORIENTED_EDGE('',*,*,#1568,.F.);
#974=ORIENTED_EDGE('',*,*,#1569,.F.);
#975=ORIENTED_EDGE('',*,*,#1393,.T.);
#976=ORIENTED_EDGE('',*,*,#1570,.F.);
#977=ORIENTED_EDGE('',*,*,#1571,.F.);
#978=ORIENTED_EDGE('',*,*,#1568,.T.);
#979=ORIENTED_EDGE('',*,*,#1397,.T.);
#980=ORIENTED_EDGE('',*,*,#1572,.F.);
#981=ORIENTED_EDGE('',*,*,#1570,.T.);
#982=ORIENTED_EDGE('',*,*,#1392,.T.);
#983=ORIENTED_EDGE('',*,*,#1566,.F.);
#984=ORIENTED_EDGE('',*,*,#1564,.T.);
#985=ORIENTED_EDGE('',*,*,#1569,.T.);
#986=ORIENTED_EDGE('',*,*,#1571,.T.);
#987=ORIENTED_EDGE('',*,*,#1572,.T.);
#988=ORIENTED_EDGE('',*,*,#1396,.F.);
#989=ORIENTED_EDGE('',*,*,#1453,.F.);
#990=ORIENTED_EDGE('',*,*,#1573,.T.);
#991=ORIENTED_EDGE('',*,*,#1371,.T.);
#992=ORIENTED_EDGE('',*,*,#1574,.T.);
#993=ORIENTED_EDGE('',*,*,#1447,.F.);
#994=ORIENTED_EDGE('',*,*,#1575,.T.);
#995=ORIENTED_EDGE('',*,*,#1377,.T.);
#996=ORIENTED_EDGE('',*,*,#1576,.T.);
#997=ORIENTED_EDGE('',*,*,#1449,.F.);
#998=ORIENTED_EDGE('',*,*,#1577,.T.);
#999=ORIENTED_EDGE('',*,*,#1375,.T.);
#1000=ORIENTED_EDGE('',*,*,#1578,.T.);
#1001=ORIENTED_EDGE('',*,*,#1373,.T.);
#1002=ORIENTED_EDGE('',*,*,#1579,.T.);
#1003=ORIENTED_EDGE('',*,*,#1451,.F.);
#1004=ORIENTED_EDGE('',*,*,#1580,.T.);
#1005=ORIENTED_EDGE('',*,*,#1381,.F.);
#1006=ORIENTED_EDGE('',*,*,#1581,.T.);
#1007=ORIENTED_EDGE('',*,*,#1582,.T.);
#1008=ORIENTED_EDGE('',*,*,#1583,.T.);
#1009=ORIENTED_EDGE('',*,*,#1379,.T.);
#1010=ORIENTED_EDGE('',*,*,#1584,.T.);
#1011=ORIENTED_EDGE('',*,*,#1585,.F.);
#1012=ORIENTED_EDGE('',*,*,#1586,.T.);
#1013=ORIENTED_EDGE('',*,*,#1385,.T.);
#1014=ORIENTED_EDGE('',*,*,#1587,.T.);
#1015=ORIENTED_EDGE('',*,*,#1588,.F.);
#1016=ORIENTED_EDGE('',*,*,#1589,.T.);
#1017=ORIENTED_EDGE('',*,*,#1590,.T.);
#1018=ORIENTED_EDGE('',*,*,#1591,.T.);
#1019=ORIENTED_EDGE('',*,*,#1383,.F.);
#1020=ORIENTED_EDGE('',*,*,#1592,.T.);
#1021=ORIENTED_EDGE('',*,*,#1588,.T.);
#1022=ORIENTED_EDGE('',*,*,#1593,.T.);
#1023=ORIENTED_EDGE('',*,*,#1590,.F.);
#1024=ORIENTED_EDGE('',*,*,#1594,.T.);
#1025=ORIENTED_EDGE('',*,*,#1582,.F.);
#1026=ORIENTED_EDGE('',*,*,#1595,.T.);
#1027=ORIENTED_EDGE('',*,*,#1585,.T.);
#1028=ORIENTED_EDGE('',*,*,#1596,.T.);
#1029=ORIENTED_EDGE('',*,*,#1593,.F.);
#1030=ORIENTED_EDGE('',*,*,#1587,.F.);
#1031=ORIENTED_EDGE('',*,*,#1384,.F.);
#1032=ORIENTED_EDGE('',*,*,#1591,.F.);
#1033=ORIENTED_EDGE('',*,*,#1596,.F.);
#1034=ORIENTED_EDGE('',*,*,#1584,.F.);
#1035=ORIENTED_EDGE('',*,*,#1386,.F.);
#1036=ORIENTED_EDGE('',*,*,#1589,.F.);
#1037=ORIENTED_EDGE('',*,*,#1595,.F.);
#1038=ORIENTED_EDGE('',*,*,#1581,.F.);
#1039=ORIENTED_EDGE('',*,*,#1380,.F.);
#1040=ORIENTED_EDGE('',*,*,#1586,.F.);
#1041=ORIENTED_EDGE('',*,*,#1594,.F.);
#1042=ORIENTED_EDGE('',*,*,#1592,.F.);
#1043=ORIENTED_EDGE('',*,*,#1382,.F.);
#1044=ORIENTED_EDGE('',*,*,#1583,.F.);
#1045=ORIENTED_EDGE('',*,*,#1372,.F.);
#1046=ORIENTED_EDGE('',*,*,#1573,.F.);
#1047=ORIENTED_EDGE('',*,*,#1452,.F.);
#1048=ORIENTED_EDGE('',*,*,#1579,.F.);
#1049=ORIENTED_EDGE('',*,*,#1378,.F.);
#1050=ORIENTED_EDGE('',*,*,#1575,.F.);
#1051=ORIENTED_EDGE('',*,*,#1454,.F.);
#1052=ORIENTED_EDGE('',*,*,#1574,.F.);
#1053=ORIENTED_EDGE('',*,*,#1376,.F.);
#1054=ORIENTED_EDGE('',*,*,#1577,.F.);
#1055=ORIENTED_EDGE('',*,*,#1448,.F.);
#1056=ORIENTED_EDGE('',*,*,#1576,.F.);
#1057=ORIENTED_EDGE('',*,*,#1374,.F.);
#1058=ORIENTED_EDGE('',*,*,#1580,.F.);
#1059=ORIENTED_EDGE('',*,*,#1450,.F.);
#1060=ORIENTED_EDGE('',*,*,#1578,.F.);
#1061=ORIENTED_EDGE('',*,*,#1471,.F.);
#1062=ORIENTED_EDGE('',*,*,#1597,.F.);
#1063=ORIENTED_EDGE('',*,*,#1598,.F.);
#1064=ORIENTED_EDGE('',*,*,#1599,.F.);
#1065=ORIENTED_EDGE('',*,*,#1600,.T.);
#1066=ORIENTED_EDGE('',*,*,#1601,.T.);
#1067=ORIENTED_EDGE('',*,*,#1602,.F.);
#1068=ORIENTED_EDGE('',*,*,#1603,.T.);
#1069=ORIENTED_EDGE('',*,*,#1470,.T.);
#1070=ORIENTED_EDGE('',*,*,#1604,.F.);
#1071=ORIENTED_EDGE('',*,*,#1605,.F.);
#1072=ORIENTED_EDGE('',*,*,#1597,.T.);
#1073=ORIENTED_EDGE('',*,*,#1473,.T.);
#1074=ORIENTED_EDGE('',*,*,#1606,.F.);
#1075=ORIENTED_EDGE('',*,*,#1607,.F.);
#1076=ORIENTED_EDGE('',*,*,#1604,.T.);
#1077=ORIENTED_EDGE('',*,*,#1472,.F.);
#1078=ORIENTED_EDGE('',*,*,#1603,.F.);
#1079=ORIENTED_EDGE('',*,*,#1608,.T.);
#1080=ORIENTED_EDGE('',*,*,#1606,.T.);
#1081=ORIENTED_EDGE('',*,*,#1550,.F.);
#1082=ORIENTED_EDGE('',*,*,#1554,.F.);
#1083=ORIENTED_EDGE('',*,*,#1552,.F.);
#1084=ORIENTED_EDGE('',*,*,#1553,.F.);
#1085=ORIENTED_EDGE('',*,*,#1555,.F.);
#1086=ORIENTED_EDGE('',*,*,#1549,.F.);
#1087=ORIENTED_EDGE('',*,*,#1548,.F.);
#1088=ORIENTED_EDGE('',*,*,#1551,.F.);
#1089=ORIENTED_EDGE('',*,*,#1600,.F.);
#1090=ORIENTED_EDGE('',*,*,#1609,.F.);
#1091=ORIENTED_EDGE('',*,*,#1610,.T.);
#1092=ORIENTED_EDGE('',*,*,#1611,.T.);
#1093=ORIENTED_EDGE('',*,*,#1612,.F.);
#1094=ORIENTED_EDGE('',*,*,#1613,.T.);
#1095=ORIENTED_EDGE('',*,*,#1614,.F.);
#1096=ORIENTED_EDGE('',*,*,#1615,.F.);
#1097=ORIENTED_EDGE('',*,*,#1616,.F.);
#1098=ORIENTED_EDGE('',*,*,#1617,.F.);
#1099=ORIENTED_EDGE('',*,*,#1609,.T.);
#1100=ORIENTED_EDGE('',*,*,#1599,.T.);
#1101=ORIENTED_EDGE('',*,*,#1618,.T.);
#1102=ORIENTED_EDGE('',*,*,#1619,.F.);
#1103=ORIENTED_EDGE('',*,*,#1610,.F.);
#1104=ORIENTED_EDGE('',*,*,#1617,.T.);
#1105=ORIENTED_EDGE('',*,*,#1620,.T.);
#1106=ORIENTED_EDGE('',*,*,#1601,.F.);
#1107=ORIENTED_EDGE('',*,*,#1611,.F.);
#1108=ORIENTED_EDGE('',*,*,#1619,.T.);
#1109=ORIENTED_EDGE('',*,*,#1598,.T.);
#1110=ORIENTED_EDGE('',*,*,#1605,.T.);
#1111=ORIENTED_EDGE('',*,*,#1607,.T.);
#1112=ORIENTED_EDGE('',*,*,#1608,.F.);
#1113=ORIENTED_EDGE('',*,*,#1602,.T.);
#1114=ORIENTED_EDGE('',*,*,#1620,.F.);
#1115=ORIENTED_EDGE('',*,*,#1618,.F.);
#1116=ORIENTED_EDGE('',*,*,#1616,.T.);
#1117=ORIENTED_EDGE('',*,*,#1613,.F.);
#1118=ORIENTED_EDGE('',*,*,#1621,.F.);
#1119=ORIENTED_EDGE('',*,*,#1622,.T.);
#1120=ORIENTED_EDGE('',*,*,#1623,.T.);
#1121=ORIENTED_EDGE('',*,*,#1612,.T.);
#1122=ORIENTED_EDGE('',*,*,#1624,.F.);
#1123=ORIENTED_EDGE('',*,*,#1625,.F.);
#1124=ORIENTED_EDGE('',*,*,#1621,.T.);
#1125=ORIENTED_EDGE('',*,*,#1615,.T.);
#1126=ORIENTED_EDGE('',*,*,#1626,.F.);
#1127=ORIENTED_EDGE('',*,*,#1627,.F.);
#1128=ORIENTED_EDGE('',*,*,#1624,.T.);
#1129=ORIENTED_EDGE('',*,*,#1614,.T.);
#1130=ORIENTED_EDGE('',*,*,#1623,.F.);
#1131=ORIENTED_EDGE('',*,*,#1628,.F.);
#1132=ORIENTED_EDGE('',*,*,#1626,.T.);
#1133=ORIENTED_EDGE('',*,*,#1622,.F.);
#1134=ORIENTED_EDGE('',*,*,#1625,.T.);
#1135=ORIENTED_EDGE('',*,*,#1627,.T.);
#1136=ORIENTED_EDGE('',*,*,#1628,.T.);
#1137=EDGE_CURVE('',#1629,#1630,#1969,.T.);
#1138=EDGE_CURVE('',#1630,#1631,#1970,.F.);
#1139=EDGE_CURVE('',#1632,#1631,#1971,.T.);
#1140=EDGE_CURVE('',#1632,#1633,#1972,.T.);
#1141=EDGE_CURVE('',#1634,#1633,#1973,.T.);
#1142=EDGE_CURVE('',#1634,#1629,#1974,.T.);
#1143=EDGE_CURVE('',#1635,#1636,#1975,.T.);
#1144=EDGE_CURVE('',#1635,#1637,#1976,.F.);
#1145=EDGE_CURVE('',#1638,#1637,#1977,.T.);
#1146=EDGE_CURVE('',#1638,#1639,#1978,.T.);
#1147=EDGE_CURVE('',#1639,#1640,#1979,.T.);
#1148=EDGE_CURVE('',#1636,#1640,#1980,.T.);
#1149=EDGE_CURVE('',#1641,#1642,#1981,.T.);
#1150=EDGE_CURVE('',#1642,#1643,#1982,.F.);
#1151=EDGE_CURVE('',#1644,#1643,#1983,.T.);
#1152=EDGE_CURVE('',#1644,#1641,#1984,.F.);
#1153=EDGE_CURVE('',#1645,#1646,#1985,.T.);
#1154=EDGE_CURVE('',#1647,#1645,#1986,.T.);
#1155=EDGE_CURVE('',#1648,#1647,#1987,.T.);
#1156=EDGE_CURVE('',#1648,#1649,#1988,.T.);
#1157=EDGE_CURVE('',#1650,#1649,#1989,.T.);
#1158=EDGE_CURVE('',#1651,#1650,#1990,.T.);
#1159=EDGE_CURVE('',#1651,#1652,#1991,.T.);
#1160=EDGE_CURVE('',#1646,#1652,#1992,.T.);
#1161=EDGE_CURVE('',#1639,#1653,#57,.F.);
#1162=EDGE_CURVE('',#1653,#1654,#1993,.T.);
#1163=EDGE_CURVE('',#1654,#1642,#58,.F.);
#1164=EDGE_CURVE('',#1641,#1655,#59,.F.);
#1165=EDGE_CURVE('',#1656,#1655,#1994,.T.);
#1166=EDGE_CURVE('',#1656,#1634,#60,.F.);
#1167=EDGE_CURVE('',#1657,#1633,#1995,.T.);
#1168=EDGE_CURVE('',#1658,#1657,#1996,.T.);
#1169=EDGE_CURVE('',#1658,#1659,#1997,.T.);
#1170=EDGE_CURVE('',#1660,#1659,#1998,.T.);
#1171=EDGE_CURVE('',#1660,#1661,#61,.F.);
#1172=EDGE_CURVE('',#1662,#1661,#1999,.T.);
#1173=EDGE_CURVE('',#1662,#1663,#62,.F.);
#1174=EDGE_CURVE('',#1663,#1664,#2000,.T.);
#1175=EDGE_CURVE('',#1665,#1664,#2001,.T.);
#1176=EDGE_CURVE('',#1666,#1665,#2002,.T.);
#1177=EDGE_CURVE('',#1666,#1667,#2003,.T.);
#1178=EDGE_CURVE('',#1667,#1668,#2004,.T.);
#1179=EDGE_CURVE('',#1669,#1668,#2005,.T.);
#1180=EDGE_CURVE('',#1670,#1669,#2006,.T.);
#1181=EDGE_CURVE('',#1670,#1671,#2007,.T.);
#1182=EDGE_CURVE('',#1672,#1671,#2008,.T.);
#1183=EDGE_CURVE('',#1672,#1673,#63,.F.);
#1184=EDGE_CURVE('',#1673,#1674,#2009,.T.);
#1185=EDGE_CURVE('',#1674,#1675,#64,.F.);
#1186=EDGE_CURVE('',#1676,#1675,#2010,.T.);
#1187=EDGE_CURVE('',#1676,#1677,#65,.F.);
#1188=EDGE_CURVE('',#1678,#1677,#2011,.T.);
#1189=EDGE_CURVE('',#1678,#1679,#66,.F.);
#1190=EDGE_CURVE('',#1679,#1680,#2012,.T.);
#1191=EDGE_CURVE('',#1681,#1680,#2013,.T.);
#1192=EDGE_CURVE('',#1682,#1681,#2014,.T.);
#1193=EDGE_CURVE('',#1682,#1640,#2015,.T.);
#1194=EDGE_CURVE('',#1683,#1684,#2016,.T.);
#1195=EDGE_CURVE('',#1685,#1683,#2017,.T.);
#1196=EDGE_CURVE('',#1686,#1685,#2018,.T.);
#1197=EDGE_CURVE('',#1686,#1687,#2019,.T.);
#1198=EDGE_CURVE('',#1688,#1687,#2020,.T.);
#1199=EDGE_CURVE('',#1689,#1688,#2021,.T.);
#1200=EDGE_CURVE('',#1689,#1690,#2022,.T.);
#1201=EDGE_CURVE('',#1684,#1690,#2023,.T.);
#1202=EDGE_CURVE('',#1691,#1692,#2024,.T.);
#1203=EDGE_CURVE('',#1693,#1692,#2025,.T.);
#1204=EDGE_CURVE('',#1694,#1693,#2026,.T.);
#1205=EDGE_CURVE('',#1694,#1695,#2027,.T.);
#1206=EDGE_CURVE('',#1696,#1695,#2028,.T.);
#1207=EDGE_CURVE('',#1691,#1696,#2029,.T.);
#1208=EDGE_CURVE('',#1637,#1697,#67,.T.);
#1209=EDGE_CURVE('',#1698,#1697,#2030,.T.);
#1210=EDGE_CURVE('',#1698,#1630,#68,.T.);
#1211=EDGE_CURVE('',#1629,#1644,#69,.T.);
#1212=EDGE_CURVE('',#1643,#1638,#70,.T.);
#1213=EDGE_CURVE('',#1699,#1645,#2031,.T.);
#1214=EDGE_CURVE('',#1700,#1699,#2032,.T.);
#1215=EDGE_CURVE('',#1700,#1647,#2033,.T.);
#1216=EDGE_CURVE('',#1701,#1646,#2034,.T.);
#1217=EDGE_CURVE('',#1699,#1701,#2035,.T.);
#1218=EDGE_CURVE('',#1702,#1652,#2036,.T.);
#1219=EDGE_CURVE('',#1701,#1702,#2037,.T.);
#1220=EDGE_CURVE('',#1703,#1651,#2038,.T.);
#1221=EDGE_CURVE('',#1703,#1702,#2039,.T.);
#1222=EDGE_CURVE('',#1704,#1650,#2040,.T.);
#1223=EDGE_CURVE('',#1703,#1704,#2041,.T.);
#1224=EDGE_CURVE('',#1705,#1649,#2042,.T.);
#1225=EDGE_CURVE('',#1704,#1705,#2043,.T.);
#1226=EDGE_CURVE('',#1706,#1648,#2044,.T.);
#1227=EDGE_CURVE('',#1706,#1705,#2045,.T.);
#1228=EDGE_CURVE('',#1706,#1700,#2046,.T.);
#1229=EDGE_CURVE('',#1707,#1632,#2047,.T.);
#1230=EDGE_CURVE('',#1707,#1657,#2048,.T.);
#1231=EDGE_CURVE('',#1631,#1708,#71,.T.);
#1232=EDGE_CURVE('',#1708,#1707,#2049,.T.);
#1233=EDGE_CURVE('',#1709,#1682,#2050,.T.);
#1234=EDGE_CURVE('',#1709,#1636,#2051,.T.);
#1235=EDGE_CURVE('',#1709,#1710,#2052,.T.);
#1236=EDGE_CURVE('',#1710,#1635,#72,.T.);
#1237=EDGE_CURVE('',#1653,#1711,#2053,.F.);
#1238=EDGE_CURVE('',#1711,#1712,#2054,.T.);
#1239=EDGE_CURVE('',#1712,#1654,#2055,.T.);
#1240=EDGE_CURVE('',#1711,#1712,#73,.T.);
#1241=EDGE_CURVE('',#1655,#1713,#2056,.T.);
#1242=EDGE_CURVE('',#1714,#1713,#2057,.T.);
#1243=EDGE_CURVE('',#1714,#1656,#2058,.F.);
#1244=EDGE_CURVE('',#1713,#1714,#74,.T.);
#1245=EDGE_CURVE('',#1697,#1710,#2059,.T.);
#1246=EDGE_CURVE('',#1708,#1698,#2060,.T.);
#1247=EDGE_CURVE('',#1715,#1716,#2061,.T.);
#1248=EDGE_CURVE('',#1716,#1717,#2062,.F.);
#1249=EDGE_CURVE('',#1718,#1717,#2063,.T.);
#1250=EDGE_CURVE('',#1718,#1680,#2064,.T.);
#1251=EDGE_CURVE('',#1679,#1715,#2065,.T.);
#1252=EDGE_CURVE('',#1719,#1720,#2066,.T.);
#1253=EDGE_CURVE('',#1719,#1721,#2067,.F.);
#1254=EDGE_CURVE('',#1722,#1721,#2068,.T.);
#1255=EDGE_CURVE('',#1722,#1672,#2069,.T.);
#1256=EDGE_CURVE('',#1720,#1671,#2070,.T.);
#1257=EDGE_CURVE('',#1675,#1723,#2071,.F.);
#1258=EDGE_CURVE('',#1724,#1723,#2072,.T.);
#1259=EDGE_CURVE('',#1724,#1676,#2073,.F.);
#1260=EDGE_CURVE('',#1721,#1725,#75,.T.);
#1261=EDGE_CURVE('',#1726,#1725,#2074,.T.);
#1262=EDGE_CURVE('',#1726,#1716,#76,.T.);
#1263=EDGE_CURVE('',#1715,#1724,#77,.T.);
#1264=EDGE_CURVE('',#1723,#1722,#78,.T.);
#1265=EDGE_CURVE('',#1727,#1683,#2075,.T.);
#1266=EDGE_CURVE('',#1728,#1727,#2076,.T.);
#1267=EDGE_CURVE('',#1728,#1685,#2077,.T.);
#1268=EDGE_CURVE('',#1729,#1684,#2078,.T.);
#1269=EDGE_CURVE('',#1727,#1729,#2079,.T.);
#1270=EDGE_CURVE('',#1730,#1690,#2080,.T.);
#1271=EDGE_CURVE('',#1729,#1730,#2081,.T.);
#1272=EDGE_CURVE('',#1731,#1689,#2082,.T.);
#1273=EDGE_CURVE('',#1731,#1730,#2083,.T.);
#1274=EDGE_CURVE('',#1732,#1688,#2084,.T.);
#1275=EDGE_CURVE('',#1731,#1732,#2085,.T.);
#1276=EDGE_CURVE('',#1733,#1687,#2086,.T.);
#1277=EDGE_CURVE('',#1732,#1733,#2087,.T.);
#1278=EDGE_CURVE('',#1734,#1686,#2088,.T.);
#1279=EDGE_CURVE('',#1734,#1733,#2089,.T.);
#1280=EDGE_CURVE('',#1734,#1728,#2090,.T.);
#1281=EDGE_CURVE('',#1735,#1718,#2091,.T.);
#1282=EDGE_CURVE('',#1735,#1681,#2092,.T.);
#1283=EDGE_CURVE('',#1717,#1736,#79,.T.);
#1284=EDGE_CURVE('',#1736,#1735,#2093,.T.);
#1285=EDGE_CURVE('',#1737,#1670,#2094,.T.);
#1286=EDGE_CURVE('',#1737,#1720,#2095,.T.);
#1287=EDGE_CURVE('',#1737,#1738,#2096,.T.);
#1288=EDGE_CURVE('',#1738,#1719,#80,.T.);
#1289=EDGE_CURVE('',#1673,#1739,#2097,.F.);
#1290=EDGE_CURVE('',#1739,#1740,#2098,.T.);
#1291=EDGE_CURVE('',#1740,#1674,#2099,.T.);
#1292=EDGE_CURVE('',#1739,#1740,#81,.T.);
#1293=EDGE_CURVE('',#1677,#1741,#2100,.T.);
#1294=EDGE_CURVE('',#1742,#1741,#2101,.T.);
#1295=EDGE_CURVE('',#1742,#1678,#2102,.F.);
#1296=EDGE_CURVE('',#1741,#1742,#82,.T.);
#1297=EDGE_CURVE('',#1725,#1738,#2103,.T.);
#1298=EDGE_CURVE('',#1736,#1726,#2104,.T.);
#1299=EDGE_CURVE('',#1743,#1744,#2105,.T.);
#1300=EDGE_CURVE('',#1744,#1745,#2106,.F.);
#1301=EDGE_CURVE('',#1746,#1745,#2107,.T.);
#1302=EDGE_CURVE('',#1746,#1747,#2108,.T.);
#1303=EDGE_CURVE('',#1748,#1747,#2109,.T.);
#1304=EDGE_CURVE('',#1748,#1743,#2110,.T.);
#1305=EDGE_CURVE('',#1749,#1750,#2111,.T.);
#1306=EDGE_CURVE('',#1749,#1751,#2112,.F.);
#1307=EDGE_CURVE('',#1752,#1751,#2113,.T.);
#1308=EDGE_CURVE('',#1752,#1753,#2114,.T.);
#1309=EDGE_CURVE('',#1753,#1754,#2115,.T.);
#1310=EDGE_CURVE('',#1750,#1754,#2116,.T.);
#1311=EDGE_CURVE('',#1755,#1756,#2117,.T.);
#1312=EDGE_CURVE('',#1756,#1757,#2118,.F.);
#1313=EDGE_CURVE('',#1758,#1757,#2119,.T.);
#1314=EDGE_CURVE('',#1758,#1755,#2120,.F.);
#1315=EDGE_CURVE('',#1759,#1760,#2121,.T.);
#1316=EDGE_CURVE('',#1761,#1759,#2122,.T.);
#1317=EDGE_CURVE('',#1762,#1761,#2123,.T.);
#1318=EDGE_CURVE('',#1762,#1763,#2124,.T.);
#1319=EDGE_CURVE('',#1764,#1763,#2125,.T.);
#1320=EDGE_CURVE('',#1765,#1764,#2126,.T.);
#1321=EDGE_CURVE('',#1765,#1766,#2127,.T.);
#1322=EDGE_CURVE('',#1760,#1766,#2128,.T.);
#1323=EDGE_CURVE('',#1753,#1767,#83,.F.);
#1324=EDGE_CURVE('',#1767,#1768,#2129,.T.);
#1325=EDGE_CURVE('',#1768,#1756,#84,.F.);
#1326=EDGE_CURVE('',#1755,#1769,#85,.F.);
#1327=EDGE_CURVE('',#1770,#1769,#2130,.T.);
#1328=EDGE_CURVE('',#1770,#1748,#86,.F.);
#1329=EDGE_CURVE('',#1771,#1747,#2131,.T.);
#1330=EDGE_CURVE('',#1771,#1772,#2132,.T.);
#1331=EDGE_CURVE('',#1772,#1754,#2133,.T.);
#1332=EDGE_CURVE('',#1751,#1773,#87,.T.);
#1333=EDGE_CURVE('',#1774,#1773,#2134,.T.);
#1334=EDGE_CURVE('',#1774,#1744,#88,.T.);
#1335=EDGE_CURVE('',#1743,#1758,#89,.T.);
#1336=EDGE_CURVE('',#1757,#1752,#90,.T.);
#1337=EDGE_CURVE('',#1775,#1759,#2135,.T.);
#1338=EDGE_CURVE('',#1776,#1775,#2136,.T.);
#1339=EDGE_CURVE('',#1776,#1761,#2137,.T.);
#1340=EDGE_CURVE('',#1777,#1760,#2138,.T.);
#1341=EDGE_CURVE('',#1775,#1777,#2139,.T.);
#1342=EDGE_CURVE('',#1778,#1766,#2140,.T.);
#1343=EDGE_CURVE('',#1777,#1778,#2141,.T.);
#1344=EDGE_CURVE('',#1779,#1765,#2142,.T.);
#1345=EDGE_CURVE('',#1779,#1778,#2143,.T.);
#1346=EDGE_CURVE('',#1780,#1764,#2144,.T.);
#1347=EDGE_CURVE('',#1779,#1780,#2145,.T.);
#1348=EDGE_CURVE('',#1781,#1763,#2146,.T.);
#1349=EDGE_CURVE('',#1780,#1781,#2147,.T.);
#1350=EDGE_CURVE('',#1782,#1762,#2148,.T.);
#1351=EDGE_CURVE('',#1782,#1781,#2149,.T.);
#1352=EDGE_CURVE('',#1782,#1776,#2150,.T.);
#1353=EDGE_CURVE('',#1783,#1746,#2151,.T.);
#1354=EDGE_CURVE('',#1783,#1771,#2152,.T.);
#1355=EDGE_CURVE('',#1745,#1784,#91,.T.);
#1356=EDGE_CURVE('',#1784,#1783,#2153,.T.);
#1357=EDGE_CURVE('',#1785,#1772,#2154,.T.);
#1358=EDGE_CURVE('',#1785,#1750,#2155,.T.);
#1359=EDGE_CURVE('',#1785,#1786,#2156,.T.);
#1360=EDGE_CURVE('',#1786,#1749,#92,.T.);
#1361=EDGE_CURVE('',#1767,#1787,#2157,.F.);
#1362=EDGE_CURVE('',#1787,#1788,#2158,.T.);
#1363=EDGE_CURVE('',#1788,#1768,#2159,.T.);
#1364=EDGE_CURVE('',#1787,#1788,#93,.T.);
#1365=EDGE_CURVE('',#1769,#1789,#2160,.T.);
#1366=EDGE_CURVE('',#1790,#1789,#2161,.T.);
#1367=EDGE_CURVE('',#1790,#1770,#2162,.F.);
#1368=EDGE_CURVE('',#1789,#1790,#94,.T.);
#1369=EDGE_CURVE('',#1773,#1786,#2163,.T.);
#1370=EDGE_CURVE('',#1784,#1774,#2164,.T.);
#1371=EDGE_CURVE('',#1791,#1792,#2165,.T.);
#1372=EDGE_CURVE('',#1791,#1793,#95,.T.);
#1373=EDGE_CURVE('',#1794,#1793,#2166,.T.);
#1374=EDGE_CURVE('',#1794,#1795,#96,.T.);
#1375=EDGE_CURVE('',#1796,#1795,#2167,.T.);
#1376=EDGE_CURVE('',#1796,#1797,#97,.T.);
#1377=EDGE_CURVE('',#1798,#1797,#2168,.T.);
#1378=EDGE_CURVE('',#1798,#1792,#98,.T.);
#1379=EDGE_CURVE('',#1799,#1800,#2169,.T.);
#1380=EDGE_CURVE('',#1799,#1801,#99,.F.);
#1381=EDGE_CURVE('',#1801,#1802,#2170,.T.);
#1382=EDGE_CURVE('',#1802,#1803,#100,.F.);
#1383=EDGE_CURVE('',#1803,#1804,#2171,.T.);
#1384=EDGE_CURVE('',#1804,#1805,#101,.F.);
#1385=EDGE_CURVE('',#1806,#1805,#2172,.T.);
#1386=EDGE_CURVE('',#1806,#1800,#102,.F.);
#1387=EDGE_CURVE('',#1807,#1808,#2173,.T.);
#1388=EDGE_CURVE('',#1809,#1808,#2174,.T.);
#1389=EDGE_CURVE('',#1810,#1809,#2175,.T.);
#1390=EDGE_CURVE('',#1810,#1807,#2176,.T.);
#1391=EDGE_CURVE('',#1811,#1812,#2177,.T.);
#1392=EDGE_CURVE('',#1813,#1812,#2178,.T.);
#1393=EDGE_CURVE('',#1814,#1813,#2179,.T.);
#1394=EDGE_CURVE('',#1811,#1814,#2180,.T.);
#1395=EDGE_CURVE('',#1815,#1816,#2181,.T.);
#1396=EDGE_CURVE('',#1815,#1817,#2182,.T.);
#1397=EDGE_CURVE('',#1818,#1817,#2183,.T.);
#1398=EDGE_CURVE('',#1818,#1819,#2184,.T.);
#1399=EDGE_CURVE('',#1819,#1820,#2185,.T.);
#1400=EDGE_CURVE('',#1821,#1820,#2186,.T.);
#1401=EDGE_CURVE('',#1821,#1822,#2187,.T.);
#1402=EDGE_CURVE('',#1822,#1816,#2188,.T.);
#1403=EDGE_CURVE('',#1823,#1824,#2189,.T.);
#1404=EDGE_CURVE('',#1823,#1825,#2190,.T.);
#1405=EDGE_CURVE('',#1825,#1826,#2191,.T.);
#1406=EDGE_CURVE('',#1827,#1826,#2192,.T.);
#1407=EDGE_CURVE('',#1827,#1828,#2193,.T.);
#1408=EDGE_CURVE('',#1824,#1828,#2194,.T.);
#1409=EDGE_CURVE('',#1829,#1830,#2195,.T.);
#1410=EDGE_CURVE('',#1831,#1830,#2196,.T.);
#1411=EDGE_CURVE('',#1831,#1832,#2197,.T.);
#1412=EDGE_CURVE('',#1833,#1832,#2198,.T.);
#1413=EDGE_CURVE('',#1834,#1833,#2199,.T.);
#1414=EDGE_CURVE('',#1834,#1829,#2200,.T.);
#1415=EDGE_CURVE('',#1835,#1836,#2201,.T.);
#1416=EDGE_CURVE('',#1835,#1837,#103,.F.);
#1417=EDGE_CURVE('',#1837,#1838,#2202,.T.);
#1418=EDGE_CURVE('',#1838,#1839,#2203,.T.);
#1419=EDGE_CURVE('',#1839,#1840,#2204,.T.);
#1420=EDGE_CURVE('',#1826,#1840,#2205,.T.);
#1421=EDGE_CURVE('',#1825,#1836,#104,.F.);
#1422=EDGE_CURVE('',#1841,#1842,#2206,.T.);
#1423=EDGE_CURVE('',#1841,#1660,#2207,.T.);
#1424=EDGE_CURVE('',#1843,#1659,#2208,.T.);
#1425=EDGE_CURVE('',#1843,#1844,#2209,.T.);
#1426=EDGE_CURVE('',#1844,#1842,#2210,.T.);
#1427=EDGE_CURVE('',#1669,#1845,#2211,.T.);
#1428=EDGE_CURVE('',#1846,#1845,#2212,.T.);
#1429=EDGE_CURVE('',#1666,#1846,#2213,.T.);
#1430=EDGE_CURVE('',#1847,#1665,#2214,.T.);
#1431=EDGE_CURVE('',#1848,#1847,#2215,.T.);
#1432=EDGE_CURVE('',#1848,#1849,#2216,.T.);
#1433=EDGE_CURVE('',#1842,#1849,#2217,.T.);
#1434=EDGE_CURVE('',#1850,#1844,#2218,.T.);
#1435=EDGE_CURVE('',#1850,#1658,#2219,.T.);
#1436=EDGE_CURVE('',#1851,#1839,#2220,.T.);
#1437=EDGE_CURVE('',#1852,#1851,#2221,.T.);
#1438=EDGE_CURVE('',#1853,#1852,#2222,.T.);
#1439=EDGE_CURVE('',#1824,#1853,#2223,.T.);
#1440=EDGE_CURVE('',#1854,#1828,#2224,.T.);
#1441=EDGE_CURVE('',#1854,#1840,#2225,.T.);
#1442=EDGE_CURVE('',#1855,#1855,#105,.F.);
#1443=EDGE_CURVE('',#1856,#1856,#106,.F.);
#1444=EDGE_CURVE('',#1808,#1857,#2226,.T.);
#1445=EDGE_CURVE('',#1858,#1807,#2227,.T.);
#1446=EDGE_CURVE('',#1858,#1857,#2228,.T.);
#1447=EDGE_CURVE('',#1859,#1860,#2229,.T.);
#1448=EDGE_CURVE('',#1860,#1861,#107,.F.);
#1449=EDGE_CURVE('',#1861,#1862,#2230,.T.);
#1450=EDGE_CURVE('',#1862,#1863,#108,.F.);
#1451=EDGE_CURVE('',#1863,#1864,#2231,.T.);
#1452=EDGE_CURVE('',#1864,#1865,#109,.F.);
#1453=EDGE_CURVE('',#1865,#1866,#2232,.T.);
#1454=EDGE_CURVE('',#1866,#1859,#110,.F.);
#1455=EDGE_CURVE('',#1867,#1868,#2233,.T.);
#1456=EDGE_CURVE('',#1867,#1869,#2234,.T.);
#1457=EDGE_CURVE('',#1869,#1870,#2235,.T.);
#1458=EDGE_CURVE('',#1868,#1870,#2236,.T.);
#1459=EDGE_CURVE('',#1871,#1871,#111,.T.);
#1460=EDGE_CURVE('',#1872,#1872,#112,.T.);
#1461=EDGE_CURVE('',#1873,#1873,#113,.T.);
#1462=EDGE_CURVE('',#1874,#1874,#114,.T.);
#1463=EDGE_CURVE('',#1875,#1875,#115,.T.);
#1464=EDGE_CURVE('',#1876,#1876,#116,.T.);
#1465=EDGE_CURVE('',#1667,#1877,#2237,.T.);
#1466=EDGE_CURVE('',#1846,#1877,#2238,.T.);
#1467=EDGE_CURVE('',#1668,#1878,#2239,.T.);
#1468=EDGE_CURVE('',#1845,#1878,#2240,.T.);
#1469=EDGE_CURVE('',#1877,#1878,#2241,.T.);
#1470=EDGE_CURVE('',#1879,#1880,#2242,.T.);
#1471=EDGE_CURVE('',#1879,#1881,#2243,.T.);
#1472=EDGE_CURVE('',#1881,#1882,#2244,.T.);
#1473=EDGE_CURVE('',#1880,#1882,#2245,.T.);
#1474=EDGE_CURVE('',#1883,#1883,#117,.T.);
#1475=EDGE_CURVE('',#1884,#1884,#118,.T.);
#1476=EDGE_CURVE('',#1885,#1885,#119,.T.);
#1477=EDGE_CURVE('',#1886,#1886,#120,.T.);
#1478=EDGE_CURVE('',#1887,#1887,#121,.T.);
#1479=EDGE_CURVE('',#1888,#1888,#122,.T.);
#1480=EDGE_CURVE('',#1889,#1889,#123,.T.);
#1481=EDGE_CURVE('',#1890,#1890,#124,.T.);
#1482=EDGE_CURVE('',#1891,#1891,#125,.T.);
#1483=EDGE_CURVE('',#1892,#1892,#126,.T.);
#1484=EDGE_CURVE('',#1893,#1893,#127,.T.);
#1485=EDGE_CURVE('',#1894,#1894,#128,.T.);
#1486=EDGE_CURVE('',#1895,#1895,#129,.T.);
#1487=EDGE_CURVE('',#1896,#1896,#130,.T.);
#1488=EDGE_CURVE('',#1897,#1897,#131,.T.);
#1489=EDGE_CURVE('',#1898,#1898,#132,.T.);
#1490=EDGE_CURVE('',#1899,#1900,#2246,.T.);
#1491=EDGE_CURVE('',#1900,#1835,#2247,.T.);
#1492=EDGE_CURVE('',#1836,#1899,#2248,.F.);
#1493=EDGE_CURVE('',#1901,#1853,#2249,.T.);
#1494=EDGE_CURVE('',#1901,#1900,#133,.F.);
#1495=EDGE_CURVE('',#1899,#1823,#134,.F.);
#1496=EDGE_CURVE('',#1837,#1901,#2250,.F.);
#1497=EDGE_CURVE('',#1902,#1852,#2251,.T.);
#1498=EDGE_CURVE('',#1902,#1838,#2252,.T.);
#1499=EDGE_CURVE('',#1663,#1903,#2253,.F.);
#1500=EDGE_CURVE('',#1903,#1849,#2254,.T.);
#1501=EDGE_CURVE('',#1904,#1848,#2255,.T.);
#1502=EDGE_CURVE('',#1904,#1664,#2256,.T.);
#1503=EDGE_CURVE('',#1903,#1905,#135,.T.);
#1504=EDGE_CURVE('',#1905,#1906,#2257,.T.);
#1505=EDGE_CURVE('',#1906,#1841,#136,.T.);
#1506=EDGE_CURVE('',#1905,#1662,#2258,.T.);
#1507=EDGE_CURVE('',#1661,#1906,#2259,.F.);
#1508=EDGE_CURVE('',#1907,#1908,#2260,.T.);
#1509=EDGE_CURVE('',#1907,#1909,#2261,.T.);
#1510=EDGE_CURVE('',#1909,#1910,#2262,.T.);
#1511=EDGE_CURVE('',#1908,#1910,#2263,.T.);
#1512=EDGE_CURVE('',#1910,#1870,#2264,.T.);
#1513=EDGE_CURVE('',#1908,#1869,#2265,.T.);
#1514=EDGE_CURVE('',#1911,#1911,#137,.F.);
#1515=EDGE_CURVE('',#1909,#1868,#2266,.T.);
#1516=EDGE_CURVE('',#1907,#1867,#2267,.T.);
#1517=EDGE_CURVE('',#1912,#1912,#138,.T.);
#1518=EDGE_CURVE('',#1913,#1913,#139,.T.);
#1519=EDGE_CURVE('',#1914,#1914,#140,.T.);
#1520=EDGE_CURVE('',#1915,#1691,#2268,.T.);
#1521=EDGE_CURVE('',#1915,#1916,#2269,.T.);
#1522=EDGE_CURVE('',#1916,#1692,#2270,.T.);
#1523=EDGE_CURVE('',#1917,#1696,#2271,.T.);
#1524=EDGE_CURVE('',#1915,#1917,#2272,.T.);
#1525=EDGE_CURVE('',#1918,#1695,#2273,.T.);
#1526=EDGE_CURVE('',#1917,#1918,#2274,.T.);
#1527=EDGE_CURVE('',#1919,#1694,#2275,.T.);
#1528=EDGE_CURVE('',#1919,#1918,#2276,.T.);
#1529=EDGE_CURVE('',#1920,#1693,#2277,.T.);
#1530=EDGE_CURVE('',#1919,#1920,#2278,.T.);
#1531=EDGE_CURVE('',#1920,#1916,#2279,.T.);
#1532=EDGE_CURVE('',#1850,#1843,#2280,.T.);
#1533=EDGE_CURVE('',#1847,#1904,#2281,.T.);
#1534=EDGE_CURVE('',#1921,#1829,#2282,.T.);
#1535=EDGE_CURVE('',#1921,#1922,#2283,.T.);
#1536=EDGE_CURVE('',#1922,#1830,#2284,.T.);
#1537=EDGE_CURVE('',#1923,#1834,#2285,.T.);
#1538=EDGE_CURVE('',#1923,#1921,#2286,.T.);
#1539=EDGE_CURVE('',#1924,#1833,#2287,.T.);
#1540=EDGE_CURVE('',#1923,#1924,#2288,.T.);
#1541=EDGE_CURVE('',#1925,#1832,#2289,.T.);
#1542=EDGE_CURVE('',#1924,#1925,#2290,.T.);
#1543=EDGE_CURVE('',#1926,#1831,#2291,.T.);
#1544=EDGE_CURVE('',#1926,#1925,#2292,.T.);
#1545=EDGE_CURVE('',#1926,#1922,#2293,.T.);
#1546=EDGE_CURVE('',#1902,#1851,#2294,.T.);
#1547=EDGE_CURVE('',#1827,#1854,#2295,.T.);
#1548=EDGE_CURVE('',#1927,#1927,#141,.F.);
#1549=EDGE_CURVE('',#1928,#1928,#142,.F.);
#1550=EDGE_CURVE('',#1929,#1929,#143,.F.);
#1551=EDGE_CURVE('',#1930,#1930,#144,.F.);
#1552=EDGE_CURVE('',#1931,#1931,#145,.F.);
#1553=EDGE_CURVE('',#1932,#1932,#146,.F.);
#1554=EDGE_CURVE('',#1933,#1933,#147,.F.);
#1555=EDGE_CURVE('',#1934,#1934,#148,.F.);
#1556=EDGE_CURVE('',#1935,#1810,#2296,.T.);
#1557=EDGE_CURVE('',#1935,#1822,#2297,.T.);
#1558=EDGE_CURVE('',#1821,#1858,#2298,.T.);
#1559=EDGE_CURVE('',#1820,#1857,#2299,.T.);
#1560=EDGE_CURVE('',#1936,#1819,#2300,.T.);
#1561=EDGE_CURVE('',#1809,#1936,#2301,.T.);
#1562=EDGE_CURVE('',#1816,#1937,#2302,.T.);
#1563=EDGE_CURVE('',#1935,#1936,#2303,.T.);
#1564=EDGE_CURVE('',#1938,#1818,#2304,.T.);
#1565=EDGE_CURVE('',#1938,#1937,#2305,.T.);
#1566=EDGE_CURVE('',#1938,#1812,#2306,.T.);
#1567=EDGE_CURVE('',#1937,#1811,#2307,.T.);
#1568=EDGE_CURVE('',#1939,#1814,#2308,.T.);
#1569=EDGE_CURVE('',#1815,#1939,#2309,.T.);
#1570=EDGE_CURVE('',#1940,#1813,#2310,.T.);
#1571=EDGE_CURVE('',#1939,#1940,#2311,.T.);
#1572=EDGE_CURVE('',#1940,#1817,#2312,.T.);
#1573=EDGE_CURVE('',#1865,#1791,#2313,.F.);
#1574=EDGE_CURVE('',#1792,#1866,#2314,.T.);
#1575=EDGE_CURVE('',#1859,#1798,#2315,.F.);
#1576=EDGE_CURVE('',#1797,#1860,#2316,.T.);
#1577=EDGE_CURVE('',#1861,#1796,#2317,.F.);
#1578=EDGE_CURVE('',#1795,#1862,#2318,.T.);
#1579=EDGE_CURVE('',#1793,#1864,#2319,.T.);
#1580=EDGE_CURVE('',#1863,#1794,#2320,.F.);
#1581=EDGE_CURVE('',#1801,#1941,#2321,.F.);
#1582=EDGE_CURVE('',#1941,#1942,#2322,.T.);
#1583=EDGE_CURVE('',#1942,#1802,#2323,.T.);
#1584=EDGE_CURVE('',#1800,#1943,#2324,.F.);
#1585=EDGE_CURVE('',#1944,#1943,#2325,.T.);
#1586=EDGE_CURVE('',#1944,#1799,#2326,.T.);
#1587=EDGE_CURVE('',#1805,#1945,#2327,.F.);
#1588=EDGE_CURVE('',#1946,#1945,#2328,.T.);
#1589=EDGE_CURVE('',#1946,#1806,#2329,.T.);
#1590=EDGE_CURVE('',#1947,#1948,#2330,.T.);
#1591=EDGE_CURVE('',#1948,#1804,#2331,.T.);
#1592=EDGE_CURVE('',#1803,#1947,#2332,.F.);
#1593=EDGE_CURVE('',#1945,#1948,#149,.T.);
#1594=EDGE_CURVE('',#1947,#1942,#150,.T.);
#1595=EDGE_CURVE('',#1941,#1944,#151,.T.);
#1596=EDGE_CURVE('',#1943,#1946,#152,.T.);
#1597=EDGE_CURVE('',#1949,#1879,#2333,.T.);
#1598=EDGE_CURVE('',#1950,#1949,#2334,.T.);
#1599=EDGE_CURVE('',#1951,#1950,#2335,.T.);
#1600=EDGE_CURVE('',#1951,#1952,#2336,.T.);
#1601=EDGE_CURVE('',#1952,#1953,#2337,.T.);
#1602=EDGE_CURVE('',#1954,#1953,#2338,.T.);
#1603=EDGE_CURVE('',#1954,#1881,#2339,.T.);
#1604=EDGE_CURVE('',#1955,#1880,#2340,.T.);
#1605=EDGE_CURVE('',#1949,#1955,#2341,.T.);
#1606=EDGE_CURVE('',#1956,#1882,#2342,.T.);
#1607=EDGE_CURVE('',#1955,#1956,#2343,.T.);
#1608=EDGE_CURVE('',#1954,#1956,#2344,.T.);
#1609=EDGE_CURVE('',#1957,#1951,#2345,.T.);
#1610=EDGE_CURVE('',#1957,#1958,#2346,.T.);
#1611=EDGE_CURVE('',#1958,#1952,#2347,.T.);
#1612=EDGE_CURVE('',#1959,#1960,#2348,.T.);
#1613=EDGE_CURVE('',#1959,#1961,#2349,.T.);
#1614=EDGE_CURVE('',#1962,#1961,#2350,.T.);
#1615=EDGE_CURVE('',#1960,#1962,#2351,.T.);
#1616=EDGE_CURVE('',#1963,#1950,#2352,.T.);
#1617=EDGE_CURVE('',#1957,#1963,#2353,.T.);
#1618=EDGE_CURVE('',#1963,#1964,#2354,.T.);
#1619=EDGE_CURVE('',#1958,#1964,#2355,.T.);
#1620=EDGE_CURVE('',#1964,#1953,#2356,.T.);
#1621=EDGE_CURVE('',#1965,#1959,#2357,.T.);
#1622=EDGE_CURVE('',#1965,#1966,#2358,.T.);
#1623=EDGE_CURVE('',#1966,#1961,#2359,.T.);
#1624=EDGE_CURVE('',#1967,#1960,#2360,.T.);
#1625=EDGE_CURVE('',#1965,#1967,#2361,.T.);
#1626=EDGE_CURVE('',#1968,#1962,#2362,.T.);
#1627=EDGE_CURVE('',#1967,#1968,#2363,.T.);
#1628=EDGE_CURVE('',#1968,#1966,#2364,.T.);
#1629=VERTEX_POINT('',#4948);
#1630=VERTEX_POINT('',#4949);
#1631=VERTEX_POINT('',#4951);
#1632=VERTEX_POINT('',#4953);
#1633=VERTEX_POINT('',#4955);
#1634=VERTEX_POINT('',#4957);
#1635=VERTEX_POINT('',#4961);
#1636=VERTEX_POINT('',#4962);
#1637=VERTEX_POINT('',#4964);
#1638=VERTEX_POINT('',#4966);
#1639=VERTEX_POINT('',#4968);
#1640=VERTEX_POINT('',#4970);
#1641=VERTEX_POINT('',#4974);
#1642=VERTEX_POINT('',#4975);
#1643=VERTEX_POINT('',#4977);
#1644=VERTEX_POINT('',#4979);
#1645=VERTEX_POINT('',#4983);
#1646=VERTEX_POINT('',#4984);
#1647=VERTEX_POINT('',#4986);
#1648=VERTEX_POINT('',#4988);
#1649=VERTEX_POINT('',#4990);
#1650=VERTEX_POINT('',#4992);
#1651=VERTEX_POINT('',#4994);
#1652=VERTEX_POINT('',#4996);
#1653=VERTEX_POINT('',#4999);
#1654=VERTEX_POINT('',#5001);
#1655=VERTEX_POINT('',#5004);
#1656=VERTEX_POINT('',#5006);
#1657=VERTEX_POINT('',#5009);
#1658=VERTEX_POINT('',#5011);
#1659=VERTEX_POINT('',#5013);
#1660=VERTEX_POINT('',#5015);
#1661=VERTEX_POINT('',#5017);
#1662=VERTEX_POINT('',#5019);
#1663=VERTEX_POINT('',#5021);
#1664=VERTEX_POINT('',#5023);
#1665=VERTEX_POINT('',#5025);
#1666=VERTEX_POINT('',#5027);
#1667=VERTEX_POINT('',#5029);
#1668=VERTEX_POINT('',#5031);
#1669=VERTEX_POINT('',#5033);
#1670=VERTEX_POINT('',#5035);
#1671=VERTEX_POINT('',#5037);
#1672=VERTEX_POINT('',#5039);
#1673=VERTEX_POINT('',#5041);
#1674=VERTEX_POINT('',#5043);
#1675=VERTEX_POINT('',#5045);
#1676=VERTEX_POINT('',#5047);
#1677=VERTEX_POINT('',#5049);
#1678=VERTEX_POINT('',#5051);
#1679=VERTEX_POINT('',#5053);
#1680=VERTEX_POINT('',#5055);
#1681=VERTEX_POINT('',#5057);
#1682=VERTEX_POINT('',#5059);
#1683=VERTEX_POINT('',#5062);
#1684=VERTEX_POINT('',#5063);
#1685=VERTEX_POINT('',#5065);
#1686=VERTEX_POINT('',#5067);
#1687=VERTEX_POINT('',#5069);
#1688=VERTEX_POINT('',#5071);
#1689=VERTEX_POINT('',#5073);
#1690=VERTEX_POINT('',#5075);
#1691=VERTEX_POINT('',#5078);
#1692=VERTEX_POINT('',#5079);
#1693=VERTEX_POINT('',#5081);
#1694=VERTEX_POINT('',#5083);
#1695=VERTEX_POINT('',#5085);
#1696=VERTEX_POINT('',#5087);
#1697=VERTEX_POINT('',#5091);
#1698=VERTEX_POINT('',#5093);
#1699=VERTEX_POINT('',#5099);
#1700=VERTEX_POINT('',#5101);
#1701=VERTEX_POINT('',#5105);
#1702=VERTEX_POINT('',#5109);
#1703=VERTEX_POINT('',#5113);
#1704=VERTEX_POINT('',#5117);
#1705=VERTEX_POINT('',#5121);
#1706=VERTEX_POINT('',#5125);
#1707=VERTEX_POINT('',#5132);
#1708=VERTEX_POINT('',#5136);
#1709=VERTEX_POINT('',#5140);
#1710=VERTEX_POINT('',#5144);
#1711=VERTEX_POINT('',#5148);
#1712=VERTEX_POINT('',#5150);
#1713=VERTEX_POINT('',#5156);
#1714=VERTEX_POINT('',#5158);
#1715=VERTEX_POINT('',#5170);
#1716=VERTEX_POINT('',#5171);
#1717=VERTEX_POINT('',#5173);
#1718=VERTEX_POINT('',#5175);
#1719=VERTEX_POINT('',#5180);
#1720=VERTEX_POINT('',#5181);
#1721=VERTEX_POINT('',#5183);
#1722=VERTEX_POINT('',#5185);
#1723=VERTEX_POINT('',#5190);
#1724=VERTEX_POINT('',#5192);
#1725=VERTEX_POINT('',#5196);
#1726=VERTEX_POINT('',#5198);
#1727=VERTEX_POINT('',#5204);
#1728=VERTEX_POINT('',#5206);
#1729=VERTEX_POINT('',#5210);
#1730=VERTEX_POINT('',#5214);
#1731=VERTEX_POINT('',#5218);
#1732=VERTEX_POINT('',#5222);
#1733=VERTEX_POINT('',#5226);
#1734=VERTEX_POINT('',#5230);
#1735=VERTEX_POINT('',#5237);
#1736=VERTEX_POINT('',#5241);
#1737=VERTEX_POINT('',#5245);
#1738=VERTEX_POINT('',#5249);
#1739=VERTEX_POINT('',#5253);
#1740=VERTEX_POINT('',#5255);
#1741=VERTEX_POINT('',#5261);
#1742=VERTEX_POINT('',#5263);
#1743=VERTEX_POINT('',#5275);
#1744=VERTEX_POINT('',#5276);
#1745=VERTEX_POINT('',#5278);
#1746=VERTEX_POINT('',#5280);
#1747=VERTEX_POINT('',#5282);
#1748=VERTEX_POINT('',#5284);
#1749=VERTEX_POINT('',#5288);
#1750=VERTEX_POINT('',#5289);
#1751=VERTEX_POINT('',#5291);
#1752=VERTEX_POINT('',#5293);
#1753=VERTEX_POINT('',#5295);
#1754=VERTEX_POINT('',#5297);
#1755=VERTEX_POINT('',#5301);
#1756=VERTEX_POINT('',#5302);
#1757=VERTEX_POINT('',#5304);
#1758=VERTEX_POINT('',#5306);
#1759=VERTEX_POINT('',#5310);
#1760=VERTEX_POINT('',#5311);
#1761=VERTEX_POINT('',#5313);
#1762=VERTEX_POINT('',#5315);
#1763=VERTEX_POINT('',#5317);
#1764=VERTEX_POINT('',#5319);
#1765=VERTEX_POINT('',#5321);
#1766=VERTEX_POINT('',#5323);
#1767=VERTEX_POINT('',#5326);
#1768=VERTEX_POINT('',#5328);
#1769=VERTEX_POINT('',#5331);
#1770=VERTEX_POINT('',#5333);
#1771=VERTEX_POINT('',#5336);
#1772=VERTEX_POINT('',#5338);
#1773=VERTEX_POINT('',#5342);
#1774=VERTEX_POINT('',#5344);
#1775=VERTEX_POINT('',#5350);
#1776=VERTEX_POINT('',#5352);
#1777=VERTEX_POINT('',#5356);
#1778=VERTEX_POINT('',#5360);
#1779=VERTEX_POINT('',#5364);
#1780=VERTEX_POINT('',#5368);
#1781=VERTEX_POINT('',#5372);
#1782=VERTEX_POINT('',#5376);
#1783=VERTEX_POINT('',#5383);
#1784=VERTEX_POINT('',#5387);
#1785=VERTEX_POINT('',#5391);
#1786=VERTEX_POINT('',#5395);
#1787=VERTEX_POINT('',#5399);
#1788=VERTEX_POINT('',#5401);
#1789=VERTEX_POINT('',#5407);
#1790=VERTEX_POINT('',#5409);
#1791=VERTEX_POINT('',#5421);
#1792=VERTEX_POINT('',#5422);
#1793=VERTEX_POINT('',#5424);
#1794=VERTEX_POINT('',#5426);
#1795=VERTEX_POINT('',#5428);
#1796=VERTEX_POINT('',#5430);
#1797=VERTEX_POINT('',#5432);
#1798=VERTEX_POINT('',#5434);
#1799=VERTEX_POINT('',#5437);
#1800=VERTEX_POINT('',#5438);
#1801=VERTEX_POINT('',#5440);
#1802=VERTEX_POINT('',#5442);
#1803=VERTEX_POINT('',#5444);
#1804=VERTEX_POINT('',#5446);
#1805=VERTEX_POINT('',#5448);
#1806=VERTEX_POINT('',#5450);
#1807=VERTEX_POINT('',#5454);
#1808=VERTEX_POINT('',#5455);
#1809=VERTEX_POINT('',#5457);
#1810=VERTEX_POINT('',#5459);
#1811=VERTEX_POINT('',#5462);
#1812=VERTEX_POINT('',#5463);
#1813=VERTEX_POINT('',#5465);
#1814=VERTEX_POINT('',#5467);
#1815=VERTEX_POINT('',#5471);
#1816=VERTEX_POINT('',#5472);
#1817=VERTEX_POINT('',#5474);
#1818=VERTEX_POINT('',#5476);
#1819=VERTEX_POINT('',#5478);
#1820=VERTEX_POINT('',#5480);
#1821=VERTEX_POINT('',#5482);
#1822=VERTEX_POINT('',#5484);
#1823=VERTEX_POINT('',#5488);
#1824=VERTEX_POINT('',#5489);
#1825=VERTEX_POINT('',#5491);
#1826=VERTEX_POINT('',#5493);
#1827=VERTEX_POINT('',#5495);
#1828=VERTEX_POINT('',#5497);
#1829=VERTEX_POINT('',#5501);
#1830=VERTEX_POINT('',#5502);
#1831=VERTEX_POINT('',#5504);
#1832=VERTEX_POINT('',#5506);
#1833=VERTEX_POINT('',#5508);
#1834=VERTEX_POINT('',#5510);
#1835=VERTEX_POINT('',#5513);
#1836=VERTEX_POINT('',#5514);
#1837=VERTEX_POINT('',#5516);
#1838=VERTEX_POINT('',#5518);
#1839=VERTEX_POINT('',#5520);
#1840=VERTEX_POINT('',#5522);
#1841=VERTEX_POINT('',#5527);
#1842=VERTEX_POINT('',#5528);
#1843=VERTEX_POINT('',#5531);
#1844=VERTEX_POINT('',#5533);
#1845=VERTEX_POINT('',#5537);
#1846=VERTEX_POINT('',#5539);
#1847=VERTEX_POINT('',#5542);
#1848=VERTEX_POINT('',#5544);
#1849=VERTEX_POINT('',#5546);
#1850=VERTEX_POINT('',#5549);
#1851=VERTEX_POINT('',#5552);
#1852=VERTEX_POINT('',#5554);
#1853=VERTEX_POINT('',#5556);
#1854=VERTEX_POINT('',#5559);
#1855=VERTEX_POINT('',#5562);
#1856=VERTEX_POINT('',#5564);
#1857=VERTEX_POINT('',#5566);
#1858=VERTEX_POINT('',#5568);
#1859=VERTEX_POINT('',#5571);
#1860=VERTEX_POINT('',#5572);
#1861=VERTEX_POINT('',#5574);
#1862=VERTEX_POINT('',#5576);
#1863=VERTEX_POINT('',#5578);
#1864=VERTEX_POINT('',#5580);
#1865=VERTEX_POINT('',#5582);
#1866=VERTEX_POINT('',#5584);
#1867=VERTEX_POINT('',#5587);
#1868=VERTEX_POINT('',#5588);
#1869=VERTEX_POINT('',#5590);
#1870=VERTEX_POINT('',#5592);
#1871=VERTEX_POINT('',#5595);
#1872=VERTEX_POINT('',#5597);
#1873=VERTEX_POINT('',#5599);
#1874=VERTEX_POINT('',#5601);
#1875=VERTEX_POINT('',#5603);
#1876=VERTEX_POINT('',#5605);
#1877=VERTEX_POINT('',#5608);
#1878=VERTEX_POINT('',#5612);
#1879=VERTEX_POINT('',#5618);
#1880=VERTEX_POINT('',#5619);
#1881=VERTEX_POINT('',#5621);
#1882=VERTEX_POINT('',#5623);
#1883=VERTEX_POINT('',#5627);
#1884=VERTEX_POINT('',#5630);
#1885=VERTEX_POINT('',#5633);
#1886=VERTEX_POINT('',#5636);
#1887=VERTEX_POINT('',#5639);
#1888=VERTEX_POINT('',#5642);
#1889=VERTEX_POINT('',#5645);
#1890=VERTEX_POINT('',#5648);
#1891=VERTEX_POINT('',#5651);
#1892=VERTEX_POINT('',#5654);
#1893=VERTEX_POINT('',#5657);
#1894=VERTEX_POINT('',#5660);
#1895=VERTEX_POINT('',#5663);
#1896=VERTEX_POINT('',#5666);
#1897=VERTEX_POINT('',#5669);
#1898=VERTEX_POINT('',#5672);
#1899=VERTEX_POINT('',#5675);
#1900=VERTEX_POINT('',#5676);
#1901=VERTEX_POINT('',#5681);
#1902=VERTEX_POINT('',#5687);
#1903=VERTEX_POINT('',#5691);
#1904=VERTEX_POINT('',#5694);
#1905=VERTEX_POINT('',#5698);
#1906=VERTEX_POINT('',#5700);
#1907=VERTEX_POINT('',#5707);
#1908=VERTEX_POINT('',#5708);
#1909=VERTEX_POINT('',#5710);
#1910=VERTEX_POINT('',#5712);
#1911=VERTEX_POINT('',#5719);
#1912=VERTEX_POINT('',#5726);
#1913=VERTEX_POINT('',#5728);
#1914=VERTEX_POINT('',#5731);
#1915=VERTEX_POINT('',#5736);
#1916=VERTEX_POINT('',#5738);
#1917=VERTEX_POINT('',#5742);
#1918=VERTEX_POINT('',#5746);
#1919=VERTEX_POINT('',#5750);
#1920=VERTEX_POINT('',#5754);
#1921=VERTEX_POINT('',#5767);
#1922=VERTEX_POINT('',#5769);
#1923=VERTEX_POINT('',#5773);
#1924=VERTEX_POINT('',#5777);
#1925=VERTEX_POINT('',#5781);
#1926=VERTEX_POINT('',#5785);
#1927=VERTEX_POINT('',#5802);
#1928=VERTEX_POINT('',#5805);
#1929=VERTEX_POINT('',#5808);
#1930=VERTEX_POINT('',#5811);
#1931=VERTEX_POINT('',#5814);
#1932=VERTEX_POINT('',#5817);
#1933=VERTEX_POINT('',#5820);
#1934=VERTEX_POINT('',#5823);
#1935=VERTEX_POINT('',#5826);
#1936=VERTEX_POINT('',#5833);
#1937=VERTEX_POINT('',#5837);
#1938=VERTEX_POINT('',#5840);
#1939=VERTEX_POINT('',#5848);
#1940=VERTEX_POINT('',#5852);
#1941=VERTEX_POINT('',#5871);
#1942=VERTEX_POINT('',#5873);
#1943=VERTEX_POINT('',#5877);
#1944=VERTEX_POINT('',#5879);
#1945=VERTEX_POINT('',#5883);
#1946=VERTEX_POINT('',#5885);
#1947=VERTEX_POINT('',#5889);
#1948=VERTEX_POINT('',#5890);
#1949=VERTEX_POINT('',#5908);
#1950=VERTEX_POINT('',#5910);
#1951=VERTEX_POINT('',#5912);
#1952=VERTEX_POINT('',#5914);
#1953=VERTEX_POINT('',#5916);
#1954=VERTEX_POINT('',#5918);
#1955=VERTEX_POINT('',#5922);
#1956=VERTEX_POINT('',#5926);
#1957=VERTEX_POINT('',#5940);
#1958=VERTEX_POINT('',#5942);
#1959=VERTEX_POINT('',#5945);
#1960=VERTEX_POINT('',#5946);
#1961=VERTEX_POINT('',#5948);
#1962=VERTEX_POINT('',#5950);
#1963=VERTEX_POINT('',#5954);
#1964=VERTEX_POINT('',#5958);
#1965=VERTEX_POINT('',#5965);
#1966=VERTEX_POINT('',#5967);
#1967=VERTEX_POINT('',#5971);
#1968=VERTEX_POINT('',#5975);
#1969=LINE('',#4947,#2365);
#1970=LINE('',#4950,#2366);
#1971=LINE('',#4952,#2367);
#1972=LINE('',#4954,#2368);
#1973=LINE('',#4956,#2369);
#1974=LINE('',#4958,#2370);
#1975=LINE('',#4960,#2371);
#1976=LINE('',#4963,#2372);
#1977=LINE('',#4965,#2373);
#1978=LINE('',#4967,#2374);
#1979=LINE('',#4969,#2375);
#1980=LINE('',#4971,#2376);
#1981=LINE('',#4973,#2377);
#1982=LINE('',#4976,#2378);
#1983=LINE('',#4978,#2379);
#1984=LINE('',#4980,#2380);
#1985=LINE('',#4982,#2381);
#1986=LINE('',#4985,#2382);
#1987=LINE('',#4987,#2383);
#1988=LINE('',#4989,#2384);
#1989=LINE('',#4991,#2385);
#1990=LINE('',#4993,#2386);
#1991=LINE('',#4995,#2387);
#1992=LINE('',#4997,#2388);
#1993=LINE('',#5000,#2389);
#1994=LINE('',#5005,#2390);
#1995=LINE('',#5008,#2391);
#1996=LINE('',#5010,#2392);
#1997=LINE('',#5012,#2393);
#1998=LINE('',#5014,#2394);
#1999=LINE('',#5018,#2395);
#2000=LINE('',#5022,#2396);
#2001=LINE('',#5024,#2397);
#2002=LINE('',#5026,#2398);
#2003=LINE('',#5028,#2399);
#2004=LINE('',#5030,#2400);
#2005=LINE('',#5032,#2401);
#2006=LINE('',#5034,#2402);
#2007=LINE('',#5036,#2403);
#2008=LINE('',#5038,#2404);
#2009=LINE('',#5042,#2405);
#2010=LINE('',#5046,#2406);
#2011=LINE('',#5050,#2407);
#2012=LINE('',#5054,#2408);
#2013=LINE('',#5056,#2409);
#2014=LINE('',#5058,#2410);
#2015=LINE('',#5060,#2411);
#2016=LINE('',#5061,#2412);
#2017=LINE('',#5064,#2413);
#2018=LINE('',#5066,#2414);
#2019=LINE('',#5068,#2415);
#2020=LINE('',#5070,#2416);
#2021=LINE('',#5072,#2417);
#2022=LINE('',#5074,#2418);
#2023=LINE('',#5076,#2419);
#2024=LINE('',#5077,#2420);
#2025=LINE('',#5080,#2421);
#2026=LINE('',#5082,#2422);
#2027=LINE('',#5084,#2423);
#2028=LINE('',#5086,#2424);
#2029=LINE('',#5088,#2425);
#2030=LINE('',#5092,#2426);
#2031=LINE('',#5098,#2427);
#2032=LINE('',#5100,#2428);
#2033=LINE('',#5102,#2429);
#2034=LINE('',#5104,#2430);
#2035=LINE('',#5106,#2431);
#2036=LINE('',#5108,#2432);
#2037=LINE('',#5110,#2433);
#2038=LINE('',#5112,#2434);
#2039=LINE('',#5114,#2435);
#2040=LINE('',#5116,#2436);
#2041=LINE('',#5118,#2437);
#2042=LINE('',#5120,#2438);
#2043=LINE('',#5122,#2439);
#2044=LINE('',#5124,#2440);
#2045=LINE('',#5126,#2441);
#2046=LINE('',#5128,#2442);
#2047=LINE('',#5131,#2443);
#2048=LINE('',#5133,#2444);
#2049=LINE('',#5137,#2445);
#2050=LINE('',#5139,#2446);
#2051=LINE('',#5141,#2447);
#2052=LINE('',#5143,#2448);
#2053=LINE('',#5147,#2449);
#2054=LINE('',#5149,#2450);
#2055=LINE('',#5151,#2451);
#2056=LINE('',#5155,#2452);
#2057=LINE('',#5157,#2453);
#2058=LINE('',#5159,#2454);
#2059=LINE('',#5163,#2455);
#2060=LINE('',#5166,#2456);
#2061=LINE('',#5169,#2457);
#2062=LINE('',#5172,#2458);
#2063=LINE('',#5174,#2459);
#2064=LINE('',#5176,#2460);
#2065=LINE('',#5177,#2461);
#2066=LINE('',#5179,#2462);
#2067=LINE('',#5182,#2463);
#2068=LINE('',#5184,#2464);
#2069=LINE('',#5186,#2465);
#2070=LINE('',#5187,#2466);
#2071=LINE('',#5189,#2467);
#2072=LINE('',#5191,#2468);
#2073=LINE('',#5193,#2469);
#2074=LINE('',#5197,#2470);
#2075=LINE('',#5203,#2471);
#2076=LINE('',#5205,#2472);
#2077=LINE('',#5207,#2473);
#2078=LINE('',#5209,#2474);
#2079=LINE('',#5211,#2475);
#2080=LINE('',#5213,#2476);
#2081=LINE('',#5215,#2477);
#2082=LINE('',#5217,#2478);
#2083=LINE('',#5219,#2479);
#2084=LINE('',#5221,#2480);
#2085=LINE('',#5223,#2481);
#2086=LINE('',#5225,#2482);
#2087=LINE('',#5227,#2483);
#2088=LINE('',#5229,#2484);
#2089=LINE('',#5231,#2485);
#2090=LINE('',#5233,#2486);
#2091=LINE('',#5236,#2487);
#2092=LINE('',#5238,#2488);
#2093=LINE('',#5242,#2489);
#2094=LINE('',#5244,#2490);
#2095=LINE('',#5246,#2491);
#2096=LINE('',#5248,#2492);
#2097=LINE('',#5252,#2493);
#2098=LINE('',#5254,#2494);
#2099=LINE('',#5256,#2495);
#2100=LINE('',#5260,#2496);
#2101=LINE('',#5262,#2497);
#2102=LINE('',#5264,#2498);
#2103=LINE('',#5268,#2499);
#2104=LINE('',#5271,#2500);
#2105=LINE('',#5274,#2501);
#2106=LINE('',#5277,#2502);
#2107=LINE('',#5279,#2503);
#2108=LINE('',#5281,#2504);
#2109=LINE('',#5283,#2505);
#2110=LINE('',#5285,#2506);
#2111=LINE('',#5287,#2507);
#2112=LINE('',#5290,#2508);
#2113=LINE('',#5292,#2509);
#2114=LINE('',#5294,#2510);
#2115=LINE('',#5296,#2511);
#2116=LINE('',#5298,#2512);
#2117=LINE('',#5300,#2513);
#2118=LINE('',#5303,#2514);
#2119=LINE('',#5305,#2515);
#2120=LINE('',#5307,#2516);
#2121=LINE('',#5309,#2517);
#2122=LINE('',#5312,#2518);
#2123=LINE('',#5314,#2519);
#2124=LINE('',#5316,#2520);
#2125=LINE('',#5318,#2521);
#2126=LINE('',#5320,#2522);
#2127=LINE('',#5322,#2523);
#2128=LINE('',#5324,#2524);
#2129=LINE('',#5327,#2525);
#2130=LINE('',#5332,#2526);
#2131=LINE('',#5335,#2527);
#2132=LINE('',#5337,#2528);
#2133=LINE('',#5339,#2529);
#2134=LINE('',#5343,#2530);
#2135=LINE('',#5349,#2531);
#2136=LINE('',#5351,#2532);
#2137=LINE('',#5353,#2533);
#2138=LINE('',#5355,#2534);
#2139=LINE('',#5357,#2535);
#2140=LINE('',#5359,#2536);
#2141=LINE('',#5361,#2537);
#2142=LINE('',#5363,#2538);
#2143=LINE('',#5365,#2539);
#2144=LINE('',#5367,#2540);
#2145=LINE('',#5369,#2541);
#2146=LINE('',#5371,#2542);
#2147=LINE('',#5373,#2543);
#2148=LINE('',#5375,#2544);
#2149=LINE('',#5377,#2545);
#2150=LINE('',#5379,#2546);
#2151=LINE('',#5382,#2547);
#2152=LINE('',#5384,#2548);
#2153=LINE('',#5388,#2549);
#2154=LINE('',#5390,#2550);
#2155=LINE('',#5392,#2551);
#2156=LINE('',#5394,#2552);
#2157=LINE('',#5398,#2553);
#2158=LINE('',#5400,#2554);
#2159=LINE('',#5402,#2555);
#2160=LINE('',#5406,#2556);
#2161=LINE('',#5408,#2557);
#2162=LINE('',#5410,#2558);
#2163=LINE('',#5414,#2559);
#2164=LINE('',#5417,#2560);
#2165=LINE('',#5420,#2561);
#2166=LINE('',#5425,#2562);
#2167=LINE('',#5429,#2563);
#2168=LINE('',#5433,#2564);
#2169=LINE('',#5436,#2565);
#2170=LINE('',#5441,#2566);
#2171=LINE('',#5445,#2567);
#2172=LINE('',#5449,#2568);
#2173=LINE('',#5453,#2569);
#2174=LINE('',#5456,#2570);
#2175=LINE('',#5458,#2571);
#2176=LINE('',#5460,#2572);
#2177=LINE('',#5461,#2573);
#2178=LINE('',#5464,#2574);
#2179=LINE('',#5466,#2575);
#2180=LINE('',#5468,#2576);
#2181=LINE('',#5470,#2577);
#2182=LINE('',#5473,#2578);
#2183=LINE('',#5475,#2579);
#2184=LINE('',#5477,#2580);
#2185=LINE('',#5479,#2581);
#2186=LINE('',#5481,#2582);
#2187=LINE('',#5483,#2583);
#2188=LINE('',#5485,#2584);
#2189=LINE('',#5487,#2585);
#2190=LINE('',#5490,#2586);
#2191=LINE('',#5492,#2587);
#2192=LINE('',#5494,#2588);
#2193=LINE('',#5496,#2589);
#2194=LINE('',#5498,#2590);
#2195=LINE('',#5500,#2591);
#2196=LINE('',#5503,#2592);
#2197=LINE('',#5505,#2593);
#2198=LINE('',#5507,#2594);
#2199=LINE('',#5509,#2595);
#2200=LINE('',#5511,#2596);
#2201=LINE('',#5512,#2597);
#2202=LINE('',#5517,#2598);
#2203=LINE('',#5519,#2599);
#2204=LINE('',#5521,#2600);
#2205=LINE('',#5523,#2601);
#2206=LINE('',#5526,#2602);
#2207=LINE('',#5529,#2603);
#2208=LINE('',#5530,#2604);
#2209=LINE('',#5532,#2605);
#2210=LINE('',#5534,#2606);
#2211=LINE('',#5536,#2607);
#2212=LINE('',#5538,#2608);
#2213=LINE('',#5540,#2609);
#2214=LINE('',#5541,#2610);
#2215=LINE('',#5543,#2611);
#2216=LINE('',#5545,#2612);
#2217=LINE('',#5547,#2613);
#2218=LINE('',#5548,#2614);
#2219=LINE('',#5550,#2615);
#2220=LINE('',#5551,#2616);
#2221=LINE('',#5553,#2617);
#2222=LINE('',#5555,#2618);
#2223=LINE('',#5557,#2619);
#2224=LINE('',#5558,#2620);
#2225=LINE('',#5560,#2621);
#2226=LINE('',#5565,#2622);
#2227=LINE('',#5567,#2623);
#2228=LINE('',#5569,#2624);
#2229=LINE('',#5570,#2625);
#2230=LINE('',#5575,#2626);
#2231=LINE('',#5579,#2627);
#2232=LINE('',#5583,#2628);
#2233=LINE('',#5586,#2629);
#2234=LINE('',#5589,#2630);
#2235=LINE('',#5591,#2631);
#2236=LINE('',#5593,#2632);
#2237=LINE('',#5607,#2633);
#2238=LINE('',#5609,#2634);
#2239=LINE('',#5611,#2635);
#2240=LINE('',#5613,#2636);
#2241=LINE('',#5615,#2637);
#2242=LINE('',#5617,#2638);
#2243=LINE('',#5620,#2639);
#2244=LINE('',#5622,#2640);
#2245=LINE('',#5624,#2641);
#2246=LINE('',#5674,#2642);
#2247=LINE('',#5677,#2643);
#2248=LINE('',#5678,#2644);
#2249=LINE('',#5680,#2645);
#2250=LINE('',#5685,#2646);
#2251=LINE('',#5686,#2647);
#2252=LINE('',#5688,#2648);
#2253=LINE('',#5690,#2649);
#2254=LINE('',#5692,#2650);
#2255=LINE('',#5693,#2651);
#2256=LINE('',#5695,#2652);
#2257=LINE('',#5699,#2653);
#2258=LINE('',#5703,#2654);
#2259=LINE('',#5704,#2655);
#2260=LINE('',#5706,#2656);
#2261=LINE('',#5709,#2657);
#2262=LINE('',#5711,#2658);
#2263=LINE('',#5713,#2659);
#2264=LINE('',#5715,#2660);
#2265=LINE('',#5716,#2661);
#2266=LINE('',#5720,#2662);
#2267=LINE('',#5722,#2663);
#2268=LINE('',#5735,#2664);
#2269=LINE('',#5737,#2665);
#2270=LINE('',#5739,#2666);
#2271=LINE('',#5741,#2667);
#2272=LINE('',#5743,#2668);
#2273=LINE('',#5745,#2669);
#2274=LINE('',#5747,#2670);
#2275=LINE('',#5749,#2671);
#2276=LINE('',#5751,#2672);
#2277=LINE('',#5753,#2673);
#2278=LINE('',#5755,#2674);
#2279=LINE('',#5757,#2675);
#2280=LINE('',#5760,#2676);
#2281=LINE('',#5763,#2677);
#2282=LINE('',#5766,#2678);
#2283=LINE('',#5768,#2679);
#2284=LINE('',#5770,#2680);
#2285=LINE('',#5772,#2681);
#2286=LINE('',#5774,#2682);
#2287=LINE('',#5776,#2683);
#2288=LINE('',#5778,#2684);
#2289=LINE('',#5780,#2685);
#2290=LINE('',#5782,#2686);
#2291=LINE('',#5784,#2687);
#2292=LINE('',#5786,#2688);
#2293=LINE('',#5788,#2689);
#2294=LINE('',#5791,#2690);
#2295=LINE('',#5794,#2691);
#2296=LINE('',#5825,#2692);
#2297=LINE('',#5827,#2693);
#2298=LINE('',#5828,#2694);
#2299=LINE('',#5830,#2695);
#2300=LINE('',#5832,#2696);
#2301=LINE('',#5834,#2697);
#2302=LINE('',#5836,#2698);
#2303=LINE('',#5838,#2699);
#2304=LINE('',#5839,#2700);
#2305=LINE('',#5841,#2701);
#2306=LINE('',#5844,#2702);
#2307=LINE('',#5845,#2703);
#2308=LINE('',#5847,#2704);
#2309=LINE('',#5849,#2705);
#2310=LINE('',#5851,#2706);
#2311=LINE('',#5853,#2707);
#2312=LINE('',#5855,#2708);
#2313=LINE('',#5858,#2709);
#2314=LINE('',#5859,#2710);
#2315=LINE('',#5861,#2711);
#2316=LINE('',#5862,#2712);
#2317=LINE('',#5864,#2713);
#2318=LINE('',#5865,#2714);
#2319=LINE('',#5867,#2715);
#2320=LINE('',#5868,#2716);
#2321=LINE('',#5870,#2717);
#2322=LINE('',#5872,#2718);
#2323=LINE('',#5874,#2719);
#2324=LINE('',#5876,#2720);
#2325=LINE('',#5878,#2721);
#2326=LINE('',#5880,#2722);
#2327=LINE('',#5882,#2723);
#2328=LINE('',#5884,#2724);
#2329=LINE('',#5886,#2725);
#2330=LINE('',#5888,#2726);
#2331=LINE('',#5891,#2727);
#2332=LINE('',#5892,#2728);
#2333=LINE('',#5907,#2729);
#2334=LINE('',#5909,#2730);
#2335=LINE('',#5911,#2731);
#2336=LINE('',#5913,#2732);
#2337=LINE('',#5915,#2733);
#2338=LINE('',#5917,#2734);
#2339=LINE('',#5919,#2735);
#2340=LINE('',#5921,#2736);
#2341=LINE('',#5923,#2737);
#2342=LINE('',#5925,#2738);
#2343=LINE('',#5927,#2739);
#2344=LINE('',#5929,#2740);
#2345=LINE('',#5939,#2741);
#2346=LINE('',#5941,#2742);
#2347=LINE('',#5943,#2743);
#2348=LINE('',#5944,#2744);
#2349=LINE('',#5947,#2745);
#2350=LINE('',#5949,#2746);
#2351=LINE('',#5951,#2747);
#2352=LINE('',#5953,#2748);
#2353=LINE('',#5955,#2749);
#2354=LINE('',#5957,#2750);
#2355=LINE('',#5959,#2751);
#2356=LINE('',#5961,#2752);
#2357=LINE('',#5964,#2753);
#2358=LINE('',#5966,#2754);
#2359=LINE('',#5968,#2755);
#2360=LINE('',#5970,#2756);
#2361=LINE('',#5972,#2757);
#2362=LINE('',#5974,#2758);
#2363=LINE('',#5976,#2759);
#2364=LINE('',#5978,#2760);
#2365=VECTOR('',#3955,1.);
#2366=VECTOR('',#3956,1.);
#2367=VECTOR('',#3957,1.);
#2368=VECTOR('',#3958,1.);
#2369=VECTOR('',#3959,1.);
#2370=VECTOR('',#3960,1.);
#2371=VECTOR('',#3963,1.);
#2372=VECTOR('',#3964,1.);
#2373=VECTOR('',#3965,1.);
#2374=VECTOR('',#3966,1.);
#2375=VECTOR('',#3967,1.);
#2376=VECTOR('',#3968,1.);
#2377=VECTOR('',#3971,1.);
#2378=VECTOR('',#3972,1.);
#2379=VECTOR('',#3973,1.);
#2380=VECTOR('',#3974,1.);
#2381=VECTOR('',#3977,1.);
#2382=VECTOR('',#3978,1.);
#2383=VECTOR('',#3979,1.);
#2384=VECTOR('',#3980,1.);
#2385=VECTOR('',#3981,1.);
#2386=VECTOR('',#3982,1.);
#2387=VECTOR('',#3983,1.);
#2388=VECTOR('',#3984,1.);
#2389=VECTOR('',#3987,1.);
#2390=VECTOR('',#3992,1.);
#2391=VECTOR('',#3995,1.);
#2392=VECTOR('',#3996,1.);
#2393=VECTOR('',#3997,1.);
#2394=VECTOR('',#3998,1.);
#2395=VECTOR('',#4001,1.);
#2396=VECTOR('',#4004,1.);
#2397=VECTOR('',#4005,1.);
#2398=VECTOR('',#4006,1.);
#2399=VECTOR('',#4007,1.);
#2400=VECTOR('',#4008,1.);
#2401=VECTOR('',#4009,1.);
#2402=VECTOR('',#4010,1.);
#2403=VECTOR('',#4011,1.);
#2404=VECTOR('',#4012,1.);
#2405=VECTOR('',#4015,1.);
#2406=VECTOR('',#4018,1.);
#2407=VECTOR('',#4021,1.);
#2408=VECTOR('',#4024,1.);
#2409=VECTOR('',#4025,1.);
#2410=VECTOR('',#4026,1.);
#2411=VECTOR('',#4027,1.);
#2412=VECTOR('',#4028,1.);
#2413=VECTOR('',#4029,1.);
#2414=VECTOR('',#4030,1.);
#2415=VECTOR('',#4031,1.);
#2416=VECTOR('',#4032,1.);
#2417=VECTOR('',#4033,1.);
#2418=VECTOR('',#4034,1.);
#2419=VECTOR('',#4035,1.);
#2420=VECTOR('',#4036,1.);
#2421=VECTOR('',#4037,1.);
#2422=VECTOR('',#4038,1.);
#2423=VECTOR('',#4039,1.);
#2424=VECTOR('',#4040,1.);
#2425=VECTOR('',#4041,1.);
#2426=VECTOR('',#4046,1.);
#2427=VECTOR('',#4055,1.);
#2428=VECTOR('',#4056,1.);
#2429=VECTOR('',#4057,1.);
#2430=VECTOR('',#4060,1.);
#2431=VECTOR('',#4061,1.);
#2432=VECTOR('',#4064,1.);
#2433=VECTOR('',#4065,1.);
#2434=VECTOR('',#4068,1.);
#2435=VECTOR('',#4069,1.);
#2436=VECTOR('',#4072,1.);
#2437=VECTOR('',#4073,1.);
#2438=VECTOR('',#4076,1.);
#2439=VECTOR('',#4077,1.);
#2440=VECTOR('',#4080,1.);
#2441=VECTOR('',#4081,1.);
#2442=VECTOR('',#4084,1.);
#2443=VECTOR('',#4089,1.);
#2444=VECTOR('',#4090,1.);
#2445=VECTOR('',#4095,1.);
#2446=VECTOR('',#4098,1.);
#2447=VECTOR('',#4099,1.);
#2448=VECTOR('',#4102,1.);
#2449=VECTOR('',#4107,1.);
#2450=VECTOR('',#4108,1.);
#2451=VECTOR('',#4109,1.);
#2452=VECTOR('',#4116,1.);
#2453=VECTOR('',#4117,1.);
#2454=VECTOR('',#4118,1.);
#2455=VECTOR('',#4125,1.);
#2456=VECTOR('',#4130,1.);
#2457=VECTOR('',#4135,1.);
#2458=VECTOR('',#4136,1.);
#2459=VECTOR('',#4137,1.);
#2460=VECTOR('',#4138,1.);
#2461=VECTOR('',#4139,1.);
#2462=VECTOR('',#4142,1.);
#2463=VECTOR('',#4143,1.);
#2464=VECTOR('',#4144,1.);
#2465=VECTOR('',#4145,1.);
#2466=VECTOR('',#4146,1.);
#2467=VECTOR('',#4149,1.);
#2468=VECTOR('',#4150,1.);
#2469=VECTOR('',#4151,1.);
#2470=VECTOR('',#4156,1.);
#2471=VECTOR('',#4165,1.);
#2472=VECTOR('',#4166,1.);
#2473=VECTOR('',#4167,1.);
#2474=VECTOR('',#4170,1.);
#2475=VECTOR('',#4171,1.);
#2476=VECTOR('',#4174,1.);
#2477=VECTOR('',#4175,1.);
#2478=VECTOR('',#4178,1.);
#2479=VECTOR('',#4179,1.);
#2480=VECTOR('',#4182,1.);
#2481=VECTOR('',#4183,1.);
#2482=VECTOR('',#4186,1.);
#2483=VECTOR('',#4187,1.);
#2484=VECTOR('',#4190,1.);
#2485=VECTOR('',#4191,1.);
#2486=VECTOR('',#4194,1.);
#2487=VECTOR('',#4199,1.);
#2488=VECTOR('',#4200,1.);
#2489=VECTOR('',#4205,1.);
#2490=VECTOR('',#4208,1.);
#2491=VECTOR('',#4209,1.);
#2492=VECTOR('',#4212,1.);
#2493=VECTOR('',#4217,1.);
#2494=VECTOR('',#4218,1.);
#2495=VECTOR('',#4219,1.);
#2496=VECTOR('',#4226,1.);
#2497=VECTOR('',#4227,1.);
#2498=VECTOR('',#4228,1.);
#2499=VECTOR('',#4235,1.);
#2500=VECTOR('',#4240,1.);
#2501=VECTOR('',#4245,1.);
#2502=VECTOR('',#4246,1.);
#2503=VECTOR('',#4247,1.);
#2504=VECTOR('',#4248,1.);
#2505=VECTOR('',#4249,1.);
#2506=VECTOR('',#4250,1.);
#2507=VECTOR('',#4253,1.);
#2508=VECTOR('',#4254,1.);
#2509=VECTOR('',#4255,1.);
#2510=VECTOR('',#4256,1.);
#2511=VECTOR('',#4257,1.);
#2512=VECTOR('',#4258,1.);
#2513=VECTOR('',#4261,1.);
#2514=VECTOR('',#4262,1.);
#2515=VECTOR('',#4263,1.);
#2516=VECTOR('',#4264,1.);
#2517=VECTOR('',#4267,1.);
#2518=VECTOR('',#4268,1.);
#2519=VECTOR('',#4269,1.);
#2520=VECTOR('',#4270,1.);
#2521=VECTOR('',#4271,1.);
#2522=VECTOR('',#4272,1.);
#2523=VECTOR('',#4273,1.);
#2524=VECTOR('',#4274,1.);
#2525=VECTOR('',#4277,1.);
#2526=VECTOR('',#4282,1.);
#2527=VECTOR('',#4285,1.);
#2528=VECTOR('',#4286,1.);
#2529=VECTOR('',#4287,1.);
#2530=VECTOR('',#4292,1.);
#2531=VECTOR('',#4301,1.);
#2532=VECTOR('',#4302,1.);
#2533=VECTOR('',#4303,1.);
#2534=VECTOR('',#4306,1.);
#2535=VECTOR('',#4307,1.);
#2536=VECTOR('',#4310,1.);
#2537=VECTOR('',#4311,1.);
#2538=VECTOR('',#4314,1.);
#2539=VECTOR('',#4315,1.);
#2540=VECTOR('',#4318,1.);
#2541=VECTOR('',#4319,1.);
#2542=VECTOR('',#4322,1.);
#2543=VECTOR('',#4323,1.);
#2544=VECTOR('',#4326,1.);
#2545=VECTOR('',#4327,1.);
#2546=VECTOR('',#4330,1.);
#2547=VECTOR('',#4335,1.);
#2548=VECTOR('',#4336,1.);
#2549=VECTOR('',#4341,1.);
#2550=VECTOR('',#4344,1.);
#2551=VECTOR('',#4345,1.);
#2552=VECTOR('',#4348,1.);
#2553=VECTOR('',#4353,1.);
#2554=VECTOR('',#4354,1.);
#2555=VECTOR('',#4355,1.);
#2556=VECTOR('',#4362,1.);
#2557=VECTOR('',#4363,1.);
#2558=VECTOR('',#4364,1.);
#2559=VECTOR('',#4371,1.);
#2560=VECTOR('',#4376,1.);
#2561=VECTOR('',#4381,1.);
#2562=VECTOR('',#4384,1.);
#2563=VECTOR('',#4387,1.);
#2564=VECTOR('',#4390,1.);
#2565=VECTOR('',#4393,1.);
#2566=VECTOR('',#4396,1.);
#2567=VECTOR('',#4399,1.);
#2568=VECTOR('',#4402,1.);
#2569=VECTOR('',#4407,1.);
#2570=VECTOR('',#4408,1.);
#2571=VECTOR('',#4409,1.);
#2572=VECTOR('',#4410,1.);
#2573=VECTOR('',#4411,1.);
#2574=VECTOR('',#4412,1.);
#2575=VECTOR('',#4413,1.);
#2576=VECTOR('',#4414,1.);
#2577=VECTOR('',#4417,1.);
#2578=VECTOR('',#4418,1.);
#2579=VECTOR('',#4419,1.);
#2580=VECTOR('',#4420,1.);
#2581=VECTOR('',#4421,1.);
#2582=VECTOR('',#4422,1.);
#2583=VECTOR('',#4423,1.);
#2584=VECTOR('',#4424,1.);
#2585=VECTOR('',#4427,1.);
#2586=VECTOR('',#4428,1.);
#2587=VECTOR('',#4429,1.);
#2588=VECTOR('',#4430,1.);
#2589=VECTOR('',#4431,1.);
#2590=VECTOR('',#4432,1.);
#2591=VECTOR('',#4435,1.);
#2592=VECTOR('',#4436,1.);
#2593=VECTOR('',#4437,1.);
#2594=VECTOR('',#4438,1.);
#2595=VECTOR('',#4439,1.);
#2596=VECTOR('',#4440,1.);
#2597=VECTOR('',#4441,1.);
#2598=VECTOR('',#4444,1.);
#2599=VECTOR('',#4445,1.);
#2600=VECTOR('',#4446,1.);
#2601=VECTOR('',#4447,1.);
#2602=VECTOR('',#4452,1.);
#2603=VECTOR('',#4453,1.);
#2604=VECTOR('',#4454,1.);
#2605=VECTOR('',#4455,1.);
#2606=VECTOR('',#4456,1.);
#2607=VECTOR('',#4459,1.);
#2608=VECTOR('',#4460,1.);
#2609=VECTOR('',#4461,1.);
#2610=VECTOR('',#4462,1.);
#2611=VECTOR('',#4463,1.);
#2612=VECTOR('',#4464,1.);
#2613=VECTOR('',#4465,1.);
#2614=VECTOR('',#4466,1.);
#2615=VECTOR('',#4467,1.);
#2616=VECTOR('',#4468,1.);
#2617=VECTOR('',#4469,1.);
#2618=VECTOR('',#4470,1.);
#2619=VECTOR('',#4471,1.);
#2620=VECTOR('',#4472,1.);
#2621=VECTOR('',#4473,1.);
#2622=VECTOR('',#4478,1.);
#2623=VECTOR('',#4479,1.);
#2624=VECTOR('',#4480,1.);
#2625=VECTOR('',#4481,1.);
#2626=VECTOR('',#4484,1.);
#2627=VECTOR('',#4487,1.);
#2628=VECTOR('',#4490,1.);
#2629=VECTOR('',#4493,1.);
#2630=VECTOR('',#4494,1.);
#2631=VECTOR('',#4495,1.);
#2632=VECTOR('',#4496,1.);
#2633=VECTOR('',#4511,1.);
#2634=VECTOR('',#4512,1.);
#2635=VECTOR('',#4515,1.);
#2636=VECTOR('',#4516,1.);
#2637=VECTOR('',#4519,1.);
#2638=VECTOR('',#4522,1.);
#2639=VECTOR('',#4523,1.);
#2640=VECTOR('',#4524,1.);
#2641=VECTOR('',#4525,1.);
#2642=VECTOR('',#4592,1.);
#2643=VECTOR('',#4593,1.);
#2644=VECTOR('',#4594,1.);
#2645=VECTOR('',#4597,1.);
#2646=VECTOR('',#4604,1.);
#2647=VECTOR('',#4605,1.);
#2648=VECTOR('',#4606,1.);
#2649=VECTOR('',#4609,1.);
#2650=VECTOR('',#4610,1.);
#2651=VECTOR('',#4611,1.);
#2652=VECTOR('',#4612,1.);
#2653=VECTOR('',#4617,1.);
#2654=VECTOR('',#4622,1.);
#2655=VECTOR('',#4623,1.);
#2656=VECTOR('',#4626,1.);
#2657=VECTOR('',#4627,1.);
#2658=VECTOR('',#4628,1.);
#2659=VECTOR('',#4629,1.);
#2660=VECTOR('',#4632,1.);
#2661=VECTOR('',#4633,1.);
#2662=VECTOR('',#4638,1.);
#2663=VECTOR('',#4641,1.);
#2664=VECTOR('',#4660,1.);
#2665=VECTOR('',#4661,1.);
#2666=VECTOR('',#4662,1.);
#2667=VECTOR('',#4665,1.);
#2668=VECTOR('',#4666,1.);
#2669=VECTOR('',#4669,1.);
#2670=VECTOR('',#4670,1.);
#2671=VECTOR('',#4673,1.);
#2672=VECTOR('',#4674,1.);
#2673=VECTOR('',#4677,1.);
#2674=VECTOR('',#4678,1.);
#2675=VECTOR('',#4681,1.);
#2676=VECTOR('',#4686,1.);
#2677=VECTOR('',#4691,1.);
#2678=VECTOR('',#4696,1.);
#2679=VECTOR('',#4697,1.);
#2680=VECTOR('',#4698,1.);
#2681=VECTOR('',#4701,1.);
#2682=VECTOR('',#4702,1.);
#2683=VECTOR('',#4705,1.);
#2684=VECTOR('',#4706,1.);
#2685=VECTOR('',#4709,1.);
#2686=VECTOR('',#4710,1.);
#2687=VECTOR('',#4713,1.);
#2688=VECTOR('',#4714,1.);
#2689=VECTOR('',#4717,1.);
#2690=VECTOR('',#4722,1.);
#2691=VECTOR('',#4727,1.);
#2692=VECTOR('',#4772,1.);
#2693=VECTOR('',#4773,1.);
#2694=VECTOR('',#4774,1.);
#2695=VECTOR('',#4777,1.);
#2696=VECTOR('',#4780,1.);
#2697=VECTOR('',#4781,1.);
#2698=VECTOR('',#4784,1.);
#2699=VECTOR('',#4785,1.);
#2700=VECTOR('',#4786,1.);
#2701=VECTOR('',#4787,1.);
#2702=VECTOR('',#4792,1.);
#2703=VECTOR('',#4793,1.);
#2704=VECTOR('',#4796,1.);
#2705=VECTOR('',#4797,1.);
#2706=VECTOR('',#4800,1.);
#2707=VECTOR('',#4801,1.);
#2708=VECTOR('',#4804,1.);
#2709=VECTOR('',#4809,1.);
#2710=VECTOR('',#4810,1.);
#2711=VECTOR('',#4813,1.);
#2712=VECTOR('',#4814,1.);
#2713=VECTOR('',#4817,1.);
#2714=VECTOR('',#4818,1.);
#2715=VECTOR('',#4821,1.);
#2716=VECTOR('',#4822,1.);
#2717=VECTOR('',#4825,1.);
#2718=VECTOR('',#4826,1.);
#2719=VECTOR('',#4827,1.);
#2720=VECTOR('',#4830,1.);
#2721=VECTOR('',#4831,1.);
#2722=VECTOR('',#4832,1.);
#2723=VECTOR('',#4835,1.);
#2724=VECTOR('',#4836,1.);
#2725=VECTOR('',#4837,1.);
#2726=VECTOR('',#4840,1.);
#2727=VECTOR('',#4841,1.);
#2728=VECTOR('',#4842,1.);
#2729=VECTOR('',#4871,1.);
#2730=VECTOR('',#4872,1.);
#2731=VECTOR('',#4873,1.);
#2732=VECTOR('',#4874,1.);
#2733=VECTOR('',#4875,1.);
#2734=VECTOR('',#4876,1.);
#2735=VECTOR('',#4877,1.);
#2736=VECTOR('',#4880,1.);
#2737=VECTOR('',#4881,1.);
#2738=VECTOR('',#4884,1.);
#2739=VECTOR('',#4885,1.);
#2740=VECTOR('',#4888,1.);
#2741=VECTOR('',#4907,1.);
#2742=VECTOR('',#4908,1.);
#2743=VECTOR('',#4909,1.);
#2744=VECTOR('',#4910,1.);
#2745=VECTOR('',#4911,1.);
#2746=VECTOR('',#4912,1.);
#2747=VECTOR('',#4913,1.);
#2748=VECTOR('',#4916,1.);
#2749=VECTOR('',#4917,1.);
#2750=VECTOR('',#4920,1.);
#2751=VECTOR('',#4921,1.);
#2752=VECTOR('',#4924,1.);
#2753=VECTOR('',#4929,1.);
#2754=VECTOR('',#4930,1.);
#2755=VECTOR('',#4931,1.);
#2756=VECTOR('',#4934,1.);
#2757=VECTOR('',#4935,1.);
#2758=VECTOR('',#4938,1.);
#2759=VECTOR('',#4939,1.);
#2760=VECTOR('',#4942,1.);
#2761=EDGE_LOOP('',(#153,#154,#155,#156,#157,#158));
#2762=EDGE_LOOP('',(#159,#160,#161,#162,#163,#164));
#2763=EDGE_LOOP('',(#165,#166,#167,#168));
#2764=EDGE_LOOP('',(#169,#170,#171,#172,#173,#174,#175,#176));
#2765=EDGE_LOOP('',(#177,#178,#179,#180,#181,#182,#183,#184,#185,#186,#187,#188,#189,#190,#191,#192,#193,#194,#195,#196,#197,#198,#199,#200,#201,#202,#203,#204,#205,#206,#207,#208,#209,#210,#211,#212));
#2766=EDGE_LOOP('',(#213,#214,#215,#216,#217,#218,#219,#220));
#2767=EDGE_LOOP('',(#221,#222,#223,#224,#225,#226));
#2768=EDGE_LOOP('',(#227,#228,#229,#230,#231,#232,#233,#234));
#2769=EDGE_LOOP('',(#235,#236,#237,#238));
#2770=EDGE_LOOP('',(#239,#240,#241,#242));
#2771=EDGE_LOOP('',(#243,#244,#245,#246));
#2772=EDGE_LOOP('',(#247,#248,#249,#250));
#2773=EDGE_LOOP('',(#251,#252,#253,#254));
#2774=EDGE_LOOP('',(#255,#256,#257,#258));
#2775=EDGE_LOOP('',(#259,#260,#261,#262));
#2776=EDGE_LOOP('',(#263,#264,#265,#266));
#2777=EDGE_LOOP('',(#267,#268,#269,#270,#271,#272,#273,#274));
#2778=EDGE_LOOP('',(#275,#276,#277,#278));
#2779=EDGE_LOOP('',(#279,#280,#281,#282));
#2780=EDGE_LOOP('',(#283,#284,#285,#286));
#2781=EDGE_LOOP('',(#287,#288,#289,#290));
#2782=EDGE_LOOP('',(#291,#292,#293,#294));
#2783=EDGE_LOOP('',(#295,#296));
#2784=EDGE_LOOP('',(#297,#298,#299,#300));
#2785=EDGE_LOOP('',(#301,#302));
#2786=EDGE_LOOP('',(#303,#304,#305,#306));
#2787=EDGE_LOOP('',(#307,#308,#309,#310,#311,#312,#313,#314));
#2788=EDGE_LOOP('',(#315,#316,#317,#318));
#2789=EDGE_LOOP('',(#319,#320,#321,#322,#323,#324,#325,#326));
#2790=EDGE_LOOP('',(#327,#328,#329,#330,#331,#332));
#2791=EDGE_LOOP('',(#333,#334,#335,#336,#337,#338));
#2792=EDGE_LOOP('',(#339,#340,#341,#342));
#2793=EDGE_LOOP('',(#343,#344,#345,#346,#347,#348,#349,#350));
#2794=EDGE_LOOP('',(#351,#352,#353,#354));
#2795=EDGE_LOOP('',(#355,#356,#357,#358));
#2796=EDGE_LOOP('',(#359,#360,#361,#362));
#2797=EDGE_LOOP('',(#363,#364,#365,#366));
#2798=EDGE_LOOP('',(#367,#368,#369,#370));
#2799=EDGE_LOOP('',(#371,#372,#373,#374));
#2800=EDGE_LOOP('',(#375,#376,#377,#378));
#2801=EDGE_LOOP('',(#379,#380,#381,#382));
#2802=EDGE_LOOP('',(#383,#384,#385,#386,#387,#388,#389,#390));
#2803=EDGE_LOOP('',(#391,#392,#393,#394));
#2804=EDGE_LOOP('',(#395,#396,#397,#398));
#2805=EDGE_LOOP('',(#399,#400,#401,#402));
#2806=EDGE_LOOP('',(#403,#404,#405,#406));
#2807=EDGE_LOOP('',(#407,#408,#409,#410));
#2808=EDGE_LOOP('',(#411,#412));
#2809=EDGE_LOOP('',(#413,#414,#415,#416));
#2810=EDGE_LOOP('',(#417,#418));
#2811=EDGE_LOOP('',(#419,#420,#421,#422));
#2812=EDGE_LOOP('',(#423,#424,#425,#426,#427,#428,#429,#430));
#2813=EDGE_LOOP('',(#431,#432,#433,#434));
#2814=EDGE_LOOP('',(#435,#436,#437,#438,#439,#440,#441,#442));
#2815=EDGE_LOOP('',(#443,#444,#445,#446,#447,#448));
#2816=EDGE_LOOP('',(#449,#450,#451,#452,#453,#454));
#2817=EDGE_LOOP('',(#455,#456,#457,#458));
#2818=EDGE_LOOP('',(#459,#460,#461,#462,#463,#464,#465,#466));
#2819=EDGE_LOOP('',(#467,#468,#469,#470,#471,#472,#473,#474,#475,#476,#477,#478));
#2820=EDGE_LOOP('',(#479,#480,#481,#482,#483,#484,#485,#486));
#2821=EDGE_LOOP('',(#487,#488,#489,#490));
#2822=EDGE_LOOP('',(#491,#492,#493,#494));
#2823=EDGE_LOOP('',(#495,#496,#497,#498));
#2824=EDGE_LOOP('',(#499,#500,#501,#502));
#2825=EDGE_LOOP('',(#503,#504,#505,#506));
#2826=EDGE_LOOP('',(#507,#508,#509,#510));
#2827=EDGE_LOOP('',(#511,#512,#513,#514));
#2828=EDGE_LOOP('',(#515,#516,#517,#518));
#2829=EDGE_LOOP('',(#519,#520,#521,#522,#523,#524,#525,#526));
#2830=EDGE_LOOP('',(#527,#528,#529,#530));
#2831=EDGE_LOOP('',(#531,#532,#533,#534));
#2832=EDGE_LOOP('',(#535,#536,#537,#538));
#2833=EDGE_LOOP('',(#539,#540,#541,#542));
#2834=EDGE_LOOP('',(#543,#544,#545,#546));
#2835=EDGE_LOOP('',(#547,#548));
#2836=EDGE_LOOP('',(#549,#550,#551,#552));
#2837=EDGE_LOOP('',(#553,#554));
#2838=EDGE_LOOP('',(#555,#556,#557,#558));
#2839=EDGE_LOOP('',(#559,#560,#561,#562,#563,#564,#565,#566));
#2840=EDGE_LOOP('',(#567,#568,#569,#570));
#2841=EDGE_LOOP('',(#571,#572,#573,#574,#575,#576,#577,#578));
#2842=EDGE_LOOP('',(#579,#580,#581,#582,#583,#584,#585,#586));
#2843=EDGE_LOOP('',(#587,#588,#589,#590,#591,#592,#593,#594));
#2844=EDGE_LOOP('',(#595,#596,#597,#598));
#2845=EDGE_LOOP('',(#599,#600,#601,#602));
#2846=EDGE_LOOP('',(#603,#604,#605,#606,#607,#608,#609,#610));
#2847=EDGE_LOOP('',(#611,#612,#613,#614,#615,#616));
#2848=EDGE_LOOP('',(#617,#618,#619,#620,#621,#622));
#2849=EDGE_LOOP('',(#623,#624,#625,#626,#627,#628,#629,#630));
#2850=EDGE_LOOP('',(#631,#632,#633,#634,#635,#636));
#2851=EDGE_LOOP('',(#637,#638,#639,#640,#641,#642,#643,#644,#645,#646,#647,#648,#649,#650,#651,#652,#653,#654,#655,#656,#657,#658,#659,#660,#661,#662,#663,#664));
#2852=EDGE_LOOP('',(#665,#666,#667,#668,#669,#670,#671,#672));
#2853=EDGE_LOOP('',(#673,#674,#675,#676,#677,#678,#679,#680));
#2854=EDGE_LOOP('',(#681));
#2855=EDGE_LOOP('',(#682));
#2856=EDGE_LOOP('',(#683,#684,#685,#686));
#2857=EDGE_LOOP('',(#687,#688,#689,#690,#691,#692,#693,#694));
#2858=EDGE_LOOP('',(#695,#696,#697,#698));
#2859=EDGE_LOOP('',(#699));
#2860=EDGE_LOOP('',(#700));
#2861=EDGE_LOOP('',(#701));
#2862=EDGE_LOOP('',(#702));
#2863=EDGE_LOOP('',(#703));
#2864=EDGE_LOOP('',(#704));
#2865=EDGE_LOOP('',(#705,#706,#707,#708));
#2866=EDGE_LOOP('',(#709,#710,#711,#712));
#2867=EDGE_LOOP('',(#713,#714,#715,#716));
#2868=EDGE_LOOP('',(#717,#718,#719,#720));
#2869=EDGE_LOOP('',(#721,#722,#723,#724));
#2870=EDGE_LOOP('',(#725));
#2871=EDGE_LOOP('',(#726));
#2872=EDGE_LOOP('',(#727));
#2873=EDGE_LOOP('',(#728));
#2874=EDGE_LOOP('',(#729));
#2875=EDGE_LOOP('',(#730));
#2876=EDGE_LOOP('',(#731));
#2877=EDGE_LOOP('',(#732));
#2878=EDGE_LOOP('',(#733));
#2879=EDGE_LOOP('',(#734));
#2880=EDGE_LOOP('',(#735));
#2881=EDGE_LOOP('',(#736));
#2882=EDGE_LOOP('',(#737));
#2883=EDGE_LOOP('',(#738));
#2884=EDGE_LOOP('',(#739));
#2885=EDGE_LOOP('',(#740));
#2886=EDGE_LOOP('',(#741));
#2887=EDGE_LOOP('',(#742));
#2888=EDGE_LOOP('',(#743));
#2889=EDGE_LOOP('',(#744));
#2890=EDGE_LOOP('',(#745));
#2891=EDGE_LOOP('',(#746));
#2892=EDGE_LOOP('',(#747));
#2893=EDGE_LOOP('',(#748));
#2894=EDGE_LOOP('',(#749));
#2895=EDGE_LOOP('',(#750));
#2896=EDGE_LOOP('',(#751));
#2897=EDGE_LOOP('',(#752));
#2898=EDGE_LOOP('',(#753));
#2899=EDGE_LOOP('',(#754));
#2900=EDGE_LOOP('',(#755));
#2901=EDGE_LOOP('',(#756));
#2902=EDGE_LOOP('',(#757,#758,#759,#760));
#2903=EDGE_LOOP('',(#761,#762,#763,#764,#765,#766));
#2904=EDGE_LOOP('',(#767,#768,#769,#770,#771,#772));
#2905=EDGE_LOOP('',(#773,#774,#775,#776,#777,#778));
#2906=EDGE_LOOP('',(#779,#780,#781,#782,#783,#784));
#2907=EDGE_LOOP('',(#785,#786,#787,#788));
#2908=EDGE_LOOP('',(#789,#790,#791,#792));
#2909=EDGE_LOOP('',(#793,#794,#795,#796));
#2910=EDGE_LOOP('',(#797));
#2911=EDGE_LOOP('',(#798,#799,#800,#801));
#2912=EDGE_LOOP('',(#802,#803,#804,#805));
#2913=EDGE_LOOP('',(#806,#807,#808,#809));
#2914=EDGE_LOOP('',(#810));
#2915=EDGE_LOOP('',(#811));
#2916=EDGE_LOOP('',(#812));
#2917=EDGE_LOOP('',(#813));
#2918=EDGE_LOOP('',(#814));
#2919=EDGE_LOOP('',(#815));
#2920=EDGE_LOOP('',(#816));
#2921=EDGE_LOOP('',(#817,#818,#819,#820));
#2922=EDGE_LOOP('',(#821,#822,#823,#824));
#2923=EDGE_LOOP('',(#825,#826,#827,#828));
#2924=EDGE_LOOP('',(#829,#830,#831,#832));
#2925=EDGE_LOOP('',(#833,#834,#835,#836));
#2926=EDGE_LOOP('',(#837,#838,#839,#840));
#2927=EDGE_LOOP('',(#841,#842,#843,#844,#845,#846));
#2928=EDGE_LOOP('',(#847,#848,#849,#850));
#2929=EDGE_LOOP('',(#851,#852,#853));
#2930=EDGE_LOOP('',(#854,#855,#856,#857));
#2931=EDGE_LOOP('',(#858,#859,#860));
#2932=EDGE_LOOP('',(#861,#862,#863,#864));
#2933=EDGE_LOOP('',(#865,#866,#867,#868));
#2934=EDGE_LOOP('',(#869,#870,#871,#872));
#2935=EDGE_LOOP('',(#873,#874,#875,#876));
#2936=EDGE_LOOP('',(#877,#878,#879,#880));
#2937=EDGE_LOOP('',(#881,#882,#883,#884));
#2938=EDGE_LOOP('',(#885,#886,#887,#888,#889,#890));
#2939=EDGE_LOOP('',(#891,#892,#893,#894));
#2940=EDGE_LOOP('',(#895,#896,#897));
#2941=EDGE_LOOP('',(#898,#899,#900,#901));
#2942=EDGE_LOOP('',(#902,#903,#904));
#2943=EDGE_LOOP('',(#905,#906,#907,#908));
#2944=EDGE_LOOP('',(#909,#910,#911,#912));
#2945=EDGE_LOOP('',(#913,#914,#915,#916));
#2946=EDGE_LOOP('',(#917,#918,#919,#920));
#2947=EDGE_LOOP('',(#921));
#2948=EDGE_LOOP('',(#922));
#2949=EDGE_LOOP('',(#923));
#2950=EDGE_LOOP('',(#924));
#2951=EDGE_LOOP('',(#925));
#2952=EDGE_LOOP('',(#926));
#2953=EDGE_LOOP('',(#927));
#2954=EDGE_LOOP('',(#928));
#2955=EDGE_LOOP('',(#929));
#2956=EDGE_LOOP('',(#930));
#2957=EDGE_LOOP('',(#931));
#2958=EDGE_LOOP('',(#932));
#2959=EDGE_LOOP('',(#933));
#2960=EDGE_LOOP('',(#934));
#2961=EDGE_LOOP('',(#935));
#2962=EDGE_LOOP('',(#936));
#2963=EDGE_LOOP('',(#937,#938,#939,#940,#941,#942));
#2964=EDGE_LOOP('',(#943,#944,#945,#946));
#2965=EDGE_LOOP('',(#947,#948,#949,#950,#951,#952));
#2966=EDGE_LOOP('',(#953,#954,#955,#956,#957,#958,#959,#960));
#2967=EDGE_LOOP('',(#961,#962,#963,#964));
#2968=EDGE_LOOP('',(#965,#966,#967,#968));
#2969=EDGE_LOOP('',(#969,#970,#971,#972,#973,#974));
#2970=EDGE_LOOP('',(#975,#976,#977,#978));
#2971=EDGE_LOOP('',(#979,#980,#981,#982,#983,#984));
#2972=EDGE_LOOP('',(#985,#986,#987,#988));
#2973=EDGE_LOOP('',(#989,#990,#991,#992));
#2974=EDGE_LOOP('',(#993,#994,#995,#996));
#2975=EDGE_LOOP('',(#997,#998,#999,#1000));
#2976=EDGE_LOOP('',(#1001,#1002,#1003,#1004));
#2977=EDGE_LOOP('',(#1005,#1006,#1007,#1008));
#2978=EDGE_LOOP('',(#1009,#1010,#1011,#1012));
#2979=EDGE_LOOP('',(#1013,#1014,#1015,#1016));
#2980=EDGE_LOOP('',(#1017,#1018,#1019,#1020));
#2981=EDGE_LOOP('',(#1021,#1022,#1023,#1024,#1025,#1026,#1027,#1028));
#2982=EDGE_LOOP('',(#1029,#1030,#1031,#1032));
#2983=EDGE_LOOP('',(#1033,#1034,#1035,#1036));
#2984=EDGE_LOOP('',(#1037,#1038,#1039,#1040));
#2985=EDGE_LOOP('',(#1041,#1042,#1043,#1044));
#2986=EDGE_LOOP('',(#1045,#1046,#1047,#1048));
#2987=EDGE_LOOP('',(#1049,#1050,#1051,#1052));
#2988=EDGE_LOOP('',(#1053,#1054,#1055,#1056));
#2989=EDGE_LOOP('',(#1057,#1058,#1059,#1060));
#2990=EDGE_LOOP('',(#1061,#1062,#1063,#1064,#1065,#1066,#1067,#1068));
#2991=EDGE_LOOP('',(#1069,#1070,#1071,#1072));
#2992=EDGE_LOOP('',(#1073,#1074,#1075,#1076));
#2993=EDGE_LOOP('',(#1077,#1078,#1079,#1080));
#2994=EDGE_LOOP('',(#1081));
#2995=EDGE_LOOP('',(#1082));
#2996=EDGE_LOOP('',(#1083));
#2997=EDGE_LOOP('',(#1084));
#2998=EDGE_LOOP('',(#1085));
#2999=EDGE_LOOP('',(#1086));
#3000=EDGE_LOOP('',(#1087));
#3001=EDGE_LOOP('',(#1088));
#3002=EDGE_LOOP('',(#1089,#1090,#1091,#1092));
#3003=EDGE_LOOP('',(#1093,#1094,#1095,#1096));
#3004=EDGE_LOOP('',(#1097,#1098,#1099,#1100));
#3005=EDGE_LOOP('',(#1101,#1102,#1103,#1104));
#3006=EDGE_LOOP('',(#1105,#1106,#1107,#1108));
#3007=EDGE_LOOP('',(#1109,#1110,#1111,#1112,#1113,#1114,#1115,#1116));
#3008=EDGE_LOOP('',(#1117,#1118,#1119,#1120));
#3009=EDGE_LOOP('',(#1121,#1122,#1123,#1124));
#3010=EDGE_LOOP('',(#1125,#1126,#1127,#1128));
#3011=EDGE_LOOP('',(#1129,#1130,#1131,#1132));
#3012=EDGE_LOOP('',(#1133,#1134,#1135,#1136));
#3013=FACE_BOUND('',#2761,.T.);
#3014=FACE_BOUND('',#2762,.T.);
#3015=FACE_BOUND('',#2763,.T.);
#3016=FACE_BOUND('',#2764,.T.);
#3017=FACE_BOUND('',#2765,.T.);
#3018=FACE_BOUND('',#2766,.T.);
#3019=FACE_BOUND('',#2767,.T.);
#3020=FACE_BOUND('',#2768,.T.);
#3021=FACE_BOUND('',#2769,.T.);
#3022=FACE_BOUND('',#2770,.T.);
#3023=FACE_BOUND('',#2771,.T.);
#3024=FACE_BOUND('',#2772,.T.);
#3025=FACE_BOUND('',#2773,.T.);
#3026=FACE_BOUND('',#2774,.T.);
#3027=FACE_BOUND('',#2775,.T.);
#3028=FACE_BOUND('',#2776,.T.);
#3029=FACE_BOUND('',#2777,.T.);
#3030=FACE_BOUND('',#2778,.T.);
#3031=FACE_BOUND('',#2779,.T.);
#3032=FACE_BOUND('',#2780,.T.);
#3033=FACE_BOUND('',#2781,.T.);
#3034=FACE_BOUND('',#2782,.T.);
#3035=FACE_BOUND('',#2783,.T.);
#3036=FACE_BOUND('',#2784,.T.);
#3037=FACE_BOUND('',#2785,.T.);
#3038=FACE_BOUND('',#2786,.T.);
#3039=FACE_BOUND('',#2787,.T.);
#3040=FACE_BOUND('',#2788,.T.);
#3041=FACE_BOUND('',#2789,.T.);
#3042=FACE_BOUND('',#2790,.T.);
#3043=FACE_BOUND('',#2791,.T.);
#3044=FACE_BOUND('',#2792,.T.);
#3045=FACE_BOUND('',#2793,.T.);
#3046=FACE_BOUND('',#2794,.T.);
#3047=FACE_BOUND('',#2795,.T.);
#3048=FACE_BOUND('',#2796,.T.);
#3049=FACE_BOUND('',#2797,.T.);
#3050=FACE_BOUND('',#2798,.T.);
#3051=FACE_BOUND('',#2799,.T.);
#3052=FACE_BOUND('',#2800,.T.);
#3053=FACE_BOUND('',#2801,.T.);
#3054=FACE_BOUND('',#2802,.T.);
#3055=FACE_BOUND('',#2803,.T.);
#3056=FACE_BOUND('',#2804,.T.);
#3057=FACE_BOUND('',#2805,.T.);
#3058=FACE_BOUND('',#2806,.T.);
#3059=FACE_BOUND('',#2807,.T.);
#3060=FACE_BOUND('',#2808,.T.);
#3061=FACE_BOUND('',#2809,.T.);
#3062=FACE_BOUND('',#2810,.T.);
#3063=FACE_BOUND('',#2811,.T.);
#3064=FACE_BOUND('',#2812,.T.);
#3065=FACE_BOUND('',#2813,.T.);
#3066=FACE_BOUND('',#2814,.T.);
#3067=FACE_BOUND('',#2815,.T.);
#3068=FACE_BOUND('',#2816,.T.);
#3069=FACE_BOUND('',#2817,.T.);
#3070=FACE_BOUND('',#2818,.T.);
#3071=FACE_BOUND('',#2819,.T.);
#3072=FACE_BOUND('',#2820,.T.);
#3073=FACE_BOUND('',#2821,.T.);
#3074=FACE_BOUND('',#2822,.T.);
#3075=FACE_BOUND('',#2823,.T.);
#3076=FACE_BOUND('',#2824,.T.);
#3077=FACE_BOUND('',#2825,.T.);
#3078=FACE_BOUND('',#2826,.T.);
#3079=FACE_BOUND('',#2827,.T.);
#3080=FACE_BOUND('',#2828,.T.);
#3081=FACE_BOUND('',#2829,.T.);
#3082=FACE_BOUND('',#2830,.T.);
#3083=FACE_BOUND('',#2831,.T.);
#3084=FACE_BOUND('',#2832,.T.);
#3085=FACE_BOUND('',#2833,.T.);
#3086=FACE_BOUND('',#2834,.T.);
#3087=FACE_BOUND('',#2835,.T.);
#3088=FACE_BOUND('',#2836,.T.);
#3089=FACE_BOUND('',#2837,.T.);
#3090=FACE_BOUND('',#2838,.T.);
#3091=FACE_BOUND('',#2839,.T.);
#3092=FACE_BOUND('',#2840,.T.);
#3093=FACE_BOUND('',#2841,.T.);
#3094=FACE_BOUND('',#2842,.T.);
#3095=FACE_BOUND('',#2843,.T.);
#3096=FACE_BOUND('',#2844,.T.);
#3097=FACE_BOUND('',#2845,.T.);
#3098=FACE_BOUND('',#2846,.T.);
#3099=FACE_BOUND('',#2847,.T.);
#3100=FACE_BOUND('',#2848,.T.);
#3101=FACE_BOUND('',#2849,.T.);
#3102=FACE_BOUND('',#2850,.T.);
#3103=FACE_BOUND('',#2851,.T.);
#3104=FACE_BOUND('',#2852,.T.);
#3105=FACE_BOUND('',#2853,.T.);
#3106=FACE_BOUND('',#2854,.T.);
#3107=FACE_BOUND('',#2855,.T.);
#3108=FACE_BOUND('',#2856,.T.);
#3109=FACE_BOUND('',#2857,.T.);
#3110=FACE_BOUND('',#2858,.T.);
#3111=FACE_BOUND('',#2859,.T.);
#3112=FACE_BOUND('',#2860,.T.);
#3113=FACE_BOUND('',#2861,.T.);
#3114=FACE_BOUND('',#2862,.T.);
#3115=FACE_BOUND('',#2863,.T.);
#3116=FACE_BOUND('',#2864,.T.);
#3117=FACE_BOUND('',#2865,.T.);
#3118=FACE_BOUND('',#2866,.T.);
#3119=FACE_BOUND('',#2867,.T.);
#3120=FACE_BOUND('',#2868,.T.);
#3121=FACE_BOUND('',#2869,.T.);
#3122=FACE_BOUND('',#2870,.T.);
#3123=FACE_BOUND('',#2871,.T.);
#3124=FACE_BOUND('',#2872,.T.);
#3125=FACE_BOUND('',#2873,.T.);
#3126=FACE_BOUND('',#2874,.T.);
#3127=FACE_BOUND('',#2875,.T.);
#3128=FACE_BOUND('',#2876,.T.);
#3129=FACE_BOUND('',#2877,.T.);
#3130=FACE_BOUND('',#2878,.T.);
#3131=FACE_BOUND('',#2879,.T.);
#3132=FACE_BOUND('',#2880,.T.);
#3133=FACE_BOUND('',#2881,.T.);
#3134=FACE_BOUND('',#2882,.T.);
#3135=FACE_BOUND('',#2883,.T.);
#3136=FACE_BOUND('',#2884,.T.);
#3137=FACE_BOUND('',#2885,.T.);
#3138=FACE_BOUND('',#2886,.T.);
#3139=FACE_BOUND('',#2887,.T.);
#3140=FACE_BOUND('',#2888,.T.);
#3141=FACE_BOUND('',#2889,.T.);
#3142=FACE_BOUND('',#2890,.T.);
#3143=FACE_BOUND('',#2891,.T.);
#3144=FACE_BOUND('',#2892,.T.);
#3145=FACE_BOUND('',#2893,.T.);
#3146=FACE_BOUND('',#2894,.T.);
#3147=FACE_BOUND('',#2895,.T.);
#3148=FACE_BOUND('',#2896,.T.);
#3149=FACE_BOUND('',#2897,.T.);
#3150=FACE_BOUND('',#2898,.T.);
#3151=FACE_BOUND('',#2899,.T.);
#3152=FACE_BOUND('',#2900,.T.);
#3153=FACE_BOUND('',#2901,.T.);
#3154=FACE_BOUND('',#2902,.T.);
#3155=FACE_BOUND('',#2903,.T.);
#3156=FACE_BOUND('',#2904,.T.);
#3157=FACE_BOUND('',#2905,.T.);
#3158=FACE_BOUND('',#2906,.T.);
#3159=FACE_BOUND('',#2907,.T.);
#3160=FACE_BOUND('',#2908,.T.);
#3161=FACE_BOUND('',#2909,.T.);
#3162=FACE_BOUND('',#2910,.T.);
#3163=FACE_BOUND('',#2911,.T.);
#3164=FACE_BOUND('',#2912,.T.);
#3165=FACE_BOUND('',#2913,.T.);
#3166=FACE_BOUND('',#2914,.T.);
#3167=FACE_BOUND('',#2915,.T.);
#3168=FACE_BOUND('',#2916,.T.);
#3169=FACE_BOUND('',#2917,.T.);
#3170=FACE_BOUND('',#2918,.T.);
#3171=FACE_BOUND('',#2919,.T.);
#3172=FACE_BOUND('',#2920,.T.);
#3173=FACE_BOUND('',#2921,.T.);
#3174=FACE_BOUND('',#2922,.T.);
#3175=FACE_BOUND('',#2923,.T.);
#3176=FACE_BOUND('',#2924,.T.);
#3177=FACE_BOUND('',#2925,.T.);
#3178=FACE_BOUND('',#2926,.T.);
#3179=FACE_BOUND('',#2927,.T.);
#3180=FACE_BOUND('',#2928,.T.);
#3181=FACE_BOUND('',#2929,.T.);
#3182=FACE_BOUND('',#2930,.T.);
#3183=FACE_BOUND('',#2931,.T.);
#3184=FACE_BOUND('',#2932,.T.);
#3185=FACE_BOUND('',#2933,.T.);
#3186=FACE_BOUND('',#2934,.T.);
#3187=FACE_BOUND('',#2935,.T.);
#3188=FACE_BOUND('',#2936,.T.);
#3189=FACE_BOUND('',#2937,.T.);
#3190=FACE_BOUND('',#2938,.T.);
#3191=FACE_BOUND('',#2939,.T.);
#3192=FACE_BOUND('',#2940,.T.);
#3193=FACE_BOUND('',#2941,.T.);
#3194=FACE_BOUND('',#2942,.T.);
#3195=FACE_BOUND('',#2943,.T.);
#3196=FACE_BOUND('',#2944,.T.);
#3197=FACE_BOUND('',#2945,.T.);
#3198=FACE_BOUND('',#2946,.T.);
#3199=FACE_BOUND('',#2947,.T.);
#3200=FACE_BOUND('',#2948,.T.);
#3201=FACE_BOUND('',#2949,.T.);
#3202=FACE_BOUND('',#2950,.T.);
#3203=FACE_BOUND('',#2951,.T.);
#3204=FACE_BOUND('',#2952,.T.);
#3205=FACE_BOUND('',#2953,.T.);
#3206=FACE_BOUND('',#2954,.T.);
#3207=FACE_BOUND('',#2955,.T.);
#3208=FACE_BOUND('',#2956,.T.);
#3209=FACE_BOUND('',#2957,.T.);
#3210=FACE_BOUND('',#2958,.T.);
#3211=FACE_BOUND('',#2959,.T.);
#3212=FACE_BOUND('',#2960,.T.);
#3213=FACE_BOUND('',#2961,.T.);
#3214=FACE_BOUND('',#2962,.T.);
#3215=FACE_BOUND('',#2963,.T.);
#3216=FACE_BOUND('',#2964,.T.);
#3217=FACE_BOUND('',#2965,.T.);
#3218=FACE_BOUND('',#2966,.T.);
#3219=FACE_BOUND('',#2967,.T.);
#3220=FACE_BOUND('',#2968,.T.);
#3221=FACE_BOUND('',#2969,.T.);
#3222=FACE_BOUND('',#2970,.T.);
#3223=FACE_BOUND('',#2971,.T.);
#3224=FACE_BOUND('',#2972,.T.);
#3225=FACE_BOUND('',#2973,.T.);
#3226=FACE_BOUND('',#2974,.T.);
#3227=FACE_BOUND('',#2975,.T.);
#3228=FACE_BOUND('',#2976,.T.);
#3229=FACE_BOUND('',#2977,.T.);
#3230=FACE_BOUND('',#2978,.T.);
#3231=FACE_BOUND('',#2979,.T.);
#3232=FACE_BOUND('',#2980,.T.);
#3233=FACE_BOUND('',#2981,.T.);
#3234=FACE_BOUND('',#2982,.T.);
#3235=FACE_BOUND('',#2983,.T.);
#3236=FACE_BOUND('',#2984,.T.);
#3237=FACE_BOUND('',#2985,.T.);
#3238=FACE_BOUND('',#2986,.T.);
#3239=FACE_BOUND('',#2987,.T.);
#3240=FACE_BOUND('',#2988,.T.);
#3241=FACE_BOUND('',#2989,.T.);
#3242=FACE_BOUND('',#2990,.T.);
#3243=FACE_BOUND('',#2991,.T.);
#3244=FACE_BOUND('',#2992,.T.);
#3245=FACE_BOUND('',#2993,.T.);
#3246=FACE_BOUND('',#2994,.T.);
#3247=FACE_BOUND('',#2995,.T.);
#3248=FACE_BOUND('',#2996,.T.);
#3249=FACE_BOUND('',#2997,.T.);
#3250=FACE_BOUND('',#2998,.T.);
#3251=FACE_BOUND('',#2999,.T.);
#3252=FACE_BOUND('',#3000,.T.);
#3253=FACE_BOUND('',#3001,.T.);
#3254=FACE_BOUND('',#3002,.T.);
#3255=FACE_BOUND('',#3003,.T.);
#3256=FACE_BOUND('',#3004,.T.);
#3257=FACE_BOUND('',#3005,.T.);
#3258=FACE_BOUND('',#3006,.T.);
#3259=FACE_BOUND('',#3007,.T.);
#3260=FACE_BOUND('',#3008,.T.);
#3261=FACE_BOUND('',#3009,.T.);
#3262=FACE_BOUND('',#3010,.T.);
#3263=FACE_BOUND('',#3011,.T.);
#3264=FACE_BOUND('',#3012,.T.);
#3265=PLANE('',#3653);
#3266=PLANE('',#3654);
#3267=PLANE('',#3655);
#3268=PLANE('',#3656);
#3269=PLANE('',#3667);
#3270=PLANE('',#3672);
#3271=PLANE('',#3673);
#3272=PLANE('',#3674);
#3273=PLANE('',#3675);
#3274=PLANE('',#3676);
#3275=PLANE('',#3677);
#3276=PLANE('',#3678);
#3277=PLANE('',#3679);
#3278=PLANE('',#3680);
#3279=PLANE('',#3681);
#3280=PLANE('',#3682);
#3281=PLANE('',#3684);
#3282=PLANE('',#3685);
#3283=PLANE('',#3687);
#3284=PLANE('',#3688);
#3285=PLANE('',#3690);
#3286=PLANE('',#3691);
#3287=PLANE('',#3697);
#3288=PLANE('',#3698);
#3289=PLANE('',#3699);
#3290=PLANE('',#3700);
#3291=PLANE('',#3705);
#3292=PLANE('',#3706);
#3293=PLANE('',#3707);
#3294=PLANE('',#3708);
#3295=PLANE('',#3709);
#3296=PLANE('',#3710);
#3297=PLANE('',#3711);
#3298=PLANE('',#3712);
#3299=PLANE('',#3713);
#3300=PLANE('',#3714);
#3301=PLANE('',#3715);
#3302=PLANE('',#3717);
#3303=PLANE('',#3718);
#3304=PLANE('',#3720);
#3305=PLANE('',#3721);
#3306=PLANE('',#3723);
#3307=PLANE('',#3724);
#3308=PLANE('',#3730);
#3309=PLANE('',#3731);
#3310=PLANE('',#3732);
#3311=PLANE('',#3733);
#3312=PLANE('',#3738);
#3313=PLANE('',#3743);
#3314=PLANE('',#3744);
#3315=PLANE('',#3745);
#3316=PLANE('',#3746);
#3317=PLANE('',#3747);
#3318=PLANE('',#3748);
#3319=PLANE('',#3749);
#3320=PLANE('',#3750);
#3321=PLANE('',#3751);
#3322=PLANE('',#3752);
#3323=PLANE('',#3753);
#3324=PLANE('',#3755);
#3325=PLANE('',#3756);
#3326=PLANE('',#3758);
#3327=PLANE('',#3759);
#3328=PLANE('',#3761);
#3329=PLANE('',#3762);
#3330=PLANE('',#3768);
#3331=PLANE('',#3777);
#3332=PLANE('',#3778);
#3333=PLANE('',#3779);
#3334=PLANE('',#3780);
#3335=PLANE('',#3783);
#3336=PLANE('',#3784);
#3337=PLANE('',#3797);
#3338=PLANE('',#3798);
#3339=PLANE('',#3799);
#3340=PLANE('',#3800);
#3341=PLANE('',#3803);
#3342=PLANE('',#3807);
#3343=PLANE('',#3811);
#3344=PLANE('',#3815);
#3345=PLANE('',#3819);
#3346=PLANE('',#3823);
#3347=PLANE('',#3827);
#3348=PLANE('',#3831);
#3349=PLANE('',#3833);
#3350=PLANE('',#3834);
#3351=PLANE('',#3837);
#3352=PLANE('',#3838);
#3353=PLANE('',#3839);
#3354=PLANE('',#3842);
#3355=PLANE('',#3843);
#3356=PLANE('',#3844);
#3357=PLANE('',#3845);
#3358=PLANE('',#3847);
#3359=PLANE('',#3848);
#3360=PLANE('',#3854);
#3361=PLANE('',#3855);
#3362=PLANE('',#3856);
#3363=PLANE('',#3857);
#3364=PLANE('',#3858);
#3365=PLANE('',#3859);
#3366=PLANE('',#3860);
#3367=PLANE('',#3861);
#3368=PLANE('',#3862);
#3369=PLANE('',#3863);
#3370=PLANE('',#3864);
#3371=PLANE('',#3865);
#3372=PLANE('',#3866);
#3373=PLANE('',#3867);
#3374=PLANE('',#3868);
#3375=PLANE('',#3869);
#3376=PLANE('',#3870);
#3377=PLANE('',#3871);
#3378=PLANE('',#3872);
#3379=PLANE('',#3873);
#3380=PLANE('',#3874);
#3381=PLANE('',#3875);
#3382=PLANE('',#3876);
#3383=PLANE('',#3877);
#3384=PLANE('',#3898);
#3385=PLANE('',#3899);
#3386=PLANE('',#3900);
#3387=PLANE('',#3901);
#3388=PLANE('',#3902);
#3389=PLANE('',#3903);
#3390=PLANE('',#3904);
#3391=PLANE('',#3905);
#3392=PLANE('',#3906);
#3393=PLANE('',#3907);
#3394=PLANE('',#3908);
#3395=PLANE('',#3909);
#3396=PLANE('',#3910);
#3397=PLANE('',#3911);
#3398=PLANE('',#3912);
#3399=PLANE('',#3913);
#3400=PLANE('',#3914);
#3401=PLANE('',#3915);
#3402=PLANE('',#3916);
#3403=PLANE('',#3929);
#3404=PLANE('',#3930);
#3405=PLANE('',#3931);
#3406=PLANE('',#3932);
#3407=PLANE('',#3933);
#3408=PLANE('',#3934);
#3409=PLANE('',#3935);
#3410=PLANE('',#3936);
#3411=PLANE('',#3937);
#3412=PLANE('',#3938);
#3413=PLANE('',#3939);
#3414=PLANE('',#3940);
#3415=PLANE('',#3941);
#3416=PLANE('',#3942);
#3417=PLANE('',#3943);
#3418=PLANE('',#3944);
#3419=PLANE('',#3945);
#3420=PLANE('',#3946);
#3421=PLANE('',#3947);
#3422=PLANE('',#3948);
#3423=PLANE('',#3949);
#3424=PLANE('',#3950);
#3425=ADVANCED_FACE('',(#3013),#3265,.T.);
#3426=ADVANCED_FACE('',(#3014),#3266,.T.);
#3427=ADVANCED_FACE('',(#3015),#3267,.T.);
#3428=ADVANCED_FACE('',(#3016,#3017,#3018,#3019),#3268,.F.);
#3429=ADVANCED_FACE('',(#3020),#3269,.T.);
#3430=ADVANCED_FACE('',(#3021),#3270,.F.);
#3431=ADVANCED_FACE('',(#3022),#3271,.F.);
#3432=ADVANCED_FACE('',(#3023),#3272,.F.);
#3433=ADVANCED_FACE('',(#3024),#3273,.T.);
#3434=ADVANCED_FACE('',(#3025),#3274,.F.);
#3435=ADVANCED_FACE('',(#3026),#3275,.F.);
#3436=ADVANCED_FACE('',(#3027),#3276,.T.);
#3437=ADVANCED_FACE('',(#3028),#3277,.F.);
#3438=ADVANCED_FACE('',(#3029),#3278,.T.);
#3439=ADVANCED_FACE('',(#3030),#3279,.F.);
#3440=ADVANCED_FACE('',(#3031),#3280,.T.);
#3441=ADVANCED_FACE('',(#3032),#3281,.T.);
#3442=ADVANCED_FACE('',(#3033),#3282,.T.);
#3443=ADVANCED_FACE('',(#3034),#3283,.T.);
#3444=ADVANCED_FACE('',(#3035),#3284,.T.);
#3445=ADVANCED_FACE('',(#3036),#3285,.F.);
#3446=ADVANCED_FACE('',(#3037),#3286,.T.);
#3447=ADVANCED_FACE('',(#3038),#15,.T.);
#3448=ADVANCED_FACE('',(#3039),#16,.T.);
#3449=ADVANCED_FACE('',(#3040),#17,.T.);
#3450=ADVANCED_FACE('',(#3041),#18,.T.);
#3451=ADVANCED_FACE('',(#3042),#3287,.T.);
#3452=ADVANCED_FACE('',(#3043),#3288,.T.);
#3453=ADVANCED_FACE('',(#3044),#3289,.T.);
#3454=ADVANCED_FACE('',(#3045),#3290,.T.);
#3455=ADVANCED_FACE('',(#3046),#3291,.F.);
#3456=ADVANCED_FACE('',(#3047),#3292,.F.);
#3457=ADVANCED_FACE('',(#3048),#3293,.F.);
#3458=ADVANCED_FACE('',(#3049),#3294,.T.);
#3459=ADVANCED_FACE('',(#3050),#3295,.F.);
#3460=ADVANCED_FACE('',(#3051),#3296,.F.);
#3461=ADVANCED_FACE('',(#3052),#3297,.T.);
#3462=ADVANCED_FACE('',(#3053),#3298,.F.);
#3463=ADVANCED_FACE('',(#3054),#3299,.T.);
#3464=ADVANCED_FACE('',(#3055),#3300,.F.);
#3465=ADVANCED_FACE('',(#3056),#3301,.T.);
#3466=ADVANCED_FACE('',(#3057),#3302,.T.);
#3467=ADVANCED_FACE('',(#3058),#3303,.T.);
#3468=ADVANCED_FACE('',(#3059),#3304,.T.);
#3469=ADVANCED_FACE('',(#3060),#3305,.T.);
#3470=ADVANCED_FACE('',(#3061),#3306,.F.);
#3471=ADVANCED_FACE('',(#3062),#3307,.T.);
#3472=ADVANCED_FACE('',(#3063),#19,.T.);
#3473=ADVANCED_FACE('',(#3064),#20,.T.);
#3474=ADVANCED_FACE('',(#3065),#21,.T.);
#3475=ADVANCED_FACE('',(#3066),#22,.T.);
#3476=ADVANCED_FACE('',(#3067),#3308,.T.);
#3477=ADVANCED_FACE('',(#3068),#3309,.T.);
#3478=ADVANCED_FACE('',(#3069),#3310,.T.);
#3479=ADVANCED_FACE('',(#3070,#3071),#3311,.F.);
#3480=ADVANCED_FACE('',(#3072),#3312,.T.);
#3481=ADVANCED_FACE('',(#3073),#3313,.F.);
#3482=ADVANCED_FACE('',(#3074),#3314,.F.);
#3483=ADVANCED_FACE('',(#3075),#3315,.F.);
#3484=ADVANCED_FACE('',(#3076),#3316,.T.);
#3485=ADVANCED_FACE('',(#3077),#3317,.F.);
#3486=ADVANCED_FACE('',(#3078),#3318,.F.);
#3487=ADVANCED_FACE('',(#3079),#3319,.T.);
#3488=ADVANCED_FACE('',(#3080),#3320,.F.);
#3489=ADVANCED_FACE('',(#3081),#3321,.T.);
#3490=ADVANCED_FACE('',(#3082),#3322,.F.);
#3491=ADVANCED_FACE('',(#3083),#3323,.T.);
#3492=ADVANCED_FACE('',(#3084),#3324,.T.);
#3493=ADVANCED_FACE('',(#3085),#3325,.T.);
#3494=ADVANCED_FACE('',(#3086),#3326,.T.);
#3495=ADVANCED_FACE('',(#3087),#3327,.T.);
#3496=ADVANCED_FACE('',(#3088),#3328,.F.);
#3497=ADVANCED_FACE('',(#3089),#3329,.T.);
#3498=ADVANCED_FACE('',(#3090),#23,.T.);
#3499=ADVANCED_FACE('',(#3091),#24,.T.);
#3500=ADVANCED_FACE('',(#3092),#25,.T.);
#3501=ADVANCED_FACE('',(#3093),#26,.T.);
#3502=ADVANCED_FACE('',(#3094,#3095),#3330,.T.);
#3503=ADVANCED_FACE('',(#3096,#3097),#3331,.F.);
#3504=ADVANCED_FACE('',(#3098),#3332,.T.);
#3505=ADVANCED_FACE('',(#3099),#3333,.T.);
#3506=ADVANCED_FACE('',(#3100,#3101),#3334,.F.);
#3507=ADVANCED_FACE('',(#3102),#3335,.T.);
#3508=ADVANCED_FACE('',(#3103,#3104,#3105,#3106,#3107,#3108,#3109,#3110,#3111,#3112,#3113,#3114,#3115,#3116),#3336,.T.);
#3509=ADVANCED_FACE('',(#3117),#3337,.T.);
#3510=ADVANCED_FACE('',(#3118),#3338,.F.);
#3511=ADVANCED_FACE('',(#3119),#3339,.T.);
#3512=ADVANCED_FACE('',(#3120,#3121),#3340,.F.);
#3513=ADVANCED_FACE('',(#3122,#3123),#27,.T.);
#3514=ADVANCED_FACE('',(#3124,#3125),#3341,.T.);
#3515=ADVANCED_FACE('',(#3126,#3127),#28,.T.);
#3516=ADVANCED_FACE('',(#3128,#3129),#3342,.T.);
#3517=ADVANCED_FACE('',(#3130,#3131),#29,.T.);
#3518=ADVANCED_FACE('',(#3132,#3133),#3343,.T.);
#3519=ADVANCED_FACE('',(#3134,#3135),#30,.T.);
#3520=ADVANCED_FACE('',(#3136,#3137),#3344,.T.);
#3521=ADVANCED_FACE('',(#3138,#3139),#31,.T.);
#3522=ADVANCED_FACE('',(#3140,#3141),#3345,.T.);
#3523=ADVANCED_FACE('',(#3142,#3143),#32,.T.);
#3524=ADVANCED_FACE('',(#3144,#3145),#3346,.T.);
#3525=ADVANCED_FACE('',(#3146,#3147),#33,.T.);
#3526=ADVANCED_FACE('',(#3148,#3149),#3347,.T.);
#3527=ADVANCED_FACE('',(#3150,#3151),#34,.T.);
#3528=ADVANCED_FACE('',(#3152,#3153),#3348,.T.);
#3529=ADVANCED_FACE('',(#3154),#3349,.T.);
#3530=ADVANCED_FACE('',(#3155),#3350,.F.);
#3531=ADVANCED_FACE('',(#3156),#3351,.F.);
#3532=ADVANCED_FACE('',(#3157),#3352,.F.);
#3533=ADVANCED_FACE('',(#3158),#3353,.T.);
#3534=ADVANCED_FACE('',(#3159),#3354,.T.);
#3535=ADVANCED_FACE('',(#3160),#3355,.T.);
#3536=ADVANCED_FACE('',(#3161),#3356,.T.);
#3537=ADVANCED_FACE('',(#3162,#3163),#3357,.F.);
#3538=ADVANCED_FACE('',(#3164),#3358,.F.);
#3539=ADVANCED_FACE('',(#3165),#3359,.T.);
#3540=ADVANCED_FACE('',(#3166,#3167),#35,.F.);
#3541=ADVANCED_FACE('',(#3168,#3169),#36,.T.);
#3542=ADVANCED_FACE('',(#3170,#3171),#3360,.T.);
#3543=ADVANCED_FACE('',(#3172),#3361,.F.);
#3544=ADVANCED_FACE('',(#3173),#3362,.T.);
#3545=ADVANCED_FACE('',(#3174),#3363,.F.);
#3546=ADVANCED_FACE('',(#3175),#3364,.F.);
#3547=ADVANCED_FACE('',(#3176),#3365,.T.);
#3548=ADVANCED_FACE('',(#3177),#3366,.F.);
#3549=ADVANCED_FACE('',(#3178),#3367,.F.);
#3550=ADVANCED_FACE('',(#3179),#3368,.T.);
#3551=ADVANCED_FACE('',(#3180),#3369,.T.);
#3552=ADVANCED_FACE('',(#3181),#3370,.T.);
#3553=ADVANCED_FACE('',(#3182),#3371,.F.);
#3554=ADVANCED_FACE('',(#3183),#3372,.T.);
#3555=ADVANCED_FACE('',(#3184),#3373,.T.);
#3556=ADVANCED_FACE('',(#3185),#3374,.T.);
#3557=ADVANCED_FACE('',(#3186),#3375,.F.);
#3558=ADVANCED_FACE('',(#3187),#3376,.F.);
#3559=ADVANCED_FACE('',(#3188),#3377,.T.);
#3560=ADVANCED_FACE('',(#3189),#3378,.F.);
#3561=ADVANCED_FACE('',(#3190),#3379,.T.);
#3562=ADVANCED_FACE('',(#3191),#3380,.T.);
#3563=ADVANCED_FACE('',(#3192),#3381,.T.);
#3564=ADVANCED_FACE('',(#3193),#3382,.F.);
#3565=ADVANCED_FACE('',(#3194),#3383,.T.);
#3566=ADVANCED_FACE('',(#3195),#37,.T.);
#3567=ADVANCED_FACE('',(#3196),#38,.T.);
#3568=ADVANCED_FACE('',(#3197),#39,.T.);
#3569=ADVANCED_FACE('',(#3198),#40,.T.);
#3570=ADVANCED_FACE('',(#3199,#3200),#41,.F.);
#3571=ADVANCED_FACE('',(#3201,#3202),#42,.F.);
#3572=ADVANCED_FACE('',(#3203,#3204),#43,.F.);
#3573=ADVANCED_FACE('',(#3205,#3206),#44,.F.);
#3574=ADVANCED_FACE('',(#3207,#3208),#45,.F.);
#3575=ADVANCED_FACE('',(#3209,#3210),#46,.F.);
#3576=ADVANCED_FACE('',(#3211,#3212),#47,.F.);
#3577=ADVANCED_FACE('',(#3213,#3214),#48,.F.);
#3578=ADVANCED_FACE('',(#3215),#3384,.F.);
#3579=ADVANCED_FACE('',(#3216),#3385,.T.);
#3580=ADVANCED_FACE('',(#3217),#3386,.F.);
#3581=ADVANCED_FACE('',(#3218),#3387,.T.);
#3582=ADVANCED_FACE('',(#3219),#3388,.T.);
#3583=ADVANCED_FACE('',(#3220),#3389,.T.);
#3584=ADVANCED_FACE('',(#3221),#3390,.F.);
#3585=ADVANCED_FACE('',(#3222),#3391,.F.);
#3586=ADVANCED_FACE('',(#3223),#3392,.F.);
#3587=ADVANCED_FACE('',(#3224),#3393,.T.);
#3588=ADVANCED_FACE('',(#3225),#3394,.T.);
#3589=ADVANCED_FACE('',(#3226),#3395,.T.);
#3590=ADVANCED_FACE('',(#3227),#3396,.T.);
#3591=ADVANCED_FACE('',(#3228),#3397,.T.);
#3592=ADVANCED_FACE('',(#3229),#3398,.T.);
#3593=ADVANCED_FACE('',(#3230),#3399,.F.);
#3594=ADVANCED_FACE('',(#3231),#3400,.F.);
#3595=ADVANCED_FACE('',(#3232),#3401,.T.);
#3596=ADVANCED_FACE('',(#3233),#3402,.T.);
#3597=ADVANCED_FACE('',(#3234),#49,.T.);
#3598=ADVANCED_FACE('',(#3235),#50,.T.);
#3599=ADVANCED_FACE('',(#3236),#51,.T.);
#3600=ADVANCED_FACE('',(#3237),#52,.T.);
#3601=ADVANCED_FACE('',(#3238),#53,.T.);
#3602=ADVANCED_FACE('',(#3239),#54,.T.);
#3603=ADVANCED_FACE('',(#3240),#55,.T.);
#3604=ADVANCED_FACE('',(#3241),#56,.T.);
#3605=ADVANCED_FACE('',(#3242),#3403,.T.);
#3606=ADVANCED_FACE('',(#3243),#3404,.F.);
#3607=ADVANCED_FACE('',(#3244),#3405,.F.);
#3608=ADVANCED_FACE('',(#3245),#3406,.T.);
#3609=ADVANCED_FACE('',(#3246),#3407,.F.);
#3610=ADVANCED_FACE('',(#3247),#3408,.F.);
#3611=ADVANCED_FACE('',(#3248),#3409,.F.);
#3612=ADVANCED_FACE('',(#3249),#3410,.F.);
#3613=ADVANCED_FACE('',(#3250),#3411,.F.);
#3614=ADVANCED_FACE('',(#3251),#3412,.F.);
#3615=ADVANCED_FACE('',(#3252),#3413,.F.);
#3616=ADVANCED_FACE('',(#3253),#3414,.F.);
#3617=ADVANCED_FACE('Face appearance 2',(#3254,#3255),#3415,.T.);
#3618=ADVANCED_FACE('',(#3256),#3416,.T.);
#3619=ADVANCED_FACE('',(#3257),#3417,.F.);
#3620=ADVANCED_FACE('',(#3258),#3418,.F.);
#3621=ADVANCED_FACE('',(#3259),#3419,.F.);
#3622=ADVANCED_FACE('',(#3260),#3420,.T.);
#3623=ADVANCED_FACE('',(#3261),#3421,.F.);
#3624=ADVANCED_FACE('',(#3262),#3422,.F.);
#3625=ADVANCED_FACE('',(#3263),#3423,.F.);
#3626=ADVANCED_FACE('Face appearance 1',(#3264),#3424,.T.);
#3627=CLOSED_SHELL('',(#3425,#3426,#3427,#3428,#3429,#3430,#3431,#3432,#3433,#3434,#3435,#3436,#3437,#3438,#3439,#3440,#3441,#3442,#3443,#3444,#3445,#3446,#3447,#3448,#3449,#3450,#3451,#3452,#3453,#3454,#3455,#3456,#3457,#3458,#3459,#3460,#3461,#3462,#3463,#3464,#3465,#3466,#3467,#3468,#3469,#3470,#3471,#3472,#3473,#3474,#3475,#3476,#3477,#3478,#3479,#3480,#3481,#3482,#3483,#3484,#3485,#3486,#3487,#3488,#3489,#3490,#3491,#3492,#3493,#3494,#3495,#3496,#3497,#3498,#3499,#3500,#3501,#3502,#3503,#3504,#3505,#3506,#3507,#3508,#3509,#3510,#3511,#3512,#3513,#3514,#3515,#3516,#3517,#3518,#3519,#3520,#3521,#3522,#3523,#3524,#3525,#3526,#3527,#3528,#3529,#3530,#3531,#3532,#3533,#3534,#3535,#3536,#3537,#3538,#3539,#3540,#3541,#3542,#3543,#3544,#3545,#3546,#3547,#3548,#3549,#3550,#3551,#3552,#3553,#3554,#3555,#3556,#3557,#3558,#3559,#3560,#3561,#3562,#3563,#3564,#3565,#3566,#3567,#3568,#3569,#3570,#3571,#3572,#3573,#3574,#3575,#3576,#3577,#3578,#3579,#3580,#3581,#3582,#3583,#3584,#3585,#3586,#3587,#3588,#3589,#3590,#3591,#3592,#3593,#3594,#3595,#3596,#3597,#3598,#3599,#3600,#3601,#3602,#3603,#3604,#3605,#3606,#3607,#3608,#3609,#3610,#3611,#3612,#3613,#3614,#3615,#3616,#3617,#3618,#3619,#3620,#3621,#3622,#3623,#3624,#3625,#3626));
#3628=STYLED_ITEM('',(#3629),#3649);
#3629=PRESENTATION_STYLE_ASSIGNMENT((#3632));
#3630=PRESENTATION_STYLE_ASSIGNMENT((#3633));
#3631=PRESENTATION_STYLE_ASSIGNMENT((#3634));
#3632=SURFACE_STYLE_USAGE(.BOTH.,#3635);
#3633=SURFACE_STYLE_USAGE(.BOTH.,#3636);
#3634=SURFACE_STYLE_USAGE(.BOTH.,#3637);
#3635=SURFACE_SIDE_STYLE('',(#3638));
#3636=SURFACE_SIDE_STYLE('',(#3639));
#3637=SURFACE_SIDE_STYLE('',(#3640));
#3638=SURFACE_STYLE_FILL_AREA(#3641);
#3639=SURFACE_STYLE_FILL_AREA(#3642);
#3640=SURFACE_STYLE_FILL_AREA(#3643);
#3641=FILL_AREA_STYLE('',(#3644));
#3642=FILL_AREA_STYLE('',(#3645));
#3643=FILL_AREA_STYLE('',(#3646));
#3644=FILL_AREA_STYLE_COLOUR('',#3647);
#3645=FILL_AREA_STYLE_COLOUR('',#14);
#3646=FILL_AREA_STYLE_COLOUR('',#3648);
#3647=COLOUR_RGB('',0.647058823529412,0.647058823529412,0.647058823529412);
#3648=COLOUR_RGB('',0.501960784313726,0.501960784313726,0.501960784313726);
#3649=MANIFOLD_SOLID_BREP('Part 1',#3627);
#3650=SHAPE_DEFINITION_REPRESENTATION(#5986,#3651);
#3651=SHAPE_REPRESENTATION('Part 1',(#3652),#5981);
#3652=AXIS2_PLACEMENT_3D('',#4945,#3951,#3952);
#3653=AXIS2_PLACEMENT_3D('',#4946,#3953,#3954);
#3654=AXIS2_PLACEMENT_3D('',#4959,#3961,#3962);
#3655=AXIS2_PLACEMENT_3D('',#4972,#3969,#3970);
#3656=AXIS2_PLACEMENT_3D('',#4981,#3975,#3976);
#3657=AXIS2_PLACEMENT_3D('',#4998,#3985,#3986);
#3658=AXIS2_PLACEMENT_3D('',#5002,#3988,#3989);
#3659=AXIS2_PLACEMENT_3D('',#5003,#3990,#3991);
#3660=AXIS2_PLACEMENT_3D('',#5007,#3993,#3994);
#3661=AXIS2_PLACEMENT_3D('',#5016,#3999,#4000);
#3662=AXIS2_PLACEMENT_3D('',#5020,#4002,#4003);
#3663=AXIS2_PLACEMENT_3D('',#5040,#4013,#4014);
#3664=AXIS2_PLACEMENT_3D('',#5044,#4016,#4017);
#3665=AXIS2_PLACEMENT_3D('',#5048,#4019,#4020);
#3666=AXIS2_PLACEMENT_3D('',#5052,#4022,#4023);
#3667=AXIS2_PLACEMENT_3D('',#5089,#4042,#4043);
#3668=AXIS2_PLACEMENT_3D('',#5090,#4044,#4045);
#3669=AXIS2_PLACEMENT_3D('',#5094,#4047,#4048);
#3670=AXIS2_PLACEMENT_3D('',#5095,#4049,#4050);
#3671=AXIS2_PLACEMENT_3D('',#5096,#4051,#4052);
#3672=AXIS2_PLACEMENT_3D('',#5097,#4053,#4054);
#3673=AXIS2_PLACEMENT_3D('',#5103,#4058,#4059);
#3674=AXIS2_PLACEMENT_3D('',#5107,#4062,#4063);
#3675=AXIS2_PLACEMENT_3D('',#5111,#4066,#4067);
#3676=AXIS2_PLACEMENT_3D('',#5115,#4070,#4071);
#3677=AXIS2_PLACEMENT_3D('',#5119,#4074,#4075);
#3678=AXIS2_PLACEMENT_3D('',#5123,#4078,#4079);
#3679=AXIS2_PLACEMENT_3D('',#5127,#4082,#4083);
#3680=AXIS2_PLACEMENT_3D('',#5129,#4085,#4086);
#3681=AXIS2_PLACEMENT_3D('',#5130,#4087,#4088);
#3682=AXIS2_PLACEMENT_3D('',#5134,#4091,#4092);
#3683=AXIS2_PLACEMENT_3D('',#5135,#4093,#4094);
#3684=AXIS2_PLACEMENT_3D('',#5138,#4096,#4097);
#3685=AXIS2_PLACEMENT_3D('',#5142,#4100,#4101);
#3686=AXIS2_PLACEMENT_3D('',#5145,#4103,#4104);
#3687=AXIS2_PLACEMENT_3D('',#5146,#4105,#4106);
#3688=AXIS2_PLACEMENT_3D('',#5152,#4110,#4111);
#3689=AXIS2_PLACEMENT_3D('',#5153,#4112,#4113);
#3690=AXIS2_PLACEMENT_3D('',#5154,#4114,#4115);
#3691=AXIS2_PLACEMENT_3D('',#5160,#4119,#4120);
#3692=AXIS2_PLACEMENT_3D('',#5161,#4121,#4122);
#3693=AXIS2_PLACEMENT_3D('',#5162,#4123,#4124);
#3694=AXIS2_PLACEMENT_3D('',#5164,#4126,#4127);
#3695=AXIS2_PLACEMENT_3D('',#5165,#4128,#4129);
#3696=AXIS2_PLACEMENT_3D('',#5167,#4131,#4132);
#3697=AXIS2_PLACEMENT_3D('',#5168,#4133,#4134);
#3698=AXIS2_PLACEMENT_3D('',#5178,#4140,#4141);
#3699=AXIS2_PLACEMENT_3D('',#5188,#4147,#4148);
#3700=AXIS2_PLACEMENT_3D('',#5194,#4152,#4153);
#3701=AXIS2_PLACEMENT_3D('',#5195,#4154,#4155);
#3702=AXIS2_PLACEMENT_3D('',#5199,#4157,#4158);
#3703=AXIS2_PLACEMENT_3D('',#5200,#4159,#4160);
#3704=AXIS2_PLACEMENT_3D('',#5201,#4161,#4162);
#3705=AXIS2_PLACEMENT_3D('',#5202,#4163,#4164);
#3706=AXIS2_PLACEMENT_3D('',#5208,#4168,#4169);
#3707=AXIS2_PLACEMENT_3D('',#5212,#4172,#4173);
#3708=AXIS2_PLACEMENT_3D('',#5216,#4176,#4177);
#3709=AXIS2_PLACEMENT_3D('',#5220,#4180,#4181);
#3710=AXIS2_PLACEMENT_3D('',#5224,#4184,#4185);
#3711=AXIS2_PLACEMENT_3D('',#5228,#4188,#4189);
#3712=AXIS2_PLACEMENT_3D('',#5232,#4192,#4193);
#3713=AXIS2_PLACEMENT_3D('',#5234,#4195,#4196);
#3714=AXIS2_PLACEMENT_3D('',#5235,#4197,#4198);
#3715=AXIS2_PLACEMENT_3D('',#5239,#4201,#4202);
#3716=AXIS2_PLACEMENT_3D('',#5240,#4203,#4204);
#3717=AXIS2_PLACEMENT_3D('',#5243,#4206,#4207);
#3718=AXIS2_PLACEMENT_3D('',#5247,#4210,#4211);
#3719=AXIS2_PLACEMENT_3D('',#5250,#4213,#4214);
#3720=AXIS2_PLACEMENT_3D('',#5251,#4215,#4216);
#3721=AXIS2_PLACEMENT_3D('',#5257,#4220,#4221);
#3722=AXIS2_PLACEMENT_3D('',#5258,#4222,#4223);
#3723=AXIS2_PLACEMENT_3D('',#5259,#4224,#4225);
#3724=AXIS2_PLACEMENT_3D('',#5265,#4229,#4230);
#3725=AXIS2_PLACEMENT_3D('',#5266,#4231,#4232);
#3726=AXIS2_PLACEMENT_3D('',#5267,#4233,#4234);
#3727=AXIS2_PLACEMENT_3D('',#5269,#4236,#4237);
#3728=AXIS2_PLACEMENT_3D('',#5270,#4238,#4239);
#3729=AXIS2_PLACEMENT_3D('',#5272,#4241,#4242);
#3730=AXIS2_PLACEMENT_3D('',#5273,#4243,#4244);
#3731=AXIS2_PLACEMENT_3D('',#5286,#4251,#4252);
#3732=AXIS2_PLACEMENT_3D('',#5299,#4259,#4260);
#3733=AXIS2_PLACEMENT_3D('',#5308,#4265,#4266);
#3734=AXIS2_PLACEMENT_3D('',#5325,#4275,#4276);
#3735=AXIS2_PLACEMENT_3D('',#5329,#4278,#4279);
#3736=AXIS2_PLACEMENT_3D('',#5330,#4280,#4281);
#3737=AXIS2_PLACEMENT_3D('',#5334,#4283,#4284);
#3738=AXIS2_PLACEMENT_3D('',#5340,#4288,#4289);
#3739=AXIS2_PLACEMENT_3D('',#5341,#4290,#4291);
#3740=AXIS2_PLACEMENT_3D('',#5345,#4293,#4294);
#3741=AXIS2_PLACEMENT_3D('',#5346,#4295,#4296);
#3742=AXIS2_PLACEMENT_3D('',#5347,#4297,#4298);
#3743=AXIS2_PLACEMENT_3D('',#5348,#4299,#4300);
#3744=AXIS2_PLACEMENT_3D('',#5354,#4304,#4305);
#3745=AXIS2_PLACEMENT_3D('',#5358,#4308,#4309);
#3746=AXIS2_PLACEMENT_3D('',#5362,#4312,#4313);
#3747=AXIS2_PLACEMENT_3D('',#5366,#4316,#4317);
#3748=AXIS2_PLACEMENT_3D('',#5370,#4320,#4321);
#3749=AXIS2_PLACEMENT_3D('',#5374,#4324,#4325);
#3750=AXIS2_PLACEMENT_3D('',#5378,#4328,#4329);
#3751=AXIS2_PLACEMENT_3D('',#5380,#4331,#4332);
#3752=AXIS2_PLACEMENT_3D('',#5381,#4333,#4334);
#3753=AXIS2_PLACEMENT_3D('',#5385,#4337,#4338);
#3754=AXIS2_PLACEMENT_3D('',#5386,#4339,#4340);
#3755=AXIS2_PLACEMENT_3D('',#5389,#4342,#4343);
#3756=AXIS2_PLACEMENT_3D('',#5393,#4346,#4347);
#3757=AXIS2_PLACEMENT_3D('',#5396,#4349,#4350);
#3758=AXIS2_PLACEMENT_3D('',#5397,#4351,#4352);
#3759=AXIS2_PLACEMENT_3D('',#5403,#4356,#4357);
#3760=AXIS2_PLACEMENT_3D('',#5404,#4358,#4359);
#3761=AXIS2_PLACEMENT_3D('',#5405,#4360,#4361);
#3762=AXIS2_PLACEMENT_3D('',#5411,#4365,#4366);
#3763=AXIS2_PLACEMENT_3D('',#5412,#4367,#4368);
#3764=AXIS2_PLACEMENT_3D('',#5413,#4369,#4370);
#3765=AXIS2_PLACEMENT_3D('',#5415,#4372,#4373);
#3766=AXIS2_PLACEMENT_3D('',#5416,#4374,#4375);
#3767=AXIS2_PLACEMENT_3D('',#5418,#4377,#4378);
#3768=AXIS2_PLACEMENT_3D('',#5419,#4379,#4380);
#3769=AXIS2_PLACEMENT_3D('',#5423,#4382,#4383);
#3770=AXIS2_PLACEMENT_3D('',#5427,#4385,#4386);
#3771=AXIS2_PLACEMENT_3D('',#5431,#4388,#4389);
#3772=AXIS2_PLACEMENT_3D('',#5435,#4391,#4392);
#3773=AXIS2_PLACEMENT_3D('',#5439,#4394,#4395);
#3774=AXIS2_PLACEMENT_3D('',#5443,#4397,#4398);
#3775=AXIS2_PLACEMENT_3D('',#5447,#4400,#4401);
#3776=AXIS2_PLACEMENT_3D('',#5451,#4403,#4404);
#3777=AXIS2_PLACEMENT_3D('',#5452,#4405,#4406);
#3778=AXIS2_PLACEMENT_3D('',#5469,#4415,#4416);
#3779=AXIS2_PLACEMENT_3D('',#5486,#4425,#4426);
#3780=AXIS2_PLACEMENT_3D('',#5499,#4433,#4434);
#3781=AXIS2_PLACEMENT_3D('',#5515,#4442,#4443);
#3782=AXIS2_PLACEMENT_3D('',#5524,#4448,#4449);
#3783=AXIS2_PLACEMENT_3D('',#5525,#4450,#4451);
#3784=AXIS2_PLACEMENT_3D('',#5535,#4457,#4458);
#3785=AXIS2_PLACEMENT_3D('',#5561,#4474,#4475);
#3786=AXIS2_PLACEMENT_3D('',#5563,#4476,#4477);
#3787=AXIS2_PLACEMENT_3D('',#5573,#4482,#4483);
#3788=AXIS2_PLACEMENT_3D('',#5577,#4485,#4486);
#3789=AXIS2_PLACEMENT_3D('',#5581,#4488,#4489);
#3790=AXIS2_PLACEMENT_3D('',#5585,#4491,#4492);
#3791=AXIS2_PLACEMENT_3D('',#5594,#4497,#4498);
#3792=AXIS2_PLACEMENT_3D('',#5596,#4499,#4500);
#3793=AXIS2_PLACEMENT_3D('',#5598,#4501,#4502);
#3794=AXIS2_PLACEMENT_3D('',#5600,#4503,#4504);
#3795=AXIS2_PLACEMENT_3D('',#5602,#4505,#4506);
#3796=AXIS2_PLACEMENT_3D('',#5604,#4507,#4508);
#3797=AXIS2_PLACEMENT_3D('',#5606,#4509,#4510);
#3798=AXIS2_PLACEMENT_3D('',#5610,#4513,#4514);
#3799=AXIS2_PLACEMENT_3D('',#5614,#4517,#4518);
#3800=AXIS2_PLACEMENT_3D('',#5616,#4520,#4521);
#3801=AXIS2_PLACEMENT_3D('',#5625,#4526,#4527);
#3802=AXIS2_PLACEMENT_3D('',#5626,#4528,#4529);
#3803=AXIS2_PLACEMENT_3D('',#5628,#4530,#4531);
#3804=AXIS2_PLACEMENT_3D('',#5629,#4532,#4533);
#3805=AXIS2_PLACEMENT_3D('',#5631,#4534,#4535);
#3806=AXIS2_PLACEMENT_3D('',#5632,#4536,#4537);
#3807=AXIS2_PLACEMENT_3D('',#5634,#4538,#4539);
#3808=AXIS2_PLACEMENT_3D('',#5635,#4540,#4541);
#3809=AXIS2_PLACEMENT_3D('',#5637,#4542,#4543);
#3810=AXIS2_PLACEMENT_3D('',#5638,#4544,#4545);
#3811=AXIS2_PLACEMENT_3D('',#5640,#4546,#4547);
#3812=AXIS2_PLACEMENT_3D('',#5641,#4548,#4549);
#3813=AXIS2_PLACEMENT_3D('',#5643,#4550,#4551);
#3814=AXIS2_PLACEMENT_3D('',#5644,#4552,#4553);
#3815=AXIS2_PLACEMENT_3D('',#5646,#4554,#4555);
#3816=AXIS2_PLACEMENT_3D('',#5647,#4556,#4557);
#3817=AXIS2_PLACEMENT_3D('',#5649,#4558,#4559);
#3818=AXIS2_PLACEMENT_3D('',#5650,#4560,#4561);
#3819=AXIS2_PLACEMENT_3D('',#5652,#4562,#4563);
#3820=AXIS2_PLACEMENT_3D('',#5653,#4564,#4565);
#3821=AXIS2_PLACEMENT_3D('',#5655,#4566,#4567);
#3822=AXIS2_PLACEMENT_3D('',#5656,#4568,#4569);
#3823=AXIS2_PLACEMENT_3D('',#5658,#4570,#4571);
#3824=AXIS2_PLACEMENT_3D('',#5659,#4572,#4573);
#3825=AXIS2_PLACEMENT_3D('',#5661,#4574,#4575);
#3826=AXIS2_PLACEMENT_3D('',#5662,#4576,#4577);
#3827=AXIS2_PLACEMENT_3D('',#5664,#4578,#4579);
#3828=AXIS2_PLACEMENT_3D('',#5665,#4580,#4581);
#3829=AXIS2_PLACEMENT_3D('',#5667,#4582,#4583);
#3830=AXIS2_PLACEMENT_3D('',#5668,#4584,#4585);
#3831=AXIS2_PLACEMENT_3D('',#5670,#4586,#4587);
#3832=AXIS2_PLACEMENT_3D('',#5671,#4588,#4589);
#3833=AXIS2_PLACEMENT_3D('',#5673,#4590,#4591);
#3834=AXIS2_PLACEMENT_3D('',#5679,#4595,#4596);
#3835=AXIS2_PLACEMENT_3D('',#5682,#4598,#4599);
#3836=AXIS2_PLACEMENT_3D('',#5683,#4600,#4601);
#3837=AXIS2_PLACEMENT_3D('',#5684,#4602,#4603);
#3838=AXIS2_PLACEMENT_3D('',#5689,#4607,#4608);
#3839=AXIS2_PLACEMENT_3D('',#5696,#4613,#4614);
#3840=AXIS2_PLACEMENT_3D('',#5697,#4615,#4616);
#3841=AXIS2_PLACEMENT_3D('',#5701,#4618,#4619);
#3842=AXIS2_PLACEMENT_3D('',#5702,#4620,#4621);
#3843=AXIS2_PLACEMENT_3D('',#5705,#4624,#4625);
#3844=AXIS2_PLACEMENT_3D('',#5714,#4630,#4631);
#3845=AXIS2_PLACEMENT_3D('',#5717,#4634,#4635);
#3846=AXIS2_PLACEMENT_3D('',#5718,#4636,#4637);
#3847=AXIS2_PLACEMENT_3D('',#5721,#4639,#4640);
#3848=AXIS2_PLACEMENT_3D('',#5723,#4642,#4643);
#3849=AXIS2_PLACEMENT_3D('',#5724,#4644,#4645);
#3850=AXIS2_PLACEMENT_3D('',#5725,#4646,#4647);
#3851=AXIS2_PLACEMENT_3D('',#5727,#4648,#4649);
#3852=AXIS2_PLACEMENT_3D('',#5729,#4650,#4651);
#3853=AXIS2_PLACEMENT_3D('',#5730,#4652,#4653);
#3854=AXIS2_PLACEMENT_3D('',#5732,#4654,#4655);
#3855=AXIS2_PLACEMENT_3D('',#5733,#4656,#4657);
#3856=AXIS2_PLACEMENT_3D('',#5734,#4658,#4659);
#3857=AXIS2_PLACEMENT_3D('',#5740,#4663,#4664);
#3858=AXIS2_PLACEMENT_3D('',#5744,#4667,#4668);
#3859=AXIS2_PLACEMENT_3D('',#5748,#4671,#4672);
#3860=AXIS2_PLACEMENT_3D('',#5752,#4675,#4676);
#3861=AXIS2_PLACEMENT_3D('',#5756,#4679,#4680);
#3862=AXIS2_PLACEMENT_3D('',#5758,#4682,#4683);
#3863=AXIS2_PLACEMENT_3D('',#5759,#4684,#4685);
#3864=AXIS2_PLACEMENT_3D('',#5761,#4687,#4688);
#3865=AXIS2_PLACEMENT_3D('',#5762,#4689,#4690);
#3866=AXIS2_PLACEMENT_3D('',#5764,#4692,#4693);
#3867=AXIS2_PLACEMENT_3D('',#5765,#4694,#4695);
#3868=AXIS2_PLACEMENT_3D('',#5771,#4699,#4700);
#3869=AXIS2_PLACEMENT_3D('',#5775,#4703,#4704);
#3870=AXIS2_PLACEMENT_3D('',#5779,#4707,#4708);
#3871=AXIS2_PLACEMENT_3D('',#5783,#4711,#4712);
#3872=AXIS2_PLACEMENT_3D('',#5787,#4715,#4716);
#3873=AXIS2_PLACEMENT_3D('',#5789,#4718,#4719);
#3874=AXIS2_PLACEMENT_3D('',#5790,#4720,#4721);
#3875=AXIS2_PLACEMENT_3D('',#5792,#4723,#4724);
#3876=AXIS2_PLACEMENT_3D('',#5793,#4725,#4726);
#3877=AXIS2_PLACEMENT_3D('',#5795,#4728,#4729);
#3878=AXIS2_PLACEMENT_3D('',#5796,#4730,#4731);
#3879=AXIS2_PLACEMENT_3D('',#5797,#4732,#4733);
#3880=AXIS2_PLACEMENT_3D('',#5798,#4734,#4735);
#3881=AXIS2_PLACEMENT_3D('',#5799,#4736,#4737);
#3882=AXIS2_PLACEMENT_3D('',#5800,#4738,#4739);
#3883=AXIS2_PLACEMENT_3D('',#5801,#4740,#4741);
#3884=AXIS2_PLACEMENT_3D('',#5803,#4742,#4743);
#3885=AXIS2_PLACEMENT_3D('',#5804,#4744,#4745);
#3886=AXIS2_PLACEMENT_3D('',#5806,#4746,#4747);
#3887=AXIS2_PLACEMENT_3D('',#5807,#4748,#4749);
#3888=AXIS2_PLACEMENT_3D('',#5809,#4750,#4751);
#3889=AXIS2_PLACEMENT_3D('',#5810,#4752,#4753);
#3890=AXIS2_PLACEMENT_3D('',#5812,#4754,#4755);
#3891=AXIS2_PLACEMENT_3D('',#5813,#4756,#4757);
#3892=AXIS2_PLACEMENT_3D('',#5815,#4758,#4759);
#3893=AXIS2_PLACEMENT_3D('',#5816,#4760,#4761);
#3894=AXIS2_PLACEMENT_3D('',#5818,#4762,#4763);
#3895=AXIS2_PLACEMENT_3D('',#5819,#4764,#4765);
#3896=AXIS2_PLACEMENT_3D('',#5821,#4766,#4767);
#3897=AXIS2_PLACEMENT_3D('',#5822,#4768,#4769);
#3898=AXIS2_PLACEMENT_3D('',#5824,#4770,#4771);
#3899=AXIS2_PLACEMENT_3D('',#5829,#4775,#4776);
#3900=AXIS2_PLACEMENT_3D('',#5831,#4778,#4779);
#3901=AXIS2_PLACEMENT_3D('',#5835,#4782,#4783);
#3902=AXIS2_PLACEMENT_3D('',#5842,#4788,#4789);
#3903=AXIS2_PLACEMENT_3D('',#5843,#4790,#4791);
#3904=AXIS2_PLACEMENT_3D('',#5846,#4794,#4795);
#3905=AXIS2_PLACEMENT_3D('',#5850,#4798,#4799);
#3906=AXIS2_PLACEMENT_3D('',#5854,#4802,#4803);
#3907=AXIS2_PLACEMENT_3D('',#5856,#4805,#4806);
#3908=AXIS2_PLACEMENT_3D('',#5857,#4807,#4808);
#3909=AXIS2_PLACEMENT_3D('',#5860,#4811,#4812);
#3910=AXIS2_PLACEMENT_3D('',#5863,#4815,#4816);
#3911=AXIS2_PLACEMENT_3D('',#5866,#4819,#4820);
#3912=AXIS2_PLACEMENT_3D('',#5869,#4823,#4824);
#3913=AXIS2_PLACEMENT_3D('',#5875,#4828,#4829);
#3914=AXIS2_PLACEMENT_3D('',#5881,#4833,#4834);
#3915=AXIS2_PLACEMENT_3D('',#5887,#4838,#4839);
#3916=AXIS2_PLACEMENT_3D('',#5893,#4843,#4844);
#3917=AXIS2_PLACEMENT_3D('',#5894,#4845,#4846);
#3918=AXIS2_PLACEMENT_3D('',#5895,#4847,#4848);
#3919=AXIS2_PLACEMENT_3D('',#5896,#4849,#4850);
#3920=AXIS2_PLACEMENT_3D('',#5897,#4851,#4852);
#3921=AXIS2_PLACEMENT_3D('',#5898,#4853,#4854);
#3922=AXIS2_PLACEMENT_3D('',#5899,#4855,#4856);
#3923=AXIS2_PLACEMENT_3D('',#5900,#4857,#4858);
#3924=AXIS2_PLACEMENT_3D('',#5901,#4859,#4860);
#3925=AXIS2_PLACEMENT_3D('',#5902,#4861,#4862);
#3926=AXIS2_PLACEMENT_3D('',#5903,#4863,#4864);
#3927=AXIS2_PLACEMENT_3D('',#5904,#4865,#4866);
#3928=AXIS2_PLACEMENT_3D('',#5905,#4867,#4868);
#3929=AXIS2_PLACEMENT_3D('',#5906,#4869,#4870);
#3930=AXIS2_PLACEMENT_3D('',#5920,#4878,#4879);
#3931=AXIS2_PLACEMENT_3D('',#5924,#4882,#4883);
#3932=AXIS2_PLACEMENT_3D('',#5928,#4886,#4887);
#3933=AXIS2_PLACEMENT_3D('',#5930,#4889,#4890);
#3934=AXIS2_PLACEMENT_3D('',#5931,#4891,#4892);
#3935=AXIS2_PLACEMENT_3D('',#5932,#4893,#4894);
#3936=AXIS2_PLACEMENT_3D('',#5933,#4895,#4896);
#3937=AXIS2_PLACEMENT_3D('',#5934,#4897,#4898);
#3938=AXIS2_PLACEMENT_3D('',#5935,#4899,#4900);
#3939=AXIS2_PLACEMENT_3D('',#5936,#4901,#4902);
#3940=AXIS2_PLACEMENT_3D('',#5937,#4903,#4904);
#3941=AXIS2_PLACEMENT_3D('',#5938,#4905,#4906);
#3942=AXIS2_PLACEMENT_3D('',#5952,#4914,#4915);
#3943=AXIS2_PLACEMENT_3D('',#5956,#4918,#4919);
#3944=AXIS2_PLACEMENT_3D('',#5960,#4922,#4923);
#3945=AXIS2_PLACEMENT_3D('',#5962,#4925,#4926);
#3946=AXIS2_PLACEMENT_3D('',#5963,#4927,#4928);
#3947=AXIS2_PLACEMENT_3D('',#5969,#4932,#4933);
#3948=AXIS2_PLACEMENT_3D('',#5973,#4936,#4937);
#3949=AXIS2_PLACEMENT_3D('',#5977,#4940,#4941);
#3950=AXIS2_PLACEMENT_3D('',#5979,#4943,#4944);
#3951=DIRECTION('',(0.,0.,1.));
#3952=DIRECTION('',(1.,0.,0.));
#3953=DIRECTION('',(0.,1.,0.));
#3954=DIRECTION('',(0.,0.,1.));
#3955=DIRECTION('',(0.,0.,-1.));
#3956=DIRECTION('',(1.,0.,0.));
#3957=DIRECTION('',(0.,0.,-1.));
#3958=DIRECTION('',(-1.,9.25185853854298E-16,0.));
#3959=DIRECTION('',(0.,0.,-1.));
#3960=DIRECTION('',(1.,0.,0.));
#3961=DIRECTION('',(0.,-1.,0.));
#3962=DIRECTION('',(0.,0.,-1.));
#3963=DIRECTION('',(0.,0.,1.));
#3964=DIRECTION('',(-1.,0.,0.));
#3965=DIRECTION('',(0.,0.,-1.));
#3966=DIRECTION('',(-1.,0.,0.));
#3967=DIRECTION('',(0.,0.,-1.));
#3968=DIRECTION('',(-1.,9.25185853854298E-16,0.));
#3969=DIRECTION('',(0.,0.,1.));
#3970=DIRECTION('',(1.,0.,0.));
#3971=DIRECTION('',(-9.25185853854298E-16,-1.,0.));
#3972=DIRECTION('',(-1.,0.,0.));
#3973=DIRECTION('',(0.,-1.,0.));
#3974=DIRECTION('',(1.,0.,0.));
#3975=DIRECTION('',(1.,-9.25185853854298E-16,0.));
#3976=DIRECTION('',(9.25185853854298E-16,1.,0.));
#3977=DIRECTION('',(9.25185853854298E-16,1.,0.));
#3978=DIRECTION('',(6.54205191118241E-16,0.707106781186548,0.707106781186547));
#3979=DIRECTION('',(0.,0.,1.));
#3980=DIRECTION('',(7.22448776212739E-16,0.78086880944303,-0.624695047554425));
#3981=DIRECTION('',(-9.25185853854298E-16,-1.,0.));
#3982=DIRECTION('',(-7.22448776212739E-16,-0.780868809443031,-0.624695047554424));
#3983=DIRECTION('',(0.,0.,1.));
#3984=DIRECTION('',(6.5420519111824E-16,0.707106781186548,-0.707106781186547));
#3985=DIRECTION('',(1.,-9.25185853854298E-16,0.));
#3986=DIRECTION('',(9.25185853854298E-16,1.,0.));
#3987=DIRECTION('',(6.5420519111824E-16,0.707106781186548,0.707106781186547));
#3988=DIRECTION('',(1.,-9.25185853854298E-16,0.));
#3989=DIRECTION('',(9.25185853854298E-16,1.,0.));
#3990=DIRECTION('',(1.,-9.25185853854298E-16,0.));
#3991=DIRECTION('',(9.25185853854298E-16,1.,0.));
#3992=DIRECTION('',(-6.5420519111824E-16,-0.707106781186548,0.707106781186548));
#3993=DIRECTION('',(1.,-9.25185853854298E-16,0.));
#3994=DIRECTION('',(9.25185853854298E-16,1.,0.));
#3995=DIRECTION('',(7.22448776212739E-16,0.78086880944303,0.624695047554425));
#3996=DIRECTION('',(-9.25185853854298E-16,-1.,0.));
#3997=DIRECTION('',(-7.69801162016678E-16,-0.832050294337844,0.554700196225229));
#3998=DIRECTION('',(0.,0.,-1.));
#3999=DIRECTION('',(1.,-9.25185853854298E-16,0.));
#4000=DIRECTION('',(9.25185853854298E-16,1.,0.));
#4001=DIRECTION('',(-9.25185853854298E-16,-1.,0.));
#4002=DIRECTION('',(1.,-9.25185853854298E-16,0.));
#4003=DIRECTION('',(9.25185853854298E-16,1.,0.));
#4004=DIRECTION('',(0.,0.,-1.));
#4005=DIRECTION('',(7.69801162016678E-16,0.832050294337844,0.554700196225229));
#4006=DIRECTION('',(-9.25185853854298E-16,-1.,0.));
#4007=DIRECTION('',(0.,0.,-1.));
#4008=DIRECTION('',(-9.25185853854298E-16,-1.,0.));
#4009=DIRECTION('',(0.,0.,-1.));
#4010=DIRECTION('',(-9.25185853854298E-16,-1.,0.));
#4011=DIRECTION('',(-7.22448776212739E-16,-0.78086880944303,0.624695047554425));
#4012=DIRECTION('',(0.,0.,-1.));
#4013=DIRECTION('',(1.,-9.25185853854298E-16,0.));
#4014=DIRECTION('',(9.25185853854298E-16,1.,0.));
#4015=DIRECTION('',(6.5420519111824E-16,0.707106781186548,0.707106781186547));
#4016=DIRECTION('',(1.,-9.25185853854298E-16,0.));
#4017=DIRECTION('',(9.25185853854298E-16,1.,0.));
#4018=DIRECTION('',(-9.25185853854298E-16,-1.,0.));
#4019=DIRECTION('',(1.,-9.25185853854298E-16,0.));
#4020=DIRECTION('',(9.25185853854298E-16,1.,0.));
#4021=DIRECTION('',(-6.5420519111824E-16,-0.707106781186548,0.707106781186548));
#4022=DIRECTION('',(1.,-9.25185853854298E-16,0.));
#4023=DIRECTION('',(9.25185853854298E-16,1.,0.));
#4024=DIRECTION('',(0.,0.,-1.));
#4025=DIRECTION('',(7.22448776212739E-16,0.78086880944303,0.624695047554425));
#4026=DIRECTION('',(-9.25185853854298E-16,-1.,0.));
#4027=DIRECTION('',(-7.22448776212739E-16,-0.78086880944303,0.624695047554425));
#4028=DIRECTION('',(9.25185853854298E-16,1.,0.));
#4029=DIRECTION('',(6.54205191118241E-16,0.707106781186548,0.707106781186547));
#4030=DIRECTION('',(0.,0.,1.));
#4031=DIRECTION('',(7.22448776212739E-16,0.78086880944303,-0.624695047554425));
#4032=DIRECTION('',(-9.25185853854298E-16,-1.,0.));
#4033=DIRECTION('',(-7.22448776212739E-16,-0.780868809443031,-0.624695047554424));
#4034=DIRECTION('',(0.,0.,1.));
#4035=DIRECTION('',(6.5420519111824E-16,0.707106781186548,-0.707106781186547));
#4036=DIRECTION('',(7.69801162016678E-16,0.832050294337844,-0.554700196225229));
#4037=DIRECTION('',(-9.25185853854298E-16,-1.,-5.49617127422442E-17));
#4038=DIRECTION('',(-7.69801162016678E-16,-0.832050294337844,-0.554700196225229));
#4039=DIRECTION('',(0.,0.,1.));
#4040=DIRECTION('',(9.25185853854298E-16,1.,-1.24884708003101E-16));
#4041=DIRECTION('',(0.,0.,1.));
#4042=DIRECTION('',(1.,0.,0.));
#4043=DIRECTION('',(0.,0.,-1.));
#4044=DIRECTION('',(1.,0.,0.));
#4045=DIRECTION('',(0.,0.,-1.));
#4046=DIRECTION('',(0.,-1.,0.));
#4047=DIRECTION('',(1.,0.,0.));
#4048=DIRECTION('',(0.,0.,-1.));
#4049=DIRECTION('',(1.,0.,0.));
#4050=DIRECTION('',(0.,0.,-1.));
#4051=DIRECTION('',(1.,0.,0.));
#4052=DIRECTION('',(0.,0.,-1.));
#4053=DIRECTION('',(-6.5420519111824E-16,-0.707106781186547,0.707106781186548));
#4054=DIRECTION('',(0.,-0.707106781186548,-0.707106781186547));
#4055=DIRECTION('',(-1.,9.25185853854298E-16,0.));
#4056=DIRECTION('',(6.54205191118241E-16,0.707106781186548,0.707106781186547));
#4057=DIRECTION('',(-1.,9.25185853854298E-16,0.));
#4058=DIRECTION('',(0.,0.,1.));
#4059=DIRECTION('',(1.,0.,0.));
#4060=DIRECTION('',(-1.,9.25185853854298E-16,0.));
#4061=DIRECTION('',(9.25185853854298E-16,1.,0.));
#4062=DIRECTION('',(6.5420519111824E-16,0.707106781186547,0.707106781186548));
#4063=DIRECTION('',(0.,-0.707106781186548,0.707106781186547));
#4064=DIRECTION('',(-1.,9.25185853854298E-16,0.));
#4065=DIRECTION('',(6.5420519111824E-16,0.707106781186548,-0.707106781186547));
#4066=DIRECTION('',(-9.25185853854298E-16,-1.,0.));
#4067=DIRECTION('',(1.,-9.25185853854298E-16,0.));
#4068=DIRECTION('',(-1.,9.25185853854298E-16,0.));
#4069=DIRECTION('',(0.,0.,1.));
#4070=DIRECTION('',(5.77959020970191E-16,0.624695047554424,-0.780868809443031));
#4071=DIRECTION('',(0.,0.780868809443031,0.624695047554424));
#4072=DIRECTION('',(-1.,9.25185853854298E-16,0.));
#4073=DIRECTION('',(-7.22448776212739E-16,-0.780868809443031,-0.624695047554424));
#4074=DIRECTION('',(0.,0.,-1.));
#4075=DIRECTION('',(-1.,0.,0.));
#4076=DIRECTION('',(-1.,9.25185853854298E-16,0.));
#4077=DIRECTION('',(-9.25185853854298E-16,-1.,0.));
#4078=DIRECTION('',(5.77959020970192E-16,0.624695047554425,0.78086880944303));
#4079=DIRECTION('',(0.,-0.78086880944303,0.624695047554425));
#4080=DIRECTION('',(-1.,9.25185853854298E-16,0.));
#4081=DIRECTION('',(7.22448776212739E-16,0.78086880944303,-0.624695047554425));
#4082=DIRECTION('',(-9.25185853854298E-16,-1.,0.));
#4083=DIRECTION('',(1.,-9.25185853854298E-16,0.));
#4084=DIRECTION('',(0.,0.,1.));
#4085=DIRECTION('',(-1.,9.25185853854298E-16,0.));
#4086=DIRECTION('',(-9.25185853854298E-16,-1.,0.));
#4087=DIRECTION('',(-5.77959020970192E-16,-0.624695047554425,0.78086880944303));
#4088=DIRECTION('',(0.,-0.78086880944303,-0.624695047554425));
#4089=DIRECTION('',(7.22448776212739E-16,0.78086880944303,0.624695047554425));
#4090=DIRECTION('',(-1.,9.25185853854298E-16,0.));
#4091=DIRECTION('',(-1.,9.25185853854298E-16,0.));
#4092=DIRECTION('',(-9.25185853854298E-16,-1.,0.));
#4093=DIRECTION('',(-1.,9.25185853854298E-16,0.));
#4094=DIRECTION('',(-9.25185853854298E-16,-1.,0.));
#4095=DIRECTION('',(-9.25185853854298E-16,-1.,0.));
#4096=DIRECTION('',(-5.77959020970192E-16,-0.624695047554425,-0.78086880944303));
#4097=DIRECTION('',(0.,0.78086880944303,-0.624695047554425));
#4098=DIRECTION('',(-1.,9.25185853854298E-16,0.));
#4099=DIRECTION('',(-7.22448776212739E-16,-0.78086880944303,0.624695047554425));
#4100=DIRECTION('',(-1.,9.25185853854298E-16,0.));
#4101=DIRECTION('',(-9.25185853854298E-16,-1.,0.));
#4102=DIRECTION('',(-9.25185853854298E-16,-1.,0.));
#4103=DIRECTION('',(-1.,9.25185853854298E-16,0.));
#4104=DIRECTION('',(-9.25185853854298E-16,-1.,0.));
#4105=DIRECTION('',(-6.5420519111824E-16,-0.707106781186547,0.707106781186548));
#4106=DIRECTION('',(0.,-0.707106781186548,-0.707106781186547));
#4107=DIRECTION('',(-1.,0.,0.));
#4108=DIRECTION('',(6.5420519111824E-16,0.707106781186548,0.707106781186547));
#4109=DIRECTION('',(-1.,0.,0.));
#4110=DIRECTION('',(-1.,9.25185853854298E-16,0.));
#4111=DIRECTION('',(-9.25185853854298E-16,-1.,0.));
#4112=DIRECTION('',(-1.,9.25185853854298E-16,0.));
#4113=DIRECTION('',(-9.25185853854298E-16,-1.,0.));
#4114=DIRECTION('',(-6.5420519111824E-16,-0.707106781186548,-0.707106781186548));
#4115=DIRECTION('',(0.,0.707106781186548,-0.707106781186548));
#4116=DIRECTION('',(1.,0.,0.));
#4117=DIRECTION('',(-6.5420519111824E-16,-0.707106781186548,0.707106781186548));
#4118=DIRECTION('',(1.,0.,0.));
#4119=DIRECTION('',(-1.,9.25185853854298E-16,0.));
#4120=DIRECTION('',(-9.25185853854298E-16,-1.,0.));
#4121=DIRECTION('',(-1.,9.25185853854298E-16,0.));
#4122=DIRECTION('',(-9.25185853854298E-16,-1.,0.));
#4123=DIRECTION('',(1.,0.,0.));
#4124=DIRECTION('',(0.,0.,-1.));
#4125=DIRECTION('',(-1.,0.,0.));
#4126=DIRECTION('',(-1.,0.,0.));
#4127=DIRECTION('',(0.,0.,1.));
#4128=DIRECTION('',(-1.,0.,0.));
#4129=DIRECTION('',(0.,0.,1.));
#4130=DIRECTION('',(1.,0.,0.));
#4131=DIRECTION('',(1.,0.,0.));
#4132=DIRECTION('',(0.,0.,-1.));
#4133=DIRECTION('',(0.,1.,0.));
#4134=DIRECTION('',(0.,0.,1.));
#4135=DIRECTION('',(0.,0.,-1.));
#4136=DIRECTION('',(1.,0.,0.));
#4137=DIRECTION('',(0.,0.,-1.));
#4138=DIRECTION('',(-1.,9.25185853854298E-16,0.));
#4139=DIRECTION('',(1.,0.,0.));
#4140=DIRECTION('',(0.,-1.,0.));
#4141=DIRECTION('',(0.,0.,-1.));
#4142=DIRECTION('',(0.,0.,1.));
#4143=DIRECTION('',(-1.,0.,0.));
#4144=DIRECTION('',(0.,0.,-1.));
#4145=DIRECTION('',(-1.,0.,0.));
#4146=DIRECTION('',(-1.,9.25185853854298E-16,0.));
#4147=DIRECTION('',(0.,0.,1.));
#4148=DIRECTION('',(1.,0.,0.));
#4149=DIRECTION('',(-1.,0.,0.));
#4150=DIRECTION('',(0.,-1.,0.));
#4151=DIRECTION('',(1.,0.,0.));
#4152=DIRECTION('',(1.,0.,0.));
#4153=DIRECTION('',(0.,0.,-1.));
#4154=DIRECTION('',(1.,0.,0.));
#4155=DIRECTION('',(0.,0.,-1.));
#4156=DIRECTION('',(0.,-1.,0.));
#4157=DIRECTION('',(1.,0.,0.));
#4158=DIRECTION('',(0.,0.,-1.));
#4159=DIRECTION('',(1.,0.,0.));
#4160=DIRECTION('',(0.,0.,-1.));
#4161=DIRECTION('',(1.,0.,0.));
#4162=DIRECTION('',(0.,0.,-1.));
#4163=DIRECTION('',(-6.5420519111824E-16,-0.707106781186547,0.707106781186548));
#4164=DIRECTION('',(0.,-0.707106781186548,-0.707106781186547));
#4165=DIRECTION('',(-1.,9.25185853854298E-16,0.));
#4166=DIRECTION('',(6.54205191118241E-16,0.707106781186548,0.707106781186547));
#4167=DIRECTION('',(-1.,9.25185853854298E-16,0.));
#4168=DIRECTION('',(0.,0.,1.));
#4169=DIRECTION('',(1.,0.,0.));
#4170=DIRECTION('',(-1.,9.25185853854298E-16,0.));
#4171=DIRECTION('',(9.25185853854298E-16,1.,0.));
#4172=DIRECTION('',(6.5420519111824E-16,0.707106781186547,0.707106781186548));
#4173=DIRECTION('',(0.,-0.707106781186548,0.707106781186547));
#4174=DIRECTION('',(-1.,9.25185853854298E-16,0.));
#4175=DIRECTION('',(6.5420519111824E-16,0.707106781186548,-0.707106781186547));
#4176=DIRECTION('',(-9.25185853854298E-16,-1.,0.));
#4177=DIRECTION('',(1.,-9.25185853854298E-16,0.));
#4178=DIRECTION('',(-1.,9.25185853854298E-16,0.));
#4179=DIRECTION('',(0.,0.,1.));
#4180=DIRECTION('',(5.77959020970191E-16,0.624695047554424,-0.780868809443031));
#4181=DIRECTION('',(0.,0.780868809443031,0.624695047554424));
#4182=DIRECTION('',(-1.,9.25185853854298E-16,0.));
#4183=DIRECTION('',(-7.22448776212739E-16,-0.780868809443031,-0.624695047554424));
#4184=DIRECTION('',(0.,0.,-1.));
#4185=DIRECTION('',(-1.,0.,0.));
#4186=DIRECTION('',(-1.,9.25185853854298E-16,0.));
#4187=DIRECTION('',(-9.25185853854298E-16,-1.,0.));
#4188=DIRECTION('',(5.77959020970192E-16,0.624695047554425,0.78086880944303));
#4189=DIRECTION('',(0.,-0.78086880944303,0.624695047554425));
#4190=DIRECTION('',(-1.,9.25185853854298E-16,0.));
#4191=DIRECTION('',(7.22448776212739E-16,0.78086880944303,-0.624695047554425));
#4192=DIRECTION('',(-9.25185853854298E-16,-1.,0.));
#4193=DIRECTION('',(1.,-9.25185853854298E-16,0.));
#4194=DIRECTION('',(0.,0.,1.));
#4195=DIRECTION('',(-1.,9.25185853854298E-16,0.));
#4196=DIRECTION('',(-9.25185853854298E-16,-1.,0.));
#4197=DIRECTION('',(-5.77959020970192E-16,-0.624695047554425,0.78086880944303));
#4198=DIRECTION('',(0.,-0.78086880944303,-0.624695047554425));
#4199=DIRECTION('',(7.22448776212739E-16,0.78086880944303,0.624695047554425));
#4200=DIRECTION('',(-1.,9.25185853854298E-16,0.));
#4201=DIRECTION('',(-1.,9.25185853854298E-16,0.));
#4202=DIRECTION('',(-9.25185853854298E-16,-1.,0.));
#4203=DIRECTION('',(-1.,9.25185853854298E-16,0.));
#4204=DIRECTION('',(-9.25185853854298E-16,-1.,0.));
#4205=DIRECTION('',(-9.25185853854298E-16,-1.,0.));
#4206=DIRECTION('',(-5.77959020970192E-16,-0.624695047554425,-0.78086880944303));
#4207=DIRECTION('',(0.,0.78086880944303,-0.624695047554425));
#4208=DIRECTION('',(-1.,9.25185853854298E-16,0.));
#4209=DIRECTION('',(-7.22448776212739E-16,-0.78086880944303,0.624695047554425));
#4210=DIRECTION('',(-1.,9.25185853854298E-16,0.));
#4211=DIRECTION('',(-9.25185853854298E-16,-1.,0.));
#4212=DIRECTION('',(-9.25185853854298E-16,-1.,0.));
#4213=DIRECTION('',(-1.,9.25185853854298E-16,0.));
#4214=DIRECTION('',(-9.25185853854298E-16,-1.,0.));
#4215=DIRECTION('',(-6.5420519111824E-16,-0.707106781186547,0.707106781186548));
#4216=DIRECTION('',(0.,-0.707106781186548,-0.707106781186547));
#4217=DIRECTION('',(-1.,0.,0.));
#4218=DIRECTION('',(6.5420519111824E-16,0.707106781186548,0.707106781186547));
#4219=DIRECTION('',(-1.,0.,0.));
#4220=DIRECTION('',(-1.,9.25185853854298E-16,0.));
#4221=DIRECTION('',(-9.25185853854298E-16,-1.,0.));
#4222=DIRECTION('',(-1.,9.25185853854298E-16,0.));
#4223=DIRECTION('',(-9.25185853854298E-16,-1.,0.));
#4224=DIRECTION('',(-6.5420519111824E-16,-0.707106781186548,-0.707106781186548));
#4225=DIRECTION('',(0.,0.707106781186548,-0.707106781186548));
#4226=DIRECTION('',(1.,0.,0.));
#4227=DIRECTION('',(-6.5420519111824E-16,-0.707106781186548,0.707106781186548));
#4228=DIRECTION('',(1.,0.,0.));
#4229=DIRECTION('',(-1.,9.25185853854298E-16,0.));
#4230=DIRECTION('',(-9.25185853854298E-16,-1.,0.));
#4231=DIRECTION('',(-1.,9.25185853854298E-16,0.));
#4232=DIRECTION('',(-9.25185853854298E-16,-1.,0.));
#4233=DIRECTION('',(1.,0.,0.));
#4234=DIRECTION('',(0.,0.,-1.));
#4235=DIRECTION('',(-1.,0.,0.));
#4236=DIRECTION('',(-1.,0.,0.));
#4237=DIRECTION('',(0.,0.,1.));
#4238=DIRECTION('',(-1.,0.,0.));
#4239=DIRECTION('',(0.,0.,1.));
#4240=DIRECTION('',(1.,0.,0.));
#4241=DIRECTION('',(1.,0.,0.));
#4242=DIRECTION('',(0.,0.,-1.));
#4243=DIRECTION('',(0.,1.,0.));
#4244=DIRECTION('',(0.,0.,1.));
#4245=DIRECTION('',(0.,0.,-1.));
#4246=DIRECTION('',(1.,0.,0.));
#4247=DIRECTION('',(0.,0.,-1.));
#4248=DIRECTION('',(-1.,9.25185853854298E-16,0.));
#4249=DIRECTION('',(0.,0.,-1.));
#4250=DIRECTION('',(1.,0.,0.));
#4251=DIRECTION('',(0.,-1.,0.));
#4252=DIRECTION('',(0.,0.,-1.));
#4253=DIRECTION('',(0.,0.,1.));
#4254=DIRECTION('',(-1.,0.,0.));
#4255=DIRECTION('',(0.,0.,-1.));
#4256=DIRECTION('',(-1.,0.,0.));
#4257=DIRECTION('',(0.,0.,-1.));
#4258=DIRECTION('',(-1.,9.25185853854298E-16,0.));
#4259=DIRECTION('',(0.,0.,1.));
#4260=DIRECTION('',(1.,0.,0.));
#4261=DIRECTION('',(-9.25185853854298E-16,-1.,0.));
#4262=DIRECTION('',(-1.,0.,0.));
#4263=DIRECTION('',(0.,-1.,0.));
#4264=DIRECTION('',(1.,0.,0.));
#4265=DIRECTION('',(1.,-9.25185853854298E-16,0.));
#4266=DIRECTION('',(9.25185853854298E-16,1.,0.));
#4267=DIRECTION('',(9.25185853854298E-16,1.,0.));
#4268=DIRECTION('',(6.54205191118241E-16,0.707106781186548,0.707106781186547));
#4269=DIRECTION('',(0.,0.,1.));
#4270=DIRECTION('',(7.22448776212739E-16,0.78086880944303,-0.624695047554425));
#4271=DIRECTION('',(-9.25185853854298E-16,-1.,0.));
#4272=DIRECTION('',(-7.22448776212739E-16,-0.780868809443031,-0.624695047554424));
#4273=DIRECTION('',(0.,0.,1.));
#4274=DIRECTION('',(6.5420519111824E-16,0.707106781186548,-0.707106781186547));
#4275=DIRECTION('',(1.,-9.25185853854298E-16,0.));
#4276=DIRECTION('',(9.25185853854298E-16,1.,0.));
#4277=DIRECTION('',(6.5420519111824E-16,0.707106781186548,0.707106781186547));
#4278=DIRECTION('',(1.,-9.25185853854298E-16,0.));
#4279=DIRECTION('',(9.25185853854298E-16,1.,0.));
#4280=DIRECTION('',(1.,-9.25185853854298E-16,0.));
#4281=DIRECTION('',(9.25185853854298E-16,1.,0.));
#4282=DIRECTION('',(-6.5420519111824E-16,-0.707106781186548,0.707106781186548));
#4283=DIRECTION('',(1.,-9.25185853854298E-16,0.));
#4284=DIRECTION('',(9.25185853854298E-16,1.,0.));
#4285=DIRECTION('',(7.22448776212739E-16,0.78086880944303,0.624695047554425));
#4286=DIRECTION('',(-9.25185853854298E-16,-1.,0.));
#4287=DIRECTION('',(-7.22448776212739E-16,-0.78086880944303,0.624695047554425));
#4288=DIRECTION('',(1.,0.,0.));
#4289=DIRECTION('',(0.,0.,-1.));
#4290=DIRECTION('',(1.,0.,0.));
#4291=DIRECTION('',(0.,0.,-1.));
#4292=DIRECTION('',(0.,-1.,0.));
#4293=DIRECTION('',(1.,0.,0.));
#4294=DIRECTION('',(0.,0.,-1.));
#4295=DIRECTION('',(1.,0.,0.));
#4296=DIRECTION('',(0.,0.,-1.));
#4297=DIRECTION('',(1.,0.,0.));
#4298=DIRECTION('',(0.,0.,-1.));
#4299=DIRECTION('',(-6.5420519111824E-16,-0.707106781186547,0.707106781186548));
#4300=DIRECTION('',(0.,-0.707106781186548,-0.707106781186547));
#4301=DIRECTION('',(-1.,9.25185853854298E-16,0.));
#4302=DIRECTION('',(6.54205191118241E-16,0.707106781186548,0.707106781186547));
#4303=DIRECTION('',(-1.,9.25185853854298E-16,0.));
#4304=DIRECTION('',(0.,0.,1.));
#4305=DIRECTION('',(1.,0.,0.));
#4306=DIRECTION('',(-1.,9.25185853854298E-16,0.));
#4307=DIRECTION('',(9.25185853854298E-16,1.,0.));
#4308=DIRECTION('',(6.5420519111824E-16,0.707106781186547,0.707106781186548));
#4309=DIRECTION('',(0.,-0.707106781186548,0.707106781186547));
#4310=DIRECTION('',(-1.,9.25185853854298E-16,0.));
#4311=DIRECTION('',(6.5420519111824E-16,0.707106781186548,-0.707106781186547));
#4312=DIRECTION('',(-9.25185853854298E-16,-1.,0.));
#4313=DIRECTION('',(1.,-9.25185853854298E-16,0.));
#4314=DIRECTION('',(-1.,9.25185853854298E-16,0.));
#4315=DIRECTION('',(0.,0.,1.));
#4316=DIRECTION('',(5.77959020970191E-16,0.624695047554424,-0.780868809443031));
#4317=DIRECTION('',(0.,0.780868809443031,0.624695047554424));
#4318=DIRECTION('',(-1.,9.25185853854298E-16,0.));
#4319=DIRECTION('',(-7.22448776212739E-16,-0.780868809443031,-0.624695047554424));
#4320=DIRECTION('',(0.,0.,-1.));
#4321=DIRECTION('',(-1.,0.,0.));
#4322=DIRECTION('',(-1.,9.25185853854298E-16,0.));
#4323=DIRECTION('',(-9.25185853854298E-16,-1.,0.));
#4324=DIRECTION('',(5.77959020970192E-16,0.624695047554425,0.78086880944303));
#4325=DIRECTION('',(0.,-0.78086880944303,0.624695047554425));
#4326=DIRECTION('',(-1.,9.25185853854298E-16,0.));
#4327=DIRECTION('',(7.22448776212739E-16,0.78086880944303,-0.624695047554425));
#4328=DIRECTION('',(-9.25185853854298E-16,-1.,0.));
#4329=DIRECTION('',(1.,-9.25185853854298E-16,0.));
#4330=DIRECTION('',(0.,0.,1.));
#4331=DIRECTION('',(-1.,9.25185853854298E-16,0.));
#4332=DIRECTION('',(-9.25185853854298E-16,-1.,0.));
#4333=DIRECTION('',(-5.77959020970192E-16,-0.624695047554425,0.78086880944303));
#4334=DIRECTION('',(0.,-0.78086880944303,-0.624695047554425));
#4335=DIRECTION('',(7.22448776212739E-16,0.78086880944303,0.624695047554425));
#4336=DIRECTION('',(-1.,9.25185853854298E-16,0.));
#4337=DIRECTION('',(-1.,9.25185853854298E-16,0.));
#4338=DIRECTION('',(-9.25185853854298E-16,-1.,0.));
#4339=DIRECTION('',(-1.,9.25185853854298E-16,0.));
#4340=DIRECTION('',(-9.25185853854298E-16,-1.,0.));
#4341=DIRECTION('',(-9.25185853854298E-16,-1.,0.));
#4342=DIRECTION('',(-5.77959020970192E-16,-0.624695047554425,-0.78086880944303));
#4343=DIRECTION('',(0.,0.78086880944303,-0.624695047554425));
#4344=DIRECTION('',(-1.,9.25185853854298E-16,0.));
#4345=DIRECTION('',(-7.22448776212739E-16,-0.78086880944303,0.624695047554425));
#4346=DIRECTION('',(-1.,9.25185853854298E-16,0.));
#4347=DIRECTION('',(-9.25185853854298E-16,-1.,0.));
#4348=DIRECTION('',(-9.25185853854298E-16,-1.,0.));
#4349=DIRECTION('',(-1.,9.25185853854298E-16,0.));
#4350=DIRECTION('',(-9.25185853854298E-16,-1.,0.));
#4351=DIRECTION('',(-6.5420519111824E-16,-0.707106781186547,0.707106781186548));
#4352=DIRECTION('',(0.,-0.707106781186548,-0.707106781186547));
#4353=DIRECTION('',(-1.,0.,0.));
#4354=DIRECTION('',(6.5420519111824E-16,0.707106781186548,0.707106781186547));
#4355=DIRECTION('',(-1.,0.,0.));
#4356=DIRECTION('',(-1.,9.25185853854298E-16,0.));
#4357=DIRECTION('',(-9.25185853854298E-16,-1.,0.));
#4358=DIRECTION('',(-1.,9.25185853854298E-16,0.));
#4359=DIRECTION('',(-9.25185853854298E-16,-1.,0.));
#4360=DIRECTION('',(-6.5420519111824E-16,-0.707106781186548,-0.707106781186548));
#4361=DIRECTION('',(0.,0.707106781186548,-0.707106781186548));
#4362=DIRECTION('',(1.,0.,0.));
#4363=DIRECTION('',(-6.5420519111824E-16,-0.707106781186548,0.707106781186548));
#4364=DIRECTION('',(1.,0.,0.));
#4365=DIRECTION('',(-1.,9.25185853854298E-16,0.));
#4366=DIRECTION('',(-9.25185853854298E-16,-1.,0.));
#4367=DIRECTION('',(-1.,9.25185853854298E-16,0.));
#4368=DIRECTION('',(-9.25185853854298E-16,-1.,0.));
#4369=DIRECTION('',(1.,0.,0.));
#4370=DIRECTION('',(0.,0.,-1.));
#4371=DIRECTION('',(-1.,0.,0.));
#4372=DIRECTION('',(-1.,0.,0.));
#4373=DIRECTION('',(0.,0.,1.));
#4374=DIRECTION('',(-1.,0.,0.));
#4375=DIRECTION('',(0.,0.,1.));
#4376=DIRECTION('',(1.,0.,0.));
#4377=DIRECTION('',(1.,0.,0.));
#4378=DIRECTION('',(0.,0.,-1.));
#4379=DIRECTION('',(0.,0.,1.));
#4380=DIRECTION('',(1.,0.,0.));
#4381=DIRECTION('',(0.,1.,0.));
#4382=DIRECTION('',(0.,0.,1.));
#4383=DIRECTION('',(1.,0.,0.));
#4384=DIRECTION('',(-1.,0.,0.));
#4385=DIRECTION('',(0.,0.,1.));
#4386=DIRECTION('',(1.,0.,0.));
#4387=DIRECTION('',(0.,-1.,0.));
#4388=DIRECTION('',(0.,0.,1.));
#4389=DIRECTION('',(1.,0.,0.));
#4390=DIRECTION('',(1.,0.,0.));
#4391=DIRECTION('',(0.,0.,1.));
#4392=DIRECTION('',(1.,0.,0.));
#4393=DIRECTION('',(0.,1.,0.));
#4394=DIRECTION('',(0.,0.,1.));
#4395=DIRECTION('',(1.,0.,0.));
#4396=DIRECTION('',(-1.,0.,0.));
#4397=DIRECTION('',(0.,0.,1.));
#4398=DIRECTION('',(1.,0.,0.));
#4399=DIRECTION('',(0.,1.,0.));
#4400=DIRECTION('',(0.,0.,1.));
#4401=DIRECTION('',(1.,0.,0.));
#4402=DIRECTION('',(-1.,-1.27553196763001E-16,0.));
#4403=DIRECTION('',(0.,0.,1.));
#4404=DIRECTION('',(1.,0.,0.));
#4405=DIRECTION('',(-1.,-9.25185853854297E-16,0.));
#4406=DIRECTION('',(9.25185853854297E-16,-1.,0.));
#4407=DIRECTION('',(-9.25185853854297E-16,1.,0.));
#4408=DIRECTION('',(0.,0.,-1.));
#4409=DIRECTION('',(-9.25185853854297E-16,1.,0.));
#4410=DIRECTION('',(0.,0.,-1.));
#4411=DIRECTION('',(-9.25185853854297E-16,1.,0.));
#4412=DIRECTION('',(3.37839067499581E-31,-3.65158055640553E-16,1.));
#4413=DIRECTION('',(-9.25185853854297E-16,1.,7.30316111281106E-17));
#4414=DIRECTION('',(-3.3783906749958E-31,3.65158055640553E-16,-1.));
#4415=DIRECTION('',(0.,0.,1.));
#4416=DIRECTION('',(1.,0.,0.));
#4417=DIRECTION('',(1.,9.25185853854297E-16,0.));
#4418=DIRECTION('',(-9.25185853854297E-16,1.,0.));
#4419=DIRECTION('',(-1.,-9.25185853854297E-16,0.));
#4420=DIRECTION('',(0.,1.,0.));
#4421=DIRECTION('',(-1.,0.,0.));
#4422=DIRECTION('',(0.,1.,0.));
#4423=DIRECTION('',(1.,0.,0.));
#4424=DIRECTION('',(0.,1.,0.));
#4425=DIRECTION('',(-1.,-1.73472347597681E-15,0.));
#4426=DIRECTION('',(1.73472347597681E-15,-1.,0.));
#4427=DIRECTION('',(0.,0.,-1.));
#4428=DIRECTION('',(-1.73472347597681E-15,1.,0.));
#4429=DIRECTION('',(0.,0.,-1.));
#4430=DIRECTION('',(1.91417762866407E-15,1.,0.));
#4431=DIRECTION('',(0.,0.,-1.));
#4432=DIRECTION('',(-1.73472347597681E-15,1.,0.));
#4433=DIRECTION('',(-1.91417762866407E-15,-1.,0.));
#4434=DIRECTION('',(1.,-1.91417762866407E-15,0.));
#4435=DIRECTION('',(-1.,1.91417762866407E-15,0.));
#4436=DIRECTION('',(0.,0.,1.));
#4437=DIRECTION('',(0.832050294337844,-1.59269205934485E-15,-0.554700196225229));
#4438=DIRECTION('',(-1.,1.91417762866407E-15,1.17360130983471E-16));
#4439=DIRECTION('',(-0.832050294337844,1.59269205934485E-15,-0.554700196225229));
#4440=DIRECTION('',(0.,0.,1.));
#4441=DIRECTION('',(-1.,1.91417762866407E-15,0.));
#4442=DIRECTION('',(-1.91417762866407E-15,-1.,0.));
#4443=DIRECTION('',(1.,-1.91417762866407E-15,0.));
#4444=DIRECTION('',(0.,0.,-1.));
#4445=DIRECTION('',(-0.832050294337844,1.59269205934485E-15,-0.554700196225229));
#4446=DIRECTION('',(-1.,1.91417762866407E-15,0.));
#4447=DIRECTION('',(0.832050294337844,-1.59269205934485E-15,-0.554700196225229));
#4448=DIRECTION('',(-1.91417762866407E-15,-1.,0.));
#4449=DIRECTION('',(1.,-1.91417762866407E-15,0.));
#4450=DIRECTION('',(0.,-1.,0.));
#4451=DIRECTION('',(0.,0.,-1.));
#4452=DIRECTION('',(0.,0.,-1.));
#4453=DIRECTION('',(-1.,0.,0.));
#4454=DIRECTION('',(-1.,9.25185853854298E-16,0.));
#4455=DIRECTION('',(0.,0.,-1.));
#4456=DIRECTION('',(1.,0.,0.));
#4457=DIRECTION('',(0.,0.,1.));
#4458=DIRECTION('',(1.,0.,0.));
#4459=DIRECTION('',(1.,0.,0.));
#4460=DIRECTION('',(0.,-1.,0.));
#4461=DIRECTION('',(1.,0.,0.));
#4462=DIRECTION('',(-1.,9.25185853854298E-16,0.));
#4463=DIRECTION('',(-9.25185853854298E-16,-1.,0.));
#4464=DIRECTION('',(1.,0.,0.));
#4465=DIRECTION('',(-3.70074341541719E-15,1.,0.));
#4466=DIRECTION('',(-9.25185853854298E-16,-1.,0.));
#4467=DIRECTION('',(-1.,9.25185853854298E-16,0.));
#4468=DIRECTION('',(1.91417762866407E-15,1.,0.));
#4469=DIRECTION('',(-1.,1.91417762866407E-15,0.));
#4470=DIRECTION('',(0.,1.,0.));
#4471=DIRECTION('',(1.,-2.63199423941309E-15,0.));
#4472=DIRECTION('',(-1.,1.91417762866407E-15,0.));
#4473=DIRECTION('',(1.91417762866407E-15,1.,0.));
#4474=DIRECTION('',(0.,0.,1.));
#4475=DIRECTION('',(1.,0.,0.));
#4476=DIRECTION('',(0.,0.,1.));
#4477=DIRECTION('',(1.,0.,0.));
#4478=DIRECTION('',(-1.,0.,0.));
#4479=DIRECTION('',(1.,0.,0.));
#4480=DIRECTION('',(0.,1.,0.));
#4481=DIRECTION('',(1.,0.,0.));
#4482=DIRECTION('',(0.,0.,1.));
#4483=DIRECTION('',(1.,0.,0.));
#4484=DIRECTION('',(0.,-1.,0.));
#4485=DIRECTION('',(0.,0.,1.));
#4486=DIRECTION('',(1.,0.,0.));
#4487=DIRECTION('',(-1.,0.,0.));
#4488=DIRECTION('',(0.,0.,1.));
#4489=DIRECTION('',(1.,0.,0.));
#4490=DIRECTION('',(0.,1.,0.));
#4491=DIRECTION('',(0.,0.,1.));
#4492=DIRECTION('',(1.,0.,0.));
#4493=DIRECTION('',(1.,0.,0.));
#4494=DIRECTION('',(0.,1.,0.));
#4495=DIRECTION('',(1.,0.,0.));
#4496=DIRECTION('',(0.,1.,0.));
#4497=DIRECTION('',(0.,0.,1.));
#4498=DIRECTION('',(1.,0.,0.));
#4499=DIRECTION('',(0.,0.,1.));
#4500=DIRECTION('',(1.,0.,0.));
#4501=DIRECTION('',(0.,0.,1.));
#4502=DIRECTION('',(1.,0.,0.));
#4503=DIRECTION('',(0.,0.,1.));
#4504=DIRECTION('',(1.,0.,0.));
#4505=DIRECTION('',(0.,0.,1.));
#4506=DIRECTION('',(1.,0.,0.));
#4507=DIRECTION('',(0.,0.,1.));
#4508=DIRECTION('',(1.,0.,0.));
#4509=DIRECTION('',(0.,1.,0.));
#4510=DIRECTION('',(0.,0.,1.));
#4511=DIRECTION('',(1.,0.,0.));
#4512=DIRECTION('',(0.,0.,-1.));
#4513=DIRECTION('',(0.,1.,0.));
#4514=DIRECTION('',(0.,0.,1.));
#4515=DIRECTION('',(1.,0.,0.));
#4516=DIRECTION('',(0.,0.,-1.));
#4517=DIRECTION('',(1.,0.,0.));
#4518=DIRECTION('',(0.,0.,-1.));
#4519=DIRECTION('',(0.,-1.,0.));
#4520=DIRECTION('',(0.,0.,1.));
#4521=DIRECTION('',(1.,0.,0.));
#4522=DIRECTION('',(0.,1.,0.));
#4523=DIRECTION('',(1.,-9.48171837800987E-16,0.));
#4524=DIRECTION('',(0.,1.,0.));
#4525=DIRECTION('',(1.,0.,0.));
#4526=DIRECTION('',(0.,0.,-1.));
#4527=DIRECTION('',(-1.,0.,0.));
#4528=DIRECTION('',(0.,0.,1.));
#4529=DIRECTION('',(1.,0.,0.));
#4530=DIRECTION('',(0.,0.,1.));
#4531=DIRECTION('',(1.,0.,0.));
#4532=DIRECTION('',(0.,0.,-1.));
#4533=DIRECTION('',(-1.,0.,0.));
#4534=DIRECTION('',(0.,0.,-1.));
#4535=DIRECTION('',(-1.,0.,0.));
#4536=DIRECTION('',(0.,0.,1.));
#4537=DIRECTION('',(1.,0.,0.));
#4538=DIRECTION('',(0.,0.,1.));
#4539=DIRECTION('',(1.,0.,0.));
#4540=DIRECTION('',(0.,0.,-1.));
#4541=DIRECTION('',(-1.,0.,0.));
#4542=DIRECTION('',(0.,0.,-1.));
#4543=DIRECTION('',(-1.,0.,0.));
#4544=DIRECTION('',(0.,0.,1.));
#4545=DIRECTION('',(1.,0.,0.));
#4546=DIRECTION('',(0.,0.,1.));
#4547=DIRECTION('',(1.,0.,0.));
#4548=DIRECTION('',(0.,0.,-1.));
#4549=DIRECTION('',(-1.,0.,0.));
#4550=DIRECTION('',(0.,0.,-1.));
#4551=DIRECTION('',(-1.,0.,0.));
#4552=DIRECTION('',(0.,0.,1.));
#4553=DIRECTION('',(1.,0.,0.));
#4554=DIRECTION('',(0.,0.,1.));
#4555=DIRECTION('',(1.,0.,0.));
#4556=DIRECTION('',(0.,0.,-1.));
#4557=DIRECTION('',(-1.,0.,0.));
#4558=DIRECTION('',(0.,0.,-1.));
#4559=DIRECTION('',(-1.,0.,0.));
#4560=DIRECTION('',(0.,0.,1.));
#4561=DIRECTION('',(1.,0.,0.));
#4562=DIRECTION('',(0.,0.,1.));
#4563=DIRECTION('',(1.,0.,0.));
#4564=DIRECTION('',(0.,0.,-1.));
#4565=DIRECTION('',(-1.,0.,0.));
#4566=DIRECTION('',(0.,0.,-1.));
#4567=DIRECTION('',(-1.,0.,0.));
#4568=DIRECTION('',(0.,0.,-1.));
#4569=DIRECTION('',(1.,0.,0.));
#4570=DIRECTION('',(0.,0.,1.));
#4571=DIRECTION('',(1.,0.,0.));
#4572=DIRECTION('',(0.,0.,-1.));
#4573=DIRECTION('',(-1.,0.,0.));
#4574=DIRECTION('',(0.,0.,-1.));
#4575=DIRECTION('',(-1.,0.,0.));
#4576=DIRECTION('',(0.,0.,1.));
#4577=DIRECTION('',(1.,0.,0.));
#4578=DIRECTION('',(0.,0.,1.));
#4579=DIRECTION('',(1.,0.,0.));
#4580=DIRECTION('',(0.,0.,-1.));
#4581=DIRECTION('',(-1.,0.,0.));
#4582=DIRECTION('',(0.,0.,-1.));
#4583=DIRECTION('',(-1.,0.,0.));
#4584=DIRECTION('',(0.,0.,-1.));
#4585=DIRECTION('',(1.,0.,0.));
#4586=DIRECTION('',(0.,0.,1.));
#4587=DIRECTION('',(1.,0.,0.));
#4588=DIRECTION('',(0.,0.,-1.));
#4589=DIRECTION('',(-1.,0.,0.));
#4590=DIRECTION('',(0.,0.,1.));
#4591=DIRECTION('',(1.,0.,0.));
#4592=DIRECTION('',(1.,-2.63199423941309E-15,0.));
#4593=DIRECTION('',(0.,1.,0.));
#4594=DIRECTION('',(-1.73472347597681E-15,1.,0.));
#4595=DIRECTION('',(2.63199423941309E-15,1.,0.));
#4596=DIRECTION('',(-1.,2.63199423941309E-15,0.));
#4597=DIRECTION('',(0.,0.,-1.));
#4598=DIRECTION('',(2.63199423941309E-15,1.,0.));
#4599=DIRECTION('',(-1.,2.63199423941309E-15,0.));
#4600=DIRECTION('',(2.63199423941309E-15,1.,0.));
#4601=DIRECTION('',(-1.,2.63199423941309E-15,0.));
#4602=DIRECTION('',(-1.,0.,0.));
#4603=DIRECTION('',(0.,0.,1.));
#4604=DIRECTION('',(0.,1.,0.));
#4605=DIRECTION('',(0.,0.,-1.));
#4606=DIRECTION('',(1.91417762866407E-15,1.,0.));
#4607=DIRECTION('',(0.,-1.,0.));
#4608=DIRECTION('',(0.,0.,-1.));
#4609=DIRECTION('',(-1.,0.,0.));
#4610=DIRECTION('',(0.,0.,-1.));
#4611=DIRECTION('',(0.,0.,-1.));
#4612=DIRECTION('',(-1.,9.25185853854298E-16,0.));
#4613=DIRECTION('',(1.,3.70074341541719E-15,0.));
#4614=DIRECTION('',(-3.70074341541719E-15,1.,0.));
#4615=DIRECTION('',(1.,3.70074341541719E-15,0.));
#4616=DIRECTION('',(-3.70074341541719E-15,1.,0.));
#4617=DIRECTION('',(3.70074341541719E-15,-1.,0.));
#4618=DIRECTION('',(1.,3.70074341541719E-15,0.));
#4619=DIRECTION('',(-3.70074341541719E-15,1.,0.));
#4620=DIRECTION('',(0.,0.,1.));
#4621=DIRECTION('',(1.,0.,0.));
#4622=DIRECTION('',(-1.,0.,0.));
#4623=DIRECTION('',(-1.,0.,0.));
#4624=DIRECTION('',(0.,0.,1.));
#4625=DIRECTION('',(1.,0.,0.));
#4626=DIRECTION('',(0.,1.,0.));
#4627=DIRECTION('',(1.,0.,0.));
#4628=DIRECTION('',(0.,1.,0.));
#4629=DIRECTION('',(1.,0.,0.));
#4630=DIRECTION('',(0.,1.,0.));
#4631=DIRECTION('',(0.,0.,1.));
#4632=DIRECTION('',(0.,0.,-1.));
#4633=DIRECTION('',(0.,0.,-1.));
#4634=DIRECTION('',(-1.,0.,0.));
#4635=DIRECTION('',(0.,0.,1.));
#4636=DIRECTION('',(-1.,0.,0.));
#4637=DIRECTION('',(0.,0.,1.));
#4638=DIRECTION('',(0.,0.,-1.));
#4639=DIRECTION('',(0.,1.,0.));
#4640=DIRECTION('',(0.,0.,1.));
#4641=DIRECTION('',(0.,0.,-1.));
#4642=DIRECTION('',(-1.,0.,0.));
#4643=DIRECTION('',(0.,0.,1.));
#4644=DIRECTION('',(-1.,0.,0.));
#4645=DIRECTION('',(0.,0.,1.));
#4646=DIRECTION('',(1.,0.,0.));
#4647=DIRECTION('',(0.,0.,-1.));
#4648=DIRECTION('',(1.,0.,0.));
#4649=DIRECTION('',(0.,0.,-1.));
#4650=DIRECTION('',(-1.,0.,0.));
#4651=DIRECTION('',(0.,0.,1.));
#4652=DIRECTION('',(1.,0.,0.));
#4653=DIRECTION('',(0.,0.,-1.));
#4654=DIRECTION('',(1.,0.,0.));
#4655=DIRECTION('',(0.,1.,0.));
#4656=DIRECTION('',(-1.,0.,0.));
#4657=DIRECTION('',(0.,0.,1.));
#4658=DIRECTION('',(5.13200774677785E-16,0.554700196225229,0.832050294337844));
#4659=DIRECTION('',(0.,-0.832050294337844,0.554700196225229));
#4660=DIRECTION('',(-1.,9.25185853854298E-16,0.));
#4661=DIRECTION('',(7.69801162016678E-16,0.832050294337844,-0.554700196225229));
#4662=DIRECTION('',(-1.,9.25185853854298E-16,0.));
#4663=DIRECTION('',(-9.25185853854298E-16,-1.,0.));
#4664=DIRECTION('',(1.,-9.25185853854298E-16,0.));
#4665=DIRECTION('',(-1.,9.25185853854298E-16,0.));
#4666=DIRECTION('',(0.,0.,1.));
#4667=DIRECTION('',(1.15541565207193E-31,1.24884708003101E-16,1.));
#4668=DIRECTION('',(0.,-1.,1.24884708003101E-16));
#4669=DIRECTION('',(-1.,9.25185853854298E-16,0.));
#4670=DIRECTION('',(9.25185853854298E-16,1.,-1.24884708003101E-16));
#4671=DIRECTION('',(-9.25185853854298E-16,-1.,0.));
#4672=DIRECTION('',(1.,-9.25185853854298E-16,0.));
#4673=DIRECTION('',(-1.,9.25185853854298E-16,0.));
#4674=DIRECTION('',(0.,0.,1.));
#4675=DIRECTION('',(5.13200774677785E-16,0.554700196225229,-0.832050294337844));
#4676=DIRECTION('',(0.,0.832050294337844,0.554700196225229));
#4677=DIRECTION('',(-1.,9.25185853854298E-16,0.));
#4678=DIRECTION('',(-7.69801162016678E-16,-0.832050294337844,-0.554700196225229));
#4679=DIRECTION('',(5.08497991327278E-32,5.49617127422442E-17,-1.));
#4680=DIRECTION('',(0.,1.,5.49617127422442E-17));
#4681=DIRECTION('',(-9.25185853854298E-16,-1.,-5.49617127422442E-17));
#4682=DIRECTION('',(-1.,9.25185853854298E-16,0.));
#4683=DIRECTION('',(-9.25185853854298E-16,-1.,0.));
#4684=DIRECTION('',(-5.13200774677785E-16,-0.554700196225229,-0.832050294337844));
#4685=DIRECTION('',(0.,0.832050294337844,-0.554700196225229));
#4686=DIRECTION('',(-7.69801162016678E-16,-0.832050294337844,0.554700196225229));
#4687=DIRECTION('',(-1.,9.25185853854298E-16,0.));
#4688=DIRECTION('',(-9.25185853854298E-16,-1.,0.));
#4689=DIRECTION('',(-5.13200774677785E-16,-0.554700196225229,0.832050294337844));
#4690=DIRECTION('',(0.,-0.832050294337844,-0.554700196225229));
#4691=DIRECTION('',(7.69801162016678E-16,0.832050294337844,0.554700196225229));
#4692=DIRECTION('',(-1.,9.25185853854298E-16,0.));
#4693=DIRECTION('',(-9.25185853854298E-16,-1.,0.));
#4694=DIRECTION('',(0.,0.,-1.));
#4695=DIRECTION('',(-1.,0.,0.));
#4696=DIRECTION('',(1.91417762866407E-15,1.,0.));
#4697=DIRECTION('',(-1.,1.91417762866407E-15,0.));
#4698=DIRECTION('',(1.91417762866407E-15,1.,0.));
#4699=DIRECTION('',(-1.,1.91417762866407E-15,0.));
#4700=DIRECTION('',(-1.91417762866407E-15,-1.,0.));
#4701=DIRECTION('',(1.91417762866407E-15,1.,0.));
#4702=DIRECTION('',(0.,0.,1.));
#4703=DIRECTION('',(0.554700196225229,-1.0617947062299E-15,-0.832050294337844));
#4704=DIRECTION('',(-0.832050294337844,0.,-0.554700196225229));
#4705=DIRECTION('',(1.91417762866407E-15,1.,0.));
#4706=DIRECTION('',(-0.832050294337844,1.59269205934485E-15,-0.554700196225229));
#4707=DIRECTION('',(-1.17360130983471E-16,2.24648137225644E-31,-1.));
#4708=DIRECTION('',(-1.,0.,1.17360130983471E-16));
#4709=DIRECTION('',(1.91417762866407E-15,1.,0.));
#4710=DIRECTION('',(-1.,1.91417762866407E-15,1.17360130983471E-16));
#4711=DIRECTION('',(0.554700196225229,-1.0617947062299E-15,0.832050294337844));
#4712=DIRECTION('',(0.832050294337844,0.,-0.554700196225229));
#4713=DIRECTION('',(1.91417762866407E-15,1.,0.));
#4714=DIRECTION('',(0.832050294337844,-1.59269205934485E-15,-0.554700196225229));
#4715=DIRECTION('',(-1.,1.91417762866407E-15,0.));
#4716=DIRECTION('',(-1.91417762866407E-15,-1.,0.));
#4717=DIRECTION('',(0.,0.,1.));
#4718=DIRECTION('',(1.91417762866407E-15,1.,0.));
#4719=DIRECTION('',(-1.,1.91417762866407E-15,0.));
#4720=DIRECTION('',(0.554700196225229,-1.0617947062299E-15,-0.832050294337844));
#4721=DIRECTION('',(-0.832050294337844,0.,-0.554700196225229));
#4722=DIRECTION('',(-0.832050294337844,1.59269205934485E-15,-0.554700196225229));
#4723=DIRECTION('',(1.91417762866407E-15,1.,0.));
#4724=DIRECTION('',(-1.,1.91417762866407E-15,0.));
#4725=DIRECTION('',(0.554700196225229,-1.0617947062299E-15,0.832050294337844));
#4726=DIRECTION('',(0.832050294337844,0.,-0.554700196225229));
#4727=DIRECTION('',(0.832050294337844,-1.59269205934485E-15,-0.554700196225229));
#4728=DIRECTION('',(1.91417762866407E-15,1.,0.));
#4729=DIRECTION('',(-1.,1.91417762866407E-15,0.));
#4730=DIRECTION('',(0.,-1.,0.));
#4731=DIRECTION('',(0.,0.,-1.));
#4732=DIRECTION('',(-1.73472347597681E-15,1.,0.));
#4733=DIRECTION('',(-1.,-1.73472347597681E-15,0.));
#4734=DIRECTION('',(1.,0.,0.));
#4735=DIRECTION('',(0.,0.,-1.));
#4736=DIRECTION('',(-1.,0.,0.));
#4737=DIRECTION('',(0.,0.,1.));
#4738=DIRECTION('',(0.,0.,-1.));
#4739=DIRECTION('',(-1.,0.,0.));
#4740=DIRECTION('',(0.,0.,1.));
#4741=DIRECTION('',(1.,0.,0.));
#4742=DIRECTION('',(0.,0.,-1.));
#4743=DIRECTION('',(-1.,0.,0.));
#4744=DIRECTION('',(0.,0.,1.));
#4745=DIRECTION('',(1.,0.,0.));
#4746=DIRECTION('',(0.,0.,-1.));
#4747=DIRECTION('',(-1.,0.,0.));
#4748=DIRECTION('',(0.,0.,1.));
#4749=DIRECTION('',(1.,0.,0.));
#4750=DIRECTION('',(0.,0.,-1.));
#4751=DIRECTION('',(-1.,0.,0.));
#4752=DIRECTION('',(0.,0.,1.));
#4753=DIRECTION('',(1.,0.,0.));
#4754=DIRECTION('',(0.,0.,-1.));
#4755=DIRECTION('',(-1.,0.,0.));
#4756=DIRECTION('',(0.,0.,1.));
#4757=DIRECTION('',(1.,0.,0.));
#4758=DIRECTION('',(0.,0.,-1.));
#4759=DIRECTION('',(-1.,0.,0.));
#4760=DIRECTION('',(0.,0.,1.));
#4761=DIRECTION('',(1.,0.,0.));
#4762=DIRECTION('',(0.,0.,-1.));
#4763=DIRECTION('',(-1.,0.,0.));
#4764=DIRECTION('',(0.,0.,1.));
#4765=DIRECTION('',(1.,0.,0.));
#4766=DIRECTION('',(0.,0.,-1.));
#4767=DIRECTION('',(-1.,0.,0.));
#4768=DIRECTION('',(0.,0.,1.));
#4769=DIRECTION('',(1.,0.,0.));
#4770=DIRECTION('',(0.,1.,0.));
#4771=DIRECTION('',(0.,0.,1.));
#4772=DIRECTION('',(1.,0.,0.));
#4773=DIRECTION('',(0.,0.,-1.));
#4774=DIRECTION('',(0.,0.,-1.));
#4775=DIRECTION('',(-1.,0.,0.));
#4776=DIRECTION('',(0.,0.,1.));
#4777=DIRECTION('',(0.,0.,-1.));
#4778=DIRECTION('',(0.,-1.,0.));
#4779=DIRECTION('',(0.,0.,-1.));
#4780=DIRECTION('',(0.,0.,-1.));
#4781=DIRECTION('',(-1.,0.,0.));
#4782=DIRECTION('',(-1.,0.,0.));
#4783=DIRECTION('',(0.,0.,1.));
#4784=DIRECTION('',(0.,-3.65158055640553E-16,1.));
#4785=DIRECTION('',(0.,1.,0.));
#4786=DIRECTION('',(0.,3.65158055640553E-16,-1.));
#4787=DIRECTION('',(0.,-1.,0.));
#4788=DIRECTION('',(0.,0.,1.));
#4789=DIRECTION('',(1.,0.,0.));
#4790=DIRECTION('',(0.,0.,-1.));
#4791=DIRECTION('',(-1.,0.,0.));
#4792=DIRECTION('',(1.,9.25185853854297E-16,0.));
#4793=DIRECTION('',(1.,9.25185853854297E-16,0.));
#4794=DIRECTION('',(9.25185853854297E-16,-1.,-3.65158055640553E-16));
#4795=DIRECTION('',(1.,9.25185853854297E-16,0.));
#4796=DIRECTION('',(1.,9.25185853854297E-16,0.));
#4797=DIRECTION('',(-3.3783906749958E-31,3.65158055640553E-16,-1.));
#4798=DIRECTION('',(-6.7567813499916E-32,7.30316111281106E-17,-1.));
#4799=DIRECTION('',(0.,1.,7.30316111281106E-17));
#4800=DIRECTION('',(1.,9.25185853854297E-16,0.));
#4801=DIRECTION('',(-9.25185853854297E-16,1.,7.30316111281106E-17));
#4802=DIRECTION('',(-9.25185853854297E-16,1.,3.65158055640553E-16));
#4803=DIRECTION('',(-1.,-9.25185853854297E-16,0.));
#4804=DIRECTION('',(3.37839067499581E-31,-3.65158055640553E-16,1.));
#4805=DIRECTION('',(1.,9.25185853854297E-16,0.));
#4806=DIRECTION('',(-9.25185853854297E-16,1.,0.));
#4807=DIRECTION('',(-1.,0.,0.));
#4808=DIRECTION('',(0.,0.,1.));
#4809=DIRECTION('',(0.,0.,-1.));
#4810=DIRECTION('',(0.,0.,-1.));
#4811=DIRECTION('',(0.,1.,0.));
#4812=DIRECTION('',(0.,0.,1.));
#4813=DIRECTION('',(0.,0.,-1.));
#4814=DIRECTION('',(0.,0.,-1.));
#4815=DIRECTION('',(1.,0.,0.));
#4816=DIRECTION('',(0.,0.,-1.));
#4817=DIRECTION('',(0.,0.,-1.));
#4818=DIRECTION('',(0.,0.,-1.));
#4819=DIRECTION('',(0.,-1.,0.));
#4820=DIRECTION('',(0.,0.,-1.));
#4821=DIRECTION('',(0.,0.,-1.));
#4822=DIRECTION('',(0.,0.,-1.));
#4823=DIRECTION('',(0.,-1.,0.));
#4824=DIRECTION('',(0.,0.,-1.));
#4825=DIRECTION('',(0.,0.,-1.));
#4826=DIRECTION('',(-1.,0.,0.));
#4827=DIRECTION('',(0.,0.,-1.));
#4828=DIRECTION('',(-1.,0.,0.));
#4829=DIRECTION('',(0.,0.,1.));
#4830=DIRECTION('',(0.,0.,-1.));
#4831=DIRECTION('',(0.,1.,0.));
#4832=DIRECTION('',(0.,0.,-1.));
#4833=DIRECTION('',(1.27553196763001E-16,-1.,0.));
#4834=DIRECTION('',(1.,1.27553196763001E-16,0.));
#4835=DIRECTION('',(0.,0.,-1.));
#4836=DIRECTION('',(-1.,-1.27553196763001E-16,0.));
#4837=DIRECTION('',(0.,0.,-1.));
#4838=DIRECTION('',(-1.,0.,0.));
#4839=DIRECTION('',(0.,0.,1.));
#4840=DIRECTION('',(0.,1.,0.));
#4841=DIRECTION('',(0.,0.,-1.));
#4842=DIRECTION('',(0.,0.,-1.));
#4843=DIRECTION('',(0.,0.,1.));
#4844=DIRECTION('',(1.,0.,0.));
#4845=DIRECTION('',(0.,0.,1.));
#4846=DIRECTION('',(1.,0.,0.));
#4847=DIRECTION('',(0.,0.,1.));
#4848=DIRECTION('',(1.,0.,0.));
#4849=DIRECTION('',(0.,0.,1.));
#4850=DIRECTION('',(1.,0.,0.));
#4851=DIRECTION('',(0.,0.,1.));
#4852=DIRECTION('',(1.,0.,0.));
#4853=DIRECTION('',(0.,0.,1.));
#4854=DIRECTION('',(1.,0.,0.));
#4855=DIRECTION('',(0.,0.,-1.));
#4856=DIRECTION('',(-1.,0.,0.));
#4857=DIRECTION('',(0.,0.,1.));
#4858=DIRECTION('',(1.,0.,0.));
#4859=DIRECTION('',(0.,0.,-1.));
#4860=DIRECTION('',(-1.,0.,0.));
#4861=DIRECTION('',(0.,0.,-1.));
#4862=DIRECTION('',(-1.,0.,0.));
#4863=DIRECTION('',(0.,0.,-1.));
#4864=DIRECTION('',(-1.,0.,0.));
#4865=DIRECTION('',(0.,0.,-1.));
#4866=DIRECTION('',(-1.,0.,0.));
#4867=DIRECTION('',(0.,0.,-1.));
#4868=DIRECTION('',(-1.,0.,0.));
#4869=DIRECTION('',(-9.48171837800987E-16,-1.,0.));
#4870=DIRECTION('',(1.,-9.48171837800987E-16,0.));
#4871=DIRECTION('',(0.,0.,1.));
#4872=DIRECTION('',(1.,-9.48171837800987E-16,0.));
#4873=DIRECTION('',(0.,0.,1.));
#4874=DIRECTION('',(1.,-9.48171837800987E-16,0.));
#4875=DIRECTION('',(0.,0.,1.));
#4876=DIRECTION('',(1.,-9.48171837800987E-16,0.));
#4877=DIRECTION('',(0.,0.,1.));
#4878=DIRECTION('',(1.,0.,0.));
#4879=DIRECTION('',(0.,0.,-1.));
#4880=DIRECTION('',(0.,0.,1.));
#4881=DIRECTION('',(0.,1.,0.));
#4882=DIRECTION('',(0.,-1.,0.));
#4883=DIRECTION('',(0.,0.,-1.));
#4884=DIRECTION('',(0.,0.,1.));
#4885=DIRECTION('',(1.,0.,0.));
#4886=DIRECTION('',(1.,0.,0.));
#4887=DIRECTION('',(0.,0.,-1.));
#4888=DIRECTION('',(0.,1.,0.));
#4889=DIRECTION('',(0.,0.,-1.));
#4890=DIRECTION('',(1.,0.,0.));
#4891=DIRECTION('',(0.,0.,-1.));
#4892=DIRECTION('',(1.,0.,0.));
#4893=DIRECTION('',(0.,0.,-1.));
#4894=DIRECTION('',(1.,0.,0.));
#4895=DIRECTION('',(0.,0.,-1.));
#4896=DIRECTION('',(1.,0.,0.));
#4897=DIRECTION('',(0.,0.,-1.));
#4898=DIRECTION('',(1.,0.,0.));
#4899=DIRECTION('',(0.,0.,-1.));
#4900=DIRECTION('',(1.,0.,0.));
#4901=DIRECTION('',(0.,0.,-1.));
#4902=DIRECTION('',(1.,0.,0.));
#4903=DIRECTION('',(0.,0.,-1.));
#4904=DIRECTION('',(1.,0.,0.));
#4905=DIRECTION('',(0.,0.,-1.));
#4906=DIRECTION('',(1.,0.,0.));
#4907=DIRECTION('',(-9.71445146547012E-16,-1.,0.));
#4908=DIRECTION('',(1.,0.,0.));
#4909=DIRECTION('',(0.,-1.,0.));
#4910=DIRECTION('',(0.,-1.,0.));
#4911=DIRECTION('',(-1.,0.,0.));
#4912=DIRECTION('',(0.,1.,0.));
#4913=DIRECTION('',(-1.,0.,0.));
#4914=DIRECTION('',(-1.,9.71445146547012E-16,0.));
#4915=DIRECTION('',(-9.71445146547012E-16,-1.,0.));
#4916=DIRECTION('',(-9.71445146547012E-16,-1.,0.));
#4917=DIRECTION('',(0.,0.,1.));
#4918=DIRECTION('',(0.,-1.,0.));
#4919=DIRECTION('',(0.,0.,-1.));
#4920=DIRECTION('',(1.,0.,0.));
#4921=DIRECTION('',(0.,0.,1.));
#4922=DIRECTION('',(-1.,0.,0.));
#4923=DIRECTION('',(0.,0.,1.));
#4924=DIRECTION('',(0.,-1.,0.));
#4925=DIRECTION('',(0.,0.,-1.));
#4926=DIRECTION('',(1.,0.,0.));
#4927=DIRECTION('',(0.,-1.,0.));
#4928=DIRECTION('',(0.,0.,-1.));
#4929=DIRECTION('',(0.,0.,-1.));
#4930=DIRECTION('',(-1.,0.,0.));
#4931=DIRECTION('',(0.,0.,-1.));
#4932=DIRECTION('',(1.,0.,0.));
#4933=DIRECTION('',(0.,0.,-1.));
#4934=DIRECTION('',(0.,0.,-1.));
#4935=DIRECTION('',(0.,-1.,0.));
#4936=DIRECTION('',(0.,-1.,0.));
#4937=DIRECTION('',(0.,0.,-1.));
#4938=DIRECTION('',(0.,0.,-1.));
#4939=DIRECTION('',(-1.,0.,0.));
#4940=DIRECTION('',(-1.,0.,0.));
#4941=DIRECTION('',(0.,0.,1.));
#4942=DIRECTION('',(0.,1.,0.));
#4943=DIRECTION('',(0.,0.,-1.));
#4944=DIRECTION('',(1.,0.,0.));
#4945=CARTESIAN_POINT('',(0.,0.,0.));
#4946=CARTESIAN_POINT('',(-0.08,-0.007,0.0045));
#4947=CARTESIAN_POINT('',(-0.0775,-0.007,0.0045));
#4948=CARTESIAN_POINT('',(-0.0775,-0.007,0.0035));
#4949=CARTESIAN_POINT('',(-0.0775,-0.007,0.0025));
#4950=CARTESIAN_POINT('',(-0.0785,-0.007,0.0025));
#4951=CARTESIAN_POINT('',(-0.0785,-0.007,0.0025));
#4952=CARTESIAN_POINT('',(-0.0785,-0.007,0.0021));
#4953=CARTESIAN_POINT('',(-0.0785,-0.007,0.0027));
#4954=CARTESIAN_POINT('',(-0.0785,-0.007,0.0027));
#4955=CARTESIAN_POINT('',(-0.0825,-0.007,0.0027));
#4956=CARTESIAN_POINT('',(-0.0825,-0.007,0.0045));
#4957=CARTESIAN_POINT('',(-0.0825,-0.007,0.0035));
#4958=CARTESIAN_POINT('',(-0.08,-0.007,0.0035));
#4959=CARTESIAN_POINT('',(-0.08,-0.014,0.0045));
#4960=CARTESIAN_POINT('',(-0.0785,-0.014,0.0021));
#4961=CARTESIAN_POINT('',(-0.0785,-0.014,0.0025));
#4962=CARTESIAN_POINT('',(-0.0785,-0.014,0.0027));
#4963=CARTESIAN_POINT('',(-0.0775,-0.014,0.0025));
#4964=CARTESIAN_POINT('',(-0.0775,-0.014,0.0025));
#4965=CARTESIAN_POINT('',(-0.0775,-0.014,0.0045));
#4966=CARTESIAN_POINT('',(-0.0775,-0.014,0.0035));
#4967=CARTESIAN_POINT('',(-0.08,-0.014,0.0035));
#4968=CARTESIAN_POINT('',(-0.0825,-0.014,0.0035));
#4969=CARTESIAN_POINT('',(-0.0825,-0.014,0.0045));
#4970=CARTESIAN_POINT('',(-0.0825,-0.014,0.0027));
#4971=CARTESIAN_POINT('',(-0.0785,-0.014,0.0027));
#4972=CARTESIAN_POINT('',(-1.38777878078145E-17,6.93889390390723E-18,0.0045));
#4973=CARTESIAN_POINT('',(-0.0825,0.0095,0.0045));
#4974=CARTESIAN_POINT('',(-0.0825,-0.008,0.0045));
#4975=CARTESIAN_POINT('',(-0.0825,-0.013,0.0045));
#4976=CARTESIAN_POINT('',(-1.38777878078145E-17,-0.013,0.0045));
#4977=CARTESIAN_POINT('',(-0.0775,-0.013,0.0045));
#4978=CARTESIAN_POINT('',(-0.0775,-0.0105,0.0045));
#4979=CARTESIAN_POINT('',(-0.0775,-0.008,0.0045));
#4980=CARTESIAN_POINT('',(-1.38777878078145E-17,-0.008,0.0045));
#4981=CARTESIAN_POINT('',(-0.0825,0.0095,0.0045));
#4982=CARTESIAN_POINT('',(-0.0825,-0.0105,0.00442928932188134));
#4983=CARTESIAN_POINT('',(-0.0825,-0.0131292893218813,0.00442928932188134));
#4984=CARTESIAN_POINT('',(-0.0825,-0.00787071067811865,0.00442928932188134));
#4985=CARTESIAN_POINT('',(-0.0825,-0.0135292893218813,0.00402928932188134));
#4986=CARTESIAN_POINT('',(-0.0825,-0.0139292893218813,0.00362928932188134));
#4987=CARTESIAN_POINT('',(-0.0825,-0.0139292893218813,0.0032));
#4988=CARTESIAN_POINT('',(-0.0825,-0.0139292893218813,0.00277071067811865));
#4989=CARTESIAN_POINT('',(-0.0825,-0.0131838994486474,0.00217439877953148));
#4990=CARTESIAN_POINT('',(-0.0825,-0.0124385095754134,0.0015780868809443));
#4991=CARTESIAN_POINT('',(-0.0825,-0.0105004895400844,0.0015780868809443));
#4992=CARTESIAN_POINT('',(-0.0825,-0.00856246950475544,0.0015780868809443));
#4993=CARTESIAN_POINT('',(-0.0825,-0.00781246950475544,0.00217808688094431));
#4994=CARTESIAN_POINT('',(-0.0825,-0.00706246950475544,0.0027780868809443));
#4995=CARTESIAN_POINT('',(-0.0825,-0.00706246950475544,0.00319956751473122));
#4996=CARTESIAN_POINT('',(-0.0825,-0.00706246950475544,0.00362104814851813));
#4997=CARTESIAN_POINT('',(-0.0825,-0.00746659009143705,0.00402516873519974));
#4998=CARTESIAN_POINT('',(-0.0825,-0.013,0.0035));
#4999=CARTESIAN_POINT('',(-0.0825,-0.0139741657386774,0.00372583426132261));
#5000=CARTESIAN_POINT('',(-0.0825,-0.0136,0.0041));
#5001=CARTESIAN_POINT('',(-0.0825,-0.0132258342613226,0.00447416573867739));
#5002=CARTESIAN_POINT('',(-0.0825,-0.013,0.0035));
#5003=CARTESIAN_POINT('',(-0.0825,-0.008,0.0035));
#5004=CARTESIAN_POINT('',(-0.0825,-0.00777416573867739,0.00447416573867739));
#5005=CARTESIAN_POINT('',(-0.0825,-0.0074,0.0041));
#5006=CARTESIAN_POINT('',(-0.0825,-0.00702583426132261,0.00372583426132261));
#5007=CARTESIAN_POINT('',(-0.0825,-0.008,0.0035));
#5008=CARTESIAN_POINT('',(-0.0825,-0.00775,0.0021));
#5009=CARTESIAN_POINT('',(-0.0825,-0.0085,0.0015));
#5010=CARTESIAN_POINT('',(-0.0825,0.0095,0.0015));
#5011=CARTESIAN_POINT('',(-0.0825,0.005,0.0015));
#5012=CARTESIAN_POINT('',(-0.0825,0.0035,0.0025));
#5013=CARTESIAN_POINT('',(-0.0825,0.002,0.0035));
#5014=CARTESIAN_POINT('',(-0.0825,0.002,0.0075));
#5015=CARTESIAN_POINT('',(-0.0825,0.002,0.0065));
#5016=CARTESIAN_POINT('',(-0.0825,0.003,0.0065));
#5017=CARTESIAN_POINT('',(-0.0825,0.003,0.0075));
#5018=CARTESIAN_POINT('',(-0.0825,0.0095,0.0075));
#5019=CARTESIAN_POINT('',(-0.0825,0.016,0.0075));
#5020=CARTESIAN_POINT('',(-0.0825,0.016,0.0065));
#5021=CARTESIAN_POINT('',(-0.0825,0.017,0.0065));
#5022=CARTESIAN_POINT('',(-0.0825,0.017,0.0075));
#5023=CARTESIAN_POINT('',(-0.0825,0.017,0.0035));
#5024=CARTESIAN_POINT('',(-0.0825,0.0155,0.0025));
#5025=CARTESIAN_POINT('',(-0.0825,0.014,0.0015));
#5026=CARTESIAN_POINT('',(-0.0825,0.0095,0.0015));
#5027=CARTESIAN_POINT('',(-0.0825,0.051,0.0015));
#5028=CARTESIAN_POINT('',(-0.0825,0.051,0.0015));
#5029=CARTESIAN_POINT('',(-0.0825,0.051,0.));
#5030=CARTESIAN_POINT('',(-0.0825,0.0095,0.));
#5031=CARTESIAN_POINT('',(-0.0825,-0.051,0.));
#5032=CARTESIAN_POINT('',(-0.0825,-0.051,0.0015));
#5033=CARTESIAN_POINT('',(-0.0825,-0.051,0.0015));
#5034=CARTESIAN_POINT('',(-0.0825,0.0095,0.0015));
#5035=CARTESIAN_POINT('',(-0.0825,-0.0305,0.0015));
#5036=CARTESIAN_POINT('',(-0.0825,-0.03125,0.0021));
#5037=CARTESIAN_POINT('',(-0.0825,-0.032,0.0027));
#5038=CARTESIAN_POINT('',(-0.0825,-0.032,0.0045));
#5039=CARTESIAN_POINT('',(-0.0825,-0.032,0.0035));
#5040=CARTESIAN_POINT('',(-0.0825,-0.031,0.0035));
#5041=CARTESIAN_POINT('',(-0.0825,-0.0319741657386774,0.00372583426132261));
#5042=CARTESIAN_POINT('',(-0.0825,-0.0316,0.0041));
#5043=CARTESIAN_POINT('',(-0.0825,-0.0312258342613226,0.00447416573867739));
#5044=CARTESIAN_POINT('',(-0.0825,-0.031,0.0035));
#5045=CARTESIAN_POINT('',(-0.0825,-0.031,0.0045));
#5046=CARTESIAN_POINT('',(-0.0825,-0.0085,0.0045));
#5047=CARTESIAN_POINT('',(-0.0825,-0.026,0.0045));
#5048=CARTESIAN_POINT('',(-0.0825,-0.026,0.0035));
#5049=CARTESIAN_POINT('',(-0.0825,-0.0257741657386774,0.00447416573867739));
#5050=CARTESIAN_POINT('',(-0.0825,-0.0254,0.0041));
#5051=CARTESIAN_POINT('',(-0.0825,-0.0250258342613226,0.00372583426132261));
#5052=CARTESIAN_POINT('',(-0.0825,-0.026,0.0035));
#5053=CARTESIAN_POINT('',(-0.0825,-0.025,0.0035));
#5054=CARTESIAN_POINT('',(-0.0825,-0.025,0.0045));
#5055=CARTESIAN_POINT('',(-0.0825,-0.025,0.0027));
#5056=CARTESIAN_POINT('',(-0.0825,-0.02575,0.0021));
#5057=CARTESIAN_POINT('',(-0.0825,-0.0265,0.0015));
#5058=CARTESIAN_POINT('',(-0.0825,0.0095,0.0015));
#5059=CARTESIAN_POINT('',(-0.0825,-0.0125,0.0015));
#5060=CARTESIAN_POINT('',(-0.0825,-0.01325,0.0021));
#5061=CARTESIAN_POINT('',(-0.0825,-0.0285,0.00442928932188134));
#5062=CARTESIAN_POINT('',(-0.0825,-0.0311292893218814,0.00442928932188134));
#5063=CARTESIAN_POINT('',(-0.0825,-0.0258707106781186,0.00442928932188134));
#5064=CARTESIAN_POINT('',(-0.0825,-0.0315292893218813,0.00402928932188134));
#5065=CARTESIAN_POINT('',(-0.0825,-0.0319292893218813,0.00362928932188134));
#5066=CARTESIAN_POINT('',(-0.0825,-0.0319292893218813,0.0032));
#5067=CARTESIAN_POINT('',(-0.0825,-0.0319292893218813,0.00277071067811865));
#5068=CARTESIAN_POINT('',(-0.0825,-0.0311838994486474,0.00217439877953148));
#5069=CARTESIAN_POINT('',(-0.0825,-0.0304385095754134,0.0015780868809443));
#5070=CARTESIAN_POINT('',(-0.0825,-0.0285004895400844,0.0015780868809443));
#5071=CARTESIAN_POINT('',(-0.0825,-0.0265624695047555,0.0015780868809443));
#5072=CARTESIAN_POINT('',(-0.0825,-0.0258124695047555,0.00217808688094431));
#5073=CARTESIAN_POINT('',(-0.0825,-0.0250624695047554,0.0027780868809443));
#5074=CARTESIAN_POINT('',(-0.0825,-0.0250624695047554,0.00319956751473122));
#5075=CARTESIAN_POINT('',(-0.0825,-0.0250624695047554,0.00362104814851813));
#5076=CARTESIAN_POINT('',(-0.0825,-0.025466590091437,0.00402516873519974));
#5077=CARTESIAN_POINT('',(-0.0825,0.00405470019622523,0.00333205029433785));
#5078=CARTESIAN_POINT('',(-0.0825,0.00255470019622523,0.00433205029433785));
#5079=CARTESIAN_POINT('',(-0.0825,0.00555470019622523,0.00233205029433785));
#5080=CARTESIAN_POINT('',(-0.0825,0.0095,0.00233205029433785));
#5081=CARTESIAN_POINT('',(-0.0825,0.0134452998037748,0.00233205029433785));
#5082=CARTESIAN_POINT('',(-0.0825,0.0149452998037748,0.00333205029433785));
#5083=CARTESIAN_POINT('',(-0.0825,0.0164452998037748,0.00433205029433785));
#5084=CARTESIAN_POINT('',(-0.0825,0.0164452998037748,0.00561602514716892));
#5085=CARTESIAN_POINT('',(-0.0825,0.0164452998037748,0.0069));
#5086=CARTESIAN_POINT('',(-0.0825,0.0095,0.0069));
#5087=CARTESIAN_POINT('',(-0.0825,0.00255470019622523,0.0069));
#5088=CARTESIAN_POINT('',(-0.0825,0.00255470019622523,0.00561602514716892));
#5089=CARTESIAN_POINT('',(-0.0775,-0.0105,0.0045));
#5090=CARTESIAN_POINT('',(-0.0775,-0.013,0.0025));
#5091=CARTESIAN_POINT('',(-0.0775,-0.013,0.0015));
#5092=CARTESIAN_POINT('',(-0.0775,-0.0105,0.0015));
#5093=CARTESIAN_POINT('',(-0.0775,-0.008,0.0015));
#5094=CARTESIAN_POINT('',(-0.0775,-0.008,0.0025));
#5095=CARTESIAN_POINT('',(-0.0775,-0.008,0.0035));
#5096=CARTESIAN_POINT('',(-0.0775,-0.013,0.0035));
#5097=CARTESIAN_POINT('',(-0.0785,-0.0135292893218813,0.00402928932188134));
#5098=CARTESIAN_POINT('',(-0.0785,-0.0131292893218813,0.00442928932188134));
#5099=CARTESIAN_POINT('',(-0.0785,-0.0131292893218813,0.00442928932188134));
#5100=CARTESIAN_POINT('',(-0.0785,-0.0135292893218813,0.00402928932188134));
#5101=CARTESIAN_POINT('',(-0.0785,-0.0139292893218813,0.00362928932188134));
#5102=CARTESIAN_POINT('',(-0.0785,-0.0139292893218813,0.00362928932188134));
#5103=CARTESIAN_POINT('',(-0.0785,-0.0105,0.00442928932188134));
#5104=CARTESIAN_POINT('',(-0.0785,-0.00787071067811866,0.00442928932188134));
#5105=CARTESIAN_POINT('',(-0.0785,-0.00787071067811866,0.00442928932188134));
#5106=CARTESIAN_POINT('',(-0.0785,-0.0105,0.00442928932188134));
#5107=CARTESIAN_POINT('',(-0.0785,-0.00746659009143705,0.00402516873519974));
#5108=CARTESIAN_POINT('',(-0.0785,-0.00706246950475544,0.00362104814851813));
#5109=CARTESIAN_POINT('',(-0.0785,-0.00706246950475544,0.00362104814851813));
#5110=CARTESIAN_POINT('',(-0.0785,-0.00746659009143705,0.00402516873519974));
#5111=CARTESIAN_POINT('',(-0.0785,-0.00706246950475544,0.00319956751473122));
#5112=CARTESIAN_POINT('',(-0.0785,-0.00706246950475544,0.0027780868809443));
#5113=CARTESIAN_POINT('',(-0.0785,-0.00706246950475544,0.0027780868809443));
#5114=CARTESIAN_POINT('',(-0.0785,-0.00706246950475544,0.00319956751473122));
#5115=CARTESIAN_POINT('',(-0.0785,-0.00781246950475545,0.00217808688094431));
#5116=CARTESIAN_POINT('',(-0.0785,-0.00856246950475545,0.0015780868809443));
#5117=CARTESIAN_POINT('',(-0.0785,-0.00856246950475545,0.0015780868809443));
#5118=CARTESIAN_POINT('',(-0.0785,-0.00781246950475545,0.00217808688094431));
#5119=CARTESIAN_POINT('',(-0.0785,-0.0105004895400844,0.0015780868809443));
#5120=CARTESIAN_POINT('',(-0.0785,-0.0124385095754134,0.0015780868809443));
#5121=CARTESIAN_POINT('',(-0.0785,-0.0124385095754134,0.0015780868809443));
#5122=CARTESIAN_POINT('',(-0.0785,-0.0105004895400844,0.0015780868809443));
#5123=CARTESIAN_POINT('',(-0.0785,-0.0131838994486474,0.00217439877953148));
#5124=CARTESIAN_POINT('',(-0.0785,-0.0139292893218813,0.00277071067811865));
#5125=CARTESIAN_POINT('',(-0.0785,-0.0139292893218813,0.00277071067811865));
#5126=CARTESIAN_POINT('',(-0.0785,-0.0131838994486474,0.00217439877953148));
#5127=CARTESIAN_POINT('',(-0.0785,-0.0139292893218813,0.0032));
#5128=CARTESIAN_POINT('',(-0.0785,-0.0139292893218813,0.0032));
#5129=CARTESIAN_POINT('',(-0.0785,-3.7007434154171E-18,0.00375));
#5130=CARTESIAN_POINT('',(-0.0785,-0.00775,0.0021));
#5131=CARTESIAN_POINT('',(-0.0785,-0.00775,0.0021));
#5132=CARTESIAN_POINT('',(-0.0785,-0.0085,0.0015));
#5133=CARTESIAN_POINT('',(-0.0785,-0.0085,0.0015));
#5134=CARTESIAN_POINT('',(-0.0785,-3.7007434154171E-18,0.00375));
#5135=CARTESIAN_POINT('',(-0.0785,-0.008,0.0025));
#5136=CARTESIAN_POINT('',(-0.0785,-0.008,0.0015));
#5137=CARTESIAN_POINT('',(-0.0785,0.0095,0.0015));
#5138=CARTESIAN_POINT('',(-0.0785,-0.01325,0.0021));
#5139=CARTESIAN_POINT('',(-0.0785,-0.0125,0.0015));
#5140=CARTESIAN_POINT('',(-0.0785,-0.0125,0.0015));
#5141=CARTESIAN_POINT('',(-0.0785,-0.01325,0.0021));
#5142=CARTESIAN_POINT('',(-0.0785,-3.7007434154171E-18,0.00375));
#5143=CARTESIAN_POINT('',(-0.0785,0.0095,0.0015));
#5144=CARTESIAN_POINT('',(-0.0785,-0.013,0.0015));
#5145=CARTESIAN_POINT('',(-0.0785,-0.013,0.0025));
#5146=CARTESIAN_POINT('',(-0.0785,-0.0136,0.0041));
#5147=CARTESIAN_POINT('',(-0.0825,-0.0139741657386774,0.0037258342613226));
#5148=CARTESIAN_POINT('',(-0.0785,-0.0139741657386774,0.00372583426132261));
#5149=CARTESIAN_POINT('',(-0.0785,-0.0136,0.0041));
#5150=CARTESIAN_POINT('',(-0.0785,-0.0132258342613226,0.00447416573867739));
#5151=CARTESIAN_POINT('',(-0.0785,-0.0132258342613226,0.00447416573867739));
#5152=CARTESIAN_POINT('',(-0.0785,-3.7007434154171E-18,0.00375));
#5153=CARTESIAN_POINT('',(-0.0785,-0.013,0.0035));
#5154=CARTESIAN_POINT('',(-0.0785,-0.0074,0.0041));
#5155=CARTESIAN_POINT('',(-0.0825,-0.00777416573867739,0.00447416573867739));
#5156=CARTESIAN_POINT('',(-0.0785,-0.0077741657386774,0.00447416573867739));
#5157=CARTESIAN_POINT('',(-0.0785,-0.0074,0.0041));
#5158=CARTESIAN_POINT('',(-0.0785,-0.00702583426132261,0.0037258342613226));
#5159=CARTESIAN_POINT('',(-0.0785,-0.00702583426132261,0.0037258342613226));
#5160=CARTESIAN_POINT('',(-0.0785,-3.7007434154171E-18,0.00375));
#5161=CARTESIAN_POINT('',(-0.0785,-0.008,0.0035));
#5162=CARTESIAN_POINT('',(-1.38777878078145E-17,-0.013,0.0025));
#5163=CARTESIAN_POINT('',(-0.0785,-0.013,0.0015));
#5164=CARTESIAN_POINT('',(-0.08,-0.013,0.0035));
#5165=CARTESIAN_POINT('',(-1.38777878078145E-17,-0.008,0.0025));
#5166=CARTESIAN_POINT('',(-0.0775,-0.008,0.0015));
#5167=CARTESIAN_POINT('',(-0.08,-0.008,0.0035));
#5168=CARTESIAN_POINT('',(-0.08,-0.025,0.0045));
#5169=CARTESIAN_POINT('',(-0.0775,-0.025,0.0045));
#5170=CARTESIAN_POINT('',(-0.0775,-0.025,0.0035));
#5171=CARTESIAN_POINT('',(-0.0775,-0.025,0.0025));
#5172=CARTESIAN_POINT('',(-0.0785,-0.025,0.0025));
#5173=CARTESIAN_POINT('',(-0.0785,-0.025,0.0025));
#5174=CARTESIAN_POINT('',(-0.0785,-0.025,0.0021));
#5175=CARTESIAN_POINT('',(-0.0785,-0.025,0.0027));
#5176=CARTESIAN_POINT('',(-0.0785,-0.025,0.0027));
#5177=CARTESIAN_POINT('',(-0.08,-0.025,0.0035));
#5178=CARTESIAN_POINT('',(-0.08,-0.032,0.0045));
#5179=CARTESIAN_POINT('',(-0.0785,-0.032,0.0021));
#5180=CARTESIAN_POINT('',(-0.0785,-0.032,0.0025));
#5181=CARTESIAN_POINT('',(-0.0785,-0.032,0.0027));
#5182=CARTESIAN_POINT('',(-0.0775,-0.032,0.0025));
#5183=CARTESIAN_POINT('',(-0.0775,-0.032,0.0025));
#5184=CARTESIAN_POINT('',(-0.0775,-0.032,0.0045));
#5185=CARTESIAN_POINT('',(-0.0775,-0.032,0.0035));
#5186=CARTESIAN_POINT('',(-0.08,-0.032,0.0035));
#5187=CARTESIAN_POINT('',(-0.0785,-0.032,0.0027));
#5188=CARTESIAN_POINT('',(-1.38777878078145E-17,-0.018,0.0045));
#5189=CARTESIAN_POINT('',(-1.38777878078145E-17,-0.031,0.0045));
#5190=CARTESIAN_POINT('',(-0.0775,-0.031,0.0045));
#5191=CARTESIAN_POINT('',(-0.0775,-0.0285,0.0045));
#5192=CARTESIAN_POINT('',(-0.0775,-0.026,0.0045));
#5193=CARTESIAN_POINT('',(-1.38777878078145E-17,-0.026,0.0045));
#5194=CARTESIAN_POINT('',(-0.0775,-0.0285,0.0045));
#5195=CARTESIAN_POINT('',(-0.0775,-0.031,0.0025));
#5196=CARTESIAN_POINT('',(-0.0775,-0.031,0.0015));
#5197=CARTESIAN_POINT('',(-0.0775,-0.0285,0.0015));
#5198=CARTESIAN_POINT('',(-0.0775,-0.026,0.0015));
#5199=CARTESIAN_POINT('',(-0.0775,-0.026,0.0025));
#5200=CARTESIAN_POINT('',(-0.0775,-0.026,0.0035));
#5201=CARTESIAN_POINT('',(-0.0775,-0.031,0.0035));
#5202=CARTESIAN_POINT('',(-0.0785,-0.0315292893218813,0.00402928932188134));
#5203=CARTESIAN_POINT('',(-0.0785,-0.0311292893218814,0.00442928932188134));
#5204=CARTESIAN_POINT('',(-0.0785,-0.0311292893218814,0.00442928932188134));
#5205=CARTESIAN_POINT('',(-0.0785,-0.0315292893218813,0.00402928932188134));
#5206=CARTESIAN_POINT('',(-0.0785,-0.0319292893218813,0.00362928932188134));
#5207=CARTESIAN_POINT('',(-0.0785,-0.0319292893218813,0.00362928932188134));
#5208=CARTESIAN_POINT('',(-0.0785,-0.0285,0.00442928932188134));
#5209=CARTESIAN_POINT('',(-0.0785,-0.0258707106781186,0.00442928932188134));
#5210=CARTESIAN_POINT('',(-0.0785,-0.0258707106781186,0.00442928932188134));
#5211=CARTESIAN_POINT('',(-0.0785,-0.0285,0.00442928932188134));
#5212=CARTESIAN_POINT('',(-0.0785,-0.025466590091437,0.00402516873519974));
#5213=CARTESIAN_POINT('',(-0.0785,-0.0250624695047554,0.00362104814851813));
#5214=CARTESIAN_POINT('',(-0.0785,-0.0250624695047554,0.00362104814851813));
#5215=CARTESIAN_POINT('',(-0.0785,-0.025466590091437,0.00402516873519974));
#5216=CARTESIAN_POINT('',(-0.0785,-0.0250624695047554,0.00319956751473122));
#5217=CARTESIAN_POINT('',(-0.0785,-0.0250624695047554,0.0027780868809443));
#5218=CARTESIAN_POINT('',(-0.0785,-0.0250624695047554,0.0027780868809443));
#5219=CARTESIAN_POINT('',(-0.0785,-0.0250624695047554,0.00319956751473122));
#5220=CARTESIAN_POINT('',(-0.0785,-0.0258124695047555,0.00217808688094431));
#5221=CARTESIAN_POINT('',(-0.0785,-0.0265624695047555,0.0015780868809443));
#5222=CARTESIAN_POINT('',(-0.0785,-0.0265624695047555,0.0015780868809443));
#5223=CARTESIAN_POINT('',(-0.0785,-0.0258124695047555,0.00217808688094431));
#5224=CARTESIAN_POINT('',(-0.0785,-0.0285004895400844,0.0015780868809443));
#5225=CARTESIAN_POINT('',(-0.0785,-0.0304385095754134,0.0015780868809443));
#5226=CARTESIAN_POINT('',(-0.0785,-0.0304385095754134,0.0015780868809443));
#5227=CARTESIAN_POINT('',(-0.0785,-0.0285004895400844,0.0015780868809443));
#5228=CARTESIAN_POINT('',(-0.0785,-0.0311838994486474,0.00217439877953148));
#5229=CARTESIAN_POINT('',(-0.0785,-0.0319292893218813,0.00277071067811865));
#5230=CARTESIAN_POINT('',(-0.0785,-0.0319292893218813,0.00277071067811865));
#5231=CARTESIAN_POINT('',(-0.0785,-0.0311838994486474,0.00217439877953148));
#5232=CARTESIAN_POINT('',(-0.0785,-0.0319292893218813,0.0032));
#5233=CARTESIAN_POINT('',(-0.0785,-0.0319292893218813,0.0032));
#5234=CARTESIAN_POINT('',(-0.0785,-0.018,0.00375));
#5235=CARTESIAN_POINT('',(-0.0785,-0.02575,0.0021));
#5236=CARTESIAN_POINT('',(-0.0785,-0.02575,0.0021));
#5237=CARTESIAN_POINT('',(-0.0785,-0.0265,0.0015));
#5238=CARTESIAN_POINT('',(-0.0785,-0.0265,0.0015));
#5239=CARTESIAN_POINT('',(-0.0785,-0.018,0.00375));
#5240=CARTESIAN_POINT('',(-0.0785,-0.026,0.0025));
#5241=CARTESIAN_POINT('',(-0.0785,-0.026,0.0015));
#5242=CARTESIAN_POINT('',(-0.0785,-0.0085,0.0015));
#5243=CARTESIAN_POINT('',(-0.0785,-0.03125,0.0021));
#5244=CARTESIAN_POINT('',(-0.0785,-0.0305,0.0015));
#5245=CARTESIAN_POINT('',(-0.0785,-0.0305,0.0015));
#5246=CARTESIAN_POINT('',(-0.0785,-0.03125,0.0021));
#5247=CARTESIAN_POINT('',(-0.0785,-0.018,0.00375));
#5248=CARTESIAN_POINT('',(-0.0785,-0.0085,0.0015));
#5249=CARTESIAN_POINT('',(-0.0785,-0.031,0.0015));
#5250=CARTESIAN_POINT('',(-0.0785,-0.031,0.0025));
#5251=CARTESIAN_POINT('',(-0.0785,-0.0316,0.0041));
#5252=CARTESIAN_POINT('',(-0.0825,-0.0319741657386774,0.0037258342613226));
#5253=CARTESIAN_POINT('',(-0.0785,-0.0319741657386774,0.00372583426132261));
#5254=CARTESIAN_POINT('',(-0.0785,-0.0316,0.0041));
#5255=CARTESIAN_POINT('',(-0.0785,-0.0312258342613226,0.00447416573867739));
#5256=CARTESIAN_POINT('',(-0.0785,-0.0312258342613226,0.00447416573867739));
#5257=CARTESIAN_POINT('',(-0.0785,-0.018,0.00375));
#5258=CARTESIAN_POINT('',(-0.0785,-0.031,0.0035));
#5259=CARTESIAN_POINT('',(-0.0785,-0.0254,0.0041));
#5260=CARTESIAN_POINT('',(-0.0825,-0.0257741657386774,0.00447416573867739));
#5261=CARTESIAN_POINT('',(-0.0785,-0.0257741657386774,0.00447416573867739));
#5262=CARTESIAN_POINT('',(-0.0785,-0.0254,0.0041));
#5263=CARTESIAN_POINT('',(-0.0785,-0.0250258342613226,0.0037258342613226));
#5264=CARTESIAN_POINT('',(-0.0785,-0.0250258342613226,0.0037258342613226));
#5265=CARTESIAN_POINT('',(-0.0785,-0.018,0.00375));
#5266=CARTESIAN_POINT('',(-0.0785,-0.026,0.0035));
#5267=CARTESIAN_POINT('',(-1.38777878078145E-17,-0.031,0.0025));
#5268=CARTESIAN_POINT('',(-0.0785,-0.031,0.0015));
#5269=CARTESIAN_POINT('',(-0.08,-0.031,0.0035));
#5270=CARTESIAN_POINT('',(-1.38777878078145E-17,-0.026,0.0025));
#5271=CARTESIAN_POINT('',(-0.0775,-0.026,0.0015));
#5272=CARTESIAN_POINT('',(-0.08,-0.026,0.0035));
#5273=CARTESIAN_POINT('',(-0.045,-0.005,0.0045));
#5274=CARTESIAN_POINT('',(-0.0425,-0.005,0.0045));
#5275=CARTESIAN_POINT('',(-0.0425,-0.005,0.0035));
#5276=CARTESIAN_POINT('',(-0.0425,-0.005,0.0025));
#5277=CARTESIAN_POINT('',(-0.0435,-0.005,0.0025));
#5278=CARTESIAN_POINT('',(-0.0435,-0.005,0.0025));
#5279=CARTESIAN_POINT('',(-0.0435,-0.005,0.0021));
#5280=CARTESIAN_POINT('',(-0.0435,-0.005,0.0027));
#5281=CARTESIAN_POINT('',(-0.0435,-0.005,0.0027));
#5282=CARTESIAN_POINT('',(-0.0475,-0.005,0.0027));
#5283=CARTESIAN_POINT('',(-0.0475,-0.005,0.0045));
#5284=CARTESIAN_POINT('',(-0.0475,-0.005,0.0035));
#5285=CARTESIAN_POINT('',(-0.045,-0.005,0.0035));
#5286=CARTESIAN_POINT('',(-0.045,-0.012,0.0045));
#5287=CARTESIAN_POINT('',(-0.0435,-0.012,0.0021));
#5288=CARTESIAN_POINT('',(-0.0435,-0.012,0.0025));
#5289=CARTESIAN_POINT('',(-0.0435,-0.012,0.0027));
#5290=CARTESIAN_POINT('',(-0.0425,-0.012,0.0025));
#5291=CARTESIAN_POINT('',(-0.0425,-0.012,0.0025));
#5292=CARTESIAN_POINT('',(-0.0425,-0.012,0.0045));
#5293=CARTESIAN_POINT('',(-0.0425,-0.012,0.0035));
#5294=CARTESIAN_POINT('',(-0.045,-0.012,0.0035));
#5295=CARTESIAN_POINT('',(-0.0475,-0.012,0.0035));
#5296=CARTESIAN_POINT('',(-0.0475,-0.012,0.0045));
#5297=CARTESIAN_POINT('',(-0.0475,-0.012,0.0027));
#5298=CARTESIAN_POINT('',(-0.0435,-0.012,0.0027));
#5299=CARTESIAN_POINT('',(0.035,0.002,0.0045));
#5300=CARTESIAN_POINT('',(-0.0475,0.0115,0.0045));
#5301=CARTESIAN_POINT('',(-0.0475,-0.006,0.0045));
#5302=CARTESIAN_POINT('',(-0.0475,-0.011,0.0045));
#5303=CARTESIAN_POINT('',(0.035,-0.011,0.0045));
#5304=CARTESIAN_POINT('',(-0.0425,-0.011,0.0045));
#5305=CARTESIAN_POINT('',(-0.0425,-0.0085,0.0045));
#5306=CARTESIAN_POINT('',(-0.0425,-0.006,0.0045));
#5307=CARTESIAN_POINT('',(0.035,-0.006,0.0045));
#5308=CARTESIAN_POINT('',(-0.0475,0.0115,0.0045));
#5309=CARTESIAN_POINT('',(-0.0475,-0.0085,0.00442928932188134));
#5310=CARTESIAN_POINT('',(-0.0475,-0.0111292893218813,0.00442928932188134));
#5311=CARTESIAN_POINT('',(-0.0475,-0.00587071067811865,0.00442928932188134));
#5312=CARTESIAN_POINT('',(-0.0475,-0.0115292893218813,0.00402928932188134));
#5313=CARTESIAN_POINT('',(-0.0475,-0.0119292893218813,0.00362928932188134));
#5314=CARTESIAN_POINT('',(-0.0475,-0.0119292893218813,0.0032));
#5315=CARTESIAN_POINT('',(-0.0475,-0.0119292893218813,0.00277071067811865));
#5316=CARTESIAN_POINT('',(-0.0475,-0.0111838994486474,0.00217439877953148));
#5317=CARTESIAN_POINT('',(-0.0475,-0.0104385095754134,0.0015780868809443));
#5318=CARTESIAN_POINT('',(-0.0475,-0.00850048954008442,0.0015780868809443));
#5319=CARTESIAN_POINT('',(-0.0475,-0.00656246950475544,0.0015780868809443));
#5320=CARTESIAN_POINT('',(-0.0475,-0.00581246950475544,0.00217808688094431));
#5321=CARTESIAN_POINT('',(-0.0475,-0.00506246950475544,0.0027780868809443));
#5322=CARTESIAN_POINT('',(-0.0475,-0.00506246950475544,0.00319956751473122));
#5323=CARTESIAN_POINT('',(-0.0475,-0.00506246950475544,0.00362104814851813));
#5324=CARTESIAN_POINT('',(-0.0475,-0.00546659009143705,0.00402516873519974));
#5325=CARTESIAN_POINT('',(-0.0475,-0.011,0.0035));
#5326=CARTESIAN_POINT('',(-0.0475,-0.0119741657386774,0.00372583426132261));
#5327=CARTESIAN_POINT('',(-0.0475,-0.0116,0.0041));
#5328=CARTESIAN_POINT('',(-0.0475,-0.0112258342613226,0.00447416573867739));
#5329=CARTESIAN_POINT('',(-0.0475,-0.011,0.0035));
#5330=CARTESIAN_POINT('',(-0.0475,-0.006,0.0035));
#5331=CARTESIAN_POINT('',(-0.0475,-0.00577416573867739,0.00447416573867739));
#5332=CARTESIAN_POINT('',(-0.0475,-0.0054,0.0041));
#5333=CARTESIAN_POINT('',(-0.0475,-0.00502583426132261,0.00372583426132261));
#5334=CARTESIAN_POINT('',(-0.0475,-0.006,0.0035));
#5335=CARTESIAN_POINT('',(-0.0475,-0.00575,0.0021));
#5336=CARTESIAN_POINT('',(-0.0475,-0.0065,0.0015));
#5337=CARTESIAN_POINT('',(-0.0475,0.0115,0.0015));
#5338=CARTESIAN_POINT('',(-0.0475,-0.0105,0.0015));
#5339=CARTESIAN_POINT('',(-0.0475,-0.01125,0.0021));
#5340=CARTESIAN_POINT('',(-0.0425,-0.0085,0.0045));
#5341=CARTESIAN_POINT('',(-0.0425,-0.011,0.0025));
#5342=CARTESIAN_POINT('',(-0.0425,-0.011,0.0015));
#5343=CARTESIAN_POINT('',(-0.0425,-0.0085,0.0015));
#5344=CARTESIAN_POINT('',(-0.0425,-0.006,0.0015));
#5345=CARTESIAN_POINT('',(-0.0425,-0.006,0.0025));
#5346=CARTESIAN_POINT('',(-0.0425,-0.006,0.0035));
#5347=CARTESIAN_POINT('',(-0.0425,-0.011,0.0035));
#5348=CARTESIAN_POINT('',(-0.0435,-0.0115292893218813,0.00402928932188134));
#5349=CARTESIAN_POINT('',(-0.0435,-0.0111292893218813,0.00442928932188134));
#5350=CARTESIAN_POINT('',(-0.0435,-0.0111292893218813,0.00442928932188134));
#5351=CARTESIAN_POINT('',(-0.0435,-0.0115292893218813,0.00402928932188134));
#5352=CARTESIAN_POINT('',(-0.0435,-0.0119292893218813,0.00362928932188134));
#5353=CARTESIAN_POINT('',(-0.0435,-0.0119292893218813,0.00362928932188134));
#5354=CARTESIAN_POINT('',(-0.0435,-0.0085,0.00442928932188134));
#5355=CARTESIAN_POINT('',(-0.0435,-0.00587071067811866,0.00442928932188134));
#5356=CARTESIAN_POINT('',(-0.0435,-0.00587071067811866,0.00442928932188134));
#5357=CARTESIAN_POINT('',(-0.0435,-0.0085,0.00442928932188134));
#5358=CARTESIAN_POINT('',(-0.0435,-0.00546659009143705,0.00402516873519974));
#5359=CARTESIAN_POINT('',(-0.0435,-0.00506246950475544,0.00362104814851813));
#5360=CARTESIAN_POINT('',(-0.0435,-0.00506246950475544,0.00362104814851813));
#5361=CARTESIAN_POINT('',(-0.0435,-0.00546659009143705,0.00402516873519974));
#5362=CARTESIAN_POINT('',(-0.0435,-0.00506246950475544,0.00319956751473122));
#5363=CARTESIAN_POINT('',(-0.0435,-0.00506246950475544,0.0027780868809443));
#5364=CARTESIAN_POINT('',(-0.0435,-0.00506246950475544,0.0027780868809443));
#5365=CARTESIAN_POINT('',(-0.0435,-0.00506246950475544,0.00319956751473122));
#5366=CARTESIAN_POINT('',(-0.0435,-0.00581246950475545,0.00217808688094431));
#5367=CARTESIAN_POINT('',(-0.0435,-0.00656246950475545,0.0015780868809443));
#5368=CARTESIAN_POINT('',(-0.0435,-0.00656246950475545,0.0015780868809443));
#5369=CARTESIAN_POINT('',(-0.0435,-0.00581246950475545,0.00217808688094431));
#5370=CARTESIAN_POINT('',(-0.0435,-0.00850048954008443,0.0015780868809443));
#5371=CARTESIAN_POINT('',(-0.0435,-0.0104385095754134,0.0015780868809443));
#5372=CARTESIAN_POINT('',(-0.0435,-0.0104385095754134,0.0015780868809443));
#5373=CARTESIAN_POINT('',(-0.0435,-0.00850048954008443,0.0015780868809443));
#5374=CARTESIAN_POINT('',(-0.0435,-0.0111838994486474,0.00217439877953148));
#5375=CARTESIAN_POINT('',(-0.0435,-0.0119292893218813,0.00277071067811865));
#5376=CARTESIAN_POINT('',(-0.0435,-0.0119292893218813,0.00277071067811865));
#5377=CARTESIAN_POINT('',(-0.0435,-0.0111838994486474,0.00217439877953148));
#5378=CARTESIAN_POINT('',(-0.0435,-0.0119292893218813,0.0032));
#5379=CARTESIAN_POINT('',(-0.0435,-0.0119292893218813,0.0032));
#5380=CARTESIAN_POINT('',(-0.0435,0.002,0.00375));
#5381=CARTESIAN_POINT('',(-0.0435,-0.00575,0.0021));
#5382=CARTESIAN_POINT('',(-0.0435,-0.00575,0.0021));
#5383=CARTESIAN_POINT('',(-0.0435,-0.0065,0.0015));
#5384=CARTESIAN_POINT('',(-0.0435,-0.0065,0.0015));
#5385=CARTESIAN_POINT('',(-0.0435,0.002,0.00375));
#5386=CARTESIAN_POINT('',(-0.0435,-0.006,0.0025));
#5387=CARTESIAN_POINT('',(-0.0435,-0.006,0.0015));
#5388=CARTESIAN_POINT('',(-0.0435,0.0115,0.0015));
#5389=CARTESIAN_POINT('',(-0.0435,-0.01125,0.0021));
#5390=CARTESIAN_POINT('',(-0.0435,-0.0105,0.0015));
#5391=CARTESIAN_POINT('',(-0.0435,-0.0105,0.0015));
#5392=CARTESIAN_POINT('',(-0.0435,-0.01125,0.0021));
#5393=CARTESIAN_POINT('',(-0.0435,0.002,0.00375));
#5394=CARTESIAN_POINT('',(-0.0435,0.0115,0.0015));
#5395=CARTESIAN_POINT('',(-0.0435,-0.011,0.0015));
#5396=CARTESIAN_POINT('',(-0.0435,-0.011,0.0025));
#5397=CARTESIAN_POINT('',(-0.0435,-0.0116,0.0041));
#5398=CARTESIAN_POINT('',(-0.0475,-0.0119741657386774,0.0037258342613226));
#5399=CARTESIAN_POINT('',(-0.0435,-0.0119741657386774,0.00372583426132261));
#5400=CARTESIAN_POINT('',(-0.0435,-0.0116,0.0041));
#5401=CARTESIAN_POINT('',(-0.0435,-0.0112258342613226,0.00447416573867739));
#5402=CARTESIAN_POINT('',(-0.0435,-0.0112258342613226,0.00447416573867739));
#5403=CARTESIAN_POINT('',(-0.0435,0.002,0.00375));
#5404=CARTESIAN_POINT('',(-0.0435,-0.011,0.0035));
#5405=CARTESIAN_POINT('',(-0.0435,-0.0054,0.0041));
#5406=CARTESIAN_POINT('',(-0.0475,-0.00577416573867739,0.00447416573867739));
#5407=CARTESIAN_POINT('',(-0.0435,-0.0057741657386774,0.00447416573867739));
#5408=CARTESIAN_POINT('',(-0.0435,-0.0054,0.0041));
#5409=CARTESIAN_POINT('',(-0.0435,-0.00502583426132261,0.0037258342613226));
#5410=CARTESIAN_POINT('',(-0.0435,-0.00502583426132261,0.0037258342613226));
#5411=CARTESIAN_POINT('',(-0.0435,0.002,0.00375));
#5412=CARTESIAN_POINT('',(-0.0435,-0.006,0.0035));
#5413=CARTESIAN_POINT('',(0.035,-0.011,0.0025));
#5414=CARTESIAN_POINT('',(-0.0435,-0.011,0.0015));
#5415=CARTESIAN_POINT('',(-0.045,-0.011,0.0035));
#5416=CARTESIAN_POINT('',(0.035,-0.006,0.0025));
#5417=CARTESIAN_POINT('',(-0.0425,-0.006,0.0015));
#5418=CARTESIAN_POINT('',(-0.045,-0.006,0.0035));
#5419=CARTESIAN_POINT('',(-1.38777878078145E-17,6.93889390390723E-18,0.005));
#5420=CARTESIAN_POINT('',(0.073,-0.00175,0.005));
#5421=CARTESIAN_POINT('',(0.073,-0.004,0.005));
#5422=CARTESIAN_POINT('',(0.073,0.0005,0.005));
#5423=CARTESIAN_POINT('',(0.074,-0.004,0.005));
#5424=CARTESIAN_POINT('',(0.074,-0.005,0.005));
#5425=CARTESIAN_POINT('',(0.07625,-0.005,0.005));
#5426=CARTESIAN_POINT('',(0.0785,-0.005,0.005));
#5427=CARTESIAN_POINT('',(0.0785,-0.004,0.005));
#5428=CARTESIAN_POINT('',(0.0795,-0.004,0.005));
#5429=CARTESIAN_POINT('',(0.0795,-0.00175,0.005));
#5430=CARTESIAN_POINT('',(0.0795,0.0005,0.005));
#5431=CARTESIAN_POINT('',(0.0785,0.0005,0.005));
#5432=CARTESIAN_POINT('',(0.0785,0.0015,0.005));
#5433=CARTESIAN_POINT('',(0.07625,0.0015,0.005));
#5434=CARTESIAN_POINT('',(0.074,0.0015,0.005));
#5435=CARTESIAN_POINT('',(0.074,0.0005,0.005));
#5436=CARTESIAN_POINT('',(0.0788,-0.00175,0.005));
#5437=CARTESIAN_POINT('',(0.0788,-0.0033,0.005));
#5438=CARTESIAN_POINT('',(0.0788,-0.000199999999999994,0.005));
#5439=CARTESIAN_POINT('',(0.0778,-0.0033,0.005));
#5440=CARTESIAN_POINT('',(0.0778,-0.0043,0.005));
#5441=CARTESIAN_POINT('',(0.07625,-0.0043,0.005));
#5442=CARTESIAN_POINT('',(0.0747,-0.0043,0.005));
#5443=CARTESIAN_POINT('',(0.0747,-0.0033,0.005));
#5444=CARTESIAN_POINT('',(0.0737,-0.0033,0.005));
#5445=CARTESIAN_POINT('',(0.0737,-0.00175,0.005));
#5446=CARTESIAN_POINT('',(0.0737,-0.000199999999999995,0.005));
#5447=CARTESIAN_POINT('',(0.0747,-0.000199999999999995,0.005));
#5448=CARTESIAN_POINT('',(0.0747,0.0008,0.005));
#5449=CARTESIAN_POINT('',(0.07625,0.0008,0.005));
#5450=CARTESIAN_POINT('',(0.0778,0.0008,0.005));
#5451=CARTESIAN_POINT('',(0.0778,-0.000199999999999995,0.005));
#5452=CARTESIAN_POINT('',(0.0575,0.01025,0.0065));
#5453=CARTESIAN_POINT('',(0.0575,0.01025,0.0015));
#5454=CARTESIAN_POINT('',(0.0575,0.0065,0.0015));
#5455=CARTESIAN_POINT('',(0.0575,0.014,0.0015));
#5456=CARTESIAN_POINT('',(0.0575,0.014,0.0065));
#5457=CARTESIAN_POINT('',(0.0575,0.014,0.0075));
#5458=CARTESIAN_POINT('',(0.0575,0.01025,0.0075));
#5459=CARTESIAN_POINT('',(0.0575,0.0065,0.0075));
#5460=CARTESIAN_POINT('',(0.0575,0.0065,0.0065));
#5461=CARTESIAN_POINT('',(0.0575,0.01025,0.00687530495244558));
#5462=CARTESIAN_POINT('',(0.0575,0.00728086880944303,0.00687530495244558));
#5463=CARTESIAN_POINT('',(0.0575,0.013219131190557,0.00687530495244558));
#5464=CARTESIAN_POINT('',(0.0575,0.013219131190557,0.0045));
#5465=CARTESIAN_POINT('',(0.0575,0.013219131190557,0.00212469504755443));
#5466=CARTESIAN_POINT('',(0.0575,0.01025,0.00212469504755443));
#5467=CARTESIAN_POINT('',(0.0575,0.00728086880944303,0.00212469504755443));
#5468=CARTESIAN_POINT('',(0.0575,0.00728086880944303,0.0045));
#5469=CARTESIAN_POINT('',(-1.38777878078145E-17,6.93889390390723E-18,0.0065));
#5470=CARTESIAN_POINT('',(-2.061394463408E-17,0.00728086880944297,0.0065));
#5471=CARTESIAN_POINT('',(0.0485,0.00728086880944302,0.0065));
#5472=CARTESIAN_POINT('',(0.0535,0.00728086880944302,0.0065));
#5473=CARTESIAN_POINT('',(0.0485,5.18104078158407E-17,0.0065));
#5474=CARTESIAN_POINT('',(0.0485,0.013219131190557,0.0065));
#5475=CARTESIAN_POINT('',(-2.61079409855618E-17,0.0132191311905569,0.0065));
#5476=CARTESIAN_POINT('',(0.0535,0.013219131190557,0.0065));
#5477=CARTESIAN_POINT('',(0.0535,0.01025,0.0065));
#5478=CARTESIAN_POINT('',(0.0535,0.014,0.0065));
#5479=CARTESIAN_POINT('',(0.05175,0.014,0.0065));
#5480=CARTESIAN_POINT('',(0.046,0.014,0.0065));
#5481=CARTESIAN_POINT('',(0.046,0.012125,0.0065));
#5482=CARTESIAN_POINT('',(0.046,0.0065,0.0065));
#5483=CARTESIAN_POINT('',(0.05175,0.0065,0.0065));
#5484=CARTESIAN_POINT('',(0.0535,0.0065,0.0065));
#5485=CARTESIAN_POINT('',(0.0535,0.01025,0.0065));
#5486=CARTESIAN_POINT('',(-1.04083408558608E-17,0.016,0.0075));
#5487=CARTESIAN_POINT('',(0.,0.01,0.0075));
#5488=CARTESIAN_POINT('',(0.,0.01,0.0065));
#5489=CARTESIAN_POINT('',(0.,0.01,0.0015));
#5490=CARTESIAN_POINT('',(-1.04083408558608E-17,0.016,0.0065));
#5491=CARTESIAN_POINT('',(-2.08166817117217E-17,0.022,0.0065));
#5492=CARTESIAN_POINT('',(-2.08166817117217E-17,0.022,0.0075));
#5493=CARTESIAN_POINT('',(-2.08166817117217E-17,0.022,0.0035));
#5494=CARTESIAN_POINT('',(-3.96874074552409E-17,0.012,0.0035));
#5495=CARTESIAN_POINT('',(-3.96874074552409E-17,0.012,0.0035));
#5496=CARTESIAN_POINT('',(-3.99584579983623E-17,0.012,0.0075));
#5497=CARTESIAN_POINT('',(-3.99584579983623E-17,0.012,0.0015));
#5498=CARTESIAN_POINT('',(-1.04083408558608E-17,0.016,0.0015));
#5499=CARTESIAN_POINT('',(0.00725,0.022,0.0075));
#5500=CARTESIAN_POINT('',(0.00725,0.022,0.0069));
#5501=CARTESIAN_POINT('',(0.0139452998037748,0.022,0.0069));
#5502=CARTESIAN_POINT('',(0.000554700196225209,0.022,0.0069));
#5503=CARTESIAN_POINT('',(0.000554700196225209,0.022,0.00561602514716892));
#5504=CARTESIAN_POINT('',(0.000554700196225209,0.022,0.00433205029433785));
#5505=CARTESIAN_POINT('',(0.00205470019622521,0.022,0.00333205029433785));
#5506=CARTESIAN_POINT('',(0.00355470019622521,0.022,0.00233205029433785));
#5507=CARTESIAN_POINT('',(0.00725,0.022,0.00233205029433785));
#5508=CARTESIAN_POINT('',(0.0109452998037748,0.022,0.00233205029433785));
#5509=CARTESIAN_POINT('',(0.0124452998037748,0.022,0.00333205029433785));
#5510=CARTESIAN_POINT('',(0.0139452998037748,0.022,0.00433205029433785));
#5511=CARTESIAN_POINT('',(0.0139452998037748,0.022,0.00561602514716892));
#5512=CARTESIAN_POINT('',(0.00725,0.022,0.0075));
#5513=CARTESIAN_POINT('',(0.0135,0.022,0.0075));
#5514=CARTESIAN_POINT('',(0.000999999999999979,0.022,0.0075));
#5515=CARTESIAN_POINT('',(0.0135,0.022,0.0065));
#5516=CARTESIAN_POINT('',(0.0145,0.022,0.0065));
#5517=CARTESIAN_POINT('',(0.0145,0.022,0.0075));
#5518=CARTESIAN_POINT('',(0.0145,0.022,0.0035));
#5519=CARTESIAN_POINT('',(0.013,0.022,0.0025));
#5520=CARTESIAN_POINT('',(0.0115,0.022,0.0015));
#5521=CARTESIAN_POINT('',(0.00725,0.022,0.0015));
#5522=CARTESIAN_POINT('',(0.003,0.022,0.0015));
#5523=CARTESIAN_POINT('',(0.00149999999999998,0.022,0.0025));
#5524=CARTESIAN_POINT('',(0.000999999999999979,0.022,0.0065));
#5525=CARTESIAN_POINT('',(-0.0775,0.002,0.0075));
#5526=CARTESIAN_POINT('',(-0.0725,0.002,0.0075));
#5527=CARTESIAN_POINT('',(-0.0725,0.002,0.0065));
#5528=CARTESIAN_POINT('',(-0.0725,0.002,0.0015));
#5529=CARTESIAN_POINT('',(-0.0775,0.002,0.0065));
#5530=CARTESIAN_POINT('',(-0.0735,0.002,0.0035));
#5531=CARTESIAN_POINT('',(-0.0735,0.002,0.0035));
#5532=CARTESIAN_POINT('',(-0.0735,0.002,0.0075));
#5533=CARTESIAN_POINT('',(-0.0735,0.002,0.0015));
#5534=CARTESIAN_POINT('',(-1.38777878078145E-17,0.002,0.0015));
#5535=CARTESIAN_POINT('',(-1.38777878078145E-17,6.93889390390723E-18,0.0015));
#5536=CARTESIAN_POINT('',(-0.08,-0.051,0.0015));
#5537=CARTESIAN_POINT('',(0.0825,-0.051,0.0015));
#5538=CARTESIAN_POINT('',(0.0825,-0.042,0.0015));
#5539=CARTESIAN_POINT('',(0.0825,0.051,0.0015));
#5540=CARTESIAN_POINT('',(0.07,0.051,0.0015));
#5541=CARTESIAN_POINT('',(-0.0735,0.014,0.0015));
#5542=CARTESIAN_POINT('',(-0.0735,0.014,0.0015));
#5543=CARTESIAN_POINT('',(-0.0735,0.0155,0.0015));
#5544=CARTESIAN_POINT('',(-0.0735,0.017,0.0015));
#5545=CARTESIAN_POINT('',(-1.38777878078145E-17,0.017,0.0015));
#5546=CARTESIAN_POINT('',(-0.0725,0.017,0.0015));
#5547=CARTESIAN_POINT('',(-0.0725,-2.61365003713839E-16,0.0015));
#5548=CARTESIAN_POINT('',(-0.0735,0.0035,0.0015));
#5549=CARTESIAN_POINT('',(-0.0735,0.005,0.0015));
#5550=CARTESIAN_POINT('',(-0.0735,0.005,0.0015));
#5551=CARTESIAN_POINT('',(0.0115,0.012,0.0015));
#5552=CARTESIAN_POINT('',(0.0115,0.012,0.0015));
#5553=CARTESIAN_POINT('',(0.00725,0.012,0.0015));
#5554=CARTESIAN_POINT('',(0.0145,0.012,0.0015));
#5555=CARTESIAN_POINT('',(0.0145,0.016,0.0015));
#5556=CARTESIAN_POINT('',(0.0145,0.01,0.0015));
#5557=CARTESIAN_POINT('',(0.00725,0.01,0.0015));
#5558=CARTESIAN_POINT('',(0.00725,0.012,0.0015));
#5559=CARTESIAN_POINT('',(0.00299999999999996,0.012,0.0015));
#5560=CARTESIAN_POINT('',(0.00299999999999996,0.012,0.0015));
#5561=CARTESIAN_POINT('',(0.0775,0.046,0.0015));
#5562=CARTESIAN_POINT('',(0.08025,0.046,0.0015));
#5563=CARTESIAN_POINT('',(-0.0775,-0.046,0.0015));
#5564=CARTESIAN_POINT('',(-0.07475,-0.046,0.0015));
#5565=CARTESIAN_POINT('',(0.05175,0.014,0.0015));
#5566=CARTESIAN_POINT('',(0.046,0.014,0.0015));
#5567=CARTESIAN_POINT('',(0.05175,0.0065,0.0015));
#5568=CARTESIAN_POINT('',(0.046,0.0065,0.0015));
#5569=CARTESIAN_POINT('',(0.046,0.008375,0.0015));
#5570=CARTESIAN_POINT('',(0.07625,0.0015,0.0015));
#5571=CARTESIAN_POINT('',(0.074,0.0015,0.0015));
#5572=CARTESIAN_POINT('',(0.0785,0.0015,0.0015));
#5573=CARTESIAN_POINT('',(0.0785,0.0005,0.0015));
#5574=CARTESIAN_POINT('',(0.0795,0.0005,0.0015));
#5575=CARTESIAN_POINT('',(0.0795,-0.00175,0.0015));
#5576=CARTESIAN_POINT('',(0.0795,-0.004,0.0015));
#5577=CARTESIAN_POINT('',(0.0785,-0.004,0.0015));
#5578=CARTESIAN_POINT('',(0.0785,-0.005,0.0015));
#5579=CARTESIAN_POINT('',(0.07625,-0.005,0.0015));
#5580=CARTESIAN_POINT('',(0.074,-0.005,0.0015));
#5581=CARTESIAN_POINT('',(0.074,-0.004,0.0015));
#5582=CARTESIAN_POINT('',(0.073,-0.004,0.0015));
#5583=CARTESIAN_POINT('',(0.073,-0.00175,0.0015));
#5584=CARTESIAN_POINT('',(0.073,0.0005,0.0015));
#5585=CARTESIAN_POINT('',(0.074,0.0005,0.0015));
#5586=CARTESIAN_POINT('',(0.07475,-0.031,0.0015));
#5587=CARTESIAN_POINT('',(0.0685,-0.031,0.0015));
#5588=CARTESIAN_POINT('',(0.081,-0.031,0.0015));
#5589=CARTESIAN_POINT('',(0.0685,-0.028,0.0015));
#5590=CARTESIAN_POINT('',(0.0685,-0.025,0.0015));
#5591=CARTESIAN_POINT('',(0.07475,-0.025,0.0015));
#5592=CARTESIAN_POINT('',(0.081,-0.025,0.0015));
#5593=CARTESIAN_POINT('',(0.081,-0.028,0.0015));
#5594=CARTESIAN_POINT('',(0.036,0.016,0.0015));
#5595=CARTESIAN_POINT('',(0.03875,0.016,0.0015));
#5596=CARTESIAN_POINT('',(-0.022,0.016,0.0015));
#5597=CARTESIAN_POINT('',(-0.01925,0.016,0.0015));
#5598=CARTESIAN_POINT('',(-0.022,-0.033,0.0015));
#5599=CARTESIAN_POINT('',(-0.01925,-0.033,0.0015));
#5600=CARTESIAN_POINT('',(0.036,-0.033,0.0015));
#5601=CARTESIAN_POINT('',(0.03875,-0.033,0.0015));
#5602=CARTESIAN_POINT('',(-0.0775,0.046,0.0015));
#5603=CARTESIAN_POINT('',(-0.07475,0.046,0.0015));
#5604=CARTESIAN_POINT('',(0.0775,-0.046,0.0015));
#5605=CARTESIAN_POINT('',(0.08025,-0.046,0.0015));
#5606=CARTESIAN_POINT('',(0.07,0.051,0.0015));
#5607=CARTESIAN_POINT('',(0.07,0.051,0.));
#5608=CARTESIAN_POINT('',(0.0825,0.051,0.));
#5609=CARTESIAN_POINT('',(0.0825,0.051,0.0015));
#5610=CARTESIAN_POINT('',(-0.08,-0.051,0.0015));
#5611=CARTESIAN_POINT('',(-0.08,-0.051,0.));
#5612=CARTESIAN_POINT('',(0.0825,-0.051,0.));
#5613=CARTESIAN_POINT('',(0.0825,-0.051,0.0015));
#5614=CARTESIAN_POINT('',(0.0825,-0.042,0.0015));
#5615=CARTESIAN_POINT('',(0.0825,-0.042,0.));
#5616=CARTESIAN_POINT('',(-1.38777878078145E-17,6.93889390390723E-18,0.));
#5617=CARTESIAN_POINT('',(-0.0805,9.71445146547012E-17,0.));
#5618=CARTESIAN_POINT('',(-0.0805,-0.049,0.));
#5619=CARTESIAN_POINT('',(-0.0805,0.049,0.));
#5620=CARTESIAN_POINT('',(-4.16333634234433E-17,-0.049,0.));
#5621=CARTESIAN_POINT('',(0.0805,-0.049,0.));
#5622=CARTESIAN_POINT('',(0.0805,1.38777878078145E-17,0.));
#5623=CARTESIAN_POINT('',(0.0805,0.049,0.));
#5624=CARTESIAN_POINT('',(-4.16333634234433E-17,0.049,0.));
#5625=CARTESIAN_POINT('',(-0.0775,-0.046,0.0055));
#5626=CARTESIAN_POINT('',(-0.0775,-0.046,0.0055));
#5627=CARTESIAN_POINT('',(-0.07475,-0.046,0.0055));
#5628=CARTESIAN_POINT('',(-1.38777878078145E-17,6.93889390390723E-18,0.0055));
#5629=CARTESIAN_POINT('',(-0.0775,-0.046,0.0055));
#5630=CARTESIAN_POINT('',(-0.07885,-0.046,0.0055));
#5631=CARTESIAN_POINT('',(0.036,0.016,0.0055));
#5632=CARTESIAN_POINT('',(0.036,0.016,0.0055));
#5633=CARTESIAN_POINT('',(0.03875,0.016,0.0055));
#5634=CARTESIAN_POINT('',(-1.38777878078145E-17,6.93889390390723E-18,0.0055));
#5635=CARTESIAN_POINT('',(0.036,0.016,0.0055));
#5636=CARTESIAN_POINT('',(0.03465,0.016,0.0055));
#5637=CARTESIAN_POINT('',(-0.022,0.016,0.0055));
#5638=CARTESIAN_POINT('',(-0.022,0.016,0.0055));
#5639=CARTESIAN_POINT('',(-0.01925,0.016,0.0055));
#5640=CARTESIAN_POINT('',(-1.38777878078145E-17,6.93889390390723E-18,0.0055));
#5641=CARTESIAN_POINT('',(-0.022,0.016,0.0055));
#5642=CARTESIAN_POINT('',(-0.02335,0.016,0.0055));
#5643=CARTESIAN_POINT('',(-0.022,-0.033,0.0055));
#5644=CARTESIAN_POINT('',(-0.022,-0.033,0.0055));
#5645=CARTESIAN_POINT('',(-0.01925,-0.033,0.0055));
#5646=CARTESIAN_POINT('',(-1.38777878078145E-17,6.93889390390723E-18,0.0055));
#5647=CARTESIAN_POINT('',(-0.022,-0.033,0.0055));
#5648=CARTESIAN_POINT('',(-0.02335,-0.033,0.0055));
#5649=CARTESIAN_POINT('',(0.036,-0.033,0.0055));
#5650=CARTESIAN_POINT('',(0.036,-0.033,0.0055));
#5651=CARTESIAN_POINT('',(0.03875,-0.033,0.0055));
#5652=CARTESIAN_POINT('',(-1.38777878078145E-17,6.93889390390723E-18,0.0055));
#5653=CARTESIAN_POINT('',(0.036,-0.033,0.0055));
#5654=CARTESIAN_POINT('',(0.03465,-0.033,0.0055));
#5655=CARTESIAN_POINT('',(-0.0775,0.046,0.0055));
#5656=CARTESIAN_POINT('',(-0.0775,0.046,0.0055));
#5657=CARTESIAN_POINT('',(-0.07475,0.046,0.0055));
#5658=CARTESIAN_POINT('',(-1.38777878078145E-17,6.93889390390723E-18,0.0055));
#5659=CARTESIAN_POINT('',(-0.0775,0.046,0.0055));
#5660=CARTESIAN_POINT('',(-0.07885,0.046,0.0055));
#5661=CARTESIAN_POINT('',(0.0775,0.046,0.0055));
#5662=CARTESIAN_POINT('',(0.0775,0.046,0.0055));
#5663=CARTESIAN_POINT('',(0.08025,0.046,0.0055));
#5664=CARTESIAN_POINT('',(-1.38777878078145E-17,6.93889390390723E-18,0.0055));
#5665=CARTESIAN_POINT('',(0.0775,0.046,0.0055));
#5666=CARTESIAN_POINT('',(0.07615,0.046,0.0055));
#5667=CARTESIAN_POINT('',(0.0775,-0.046,0.0055));
#5668=CARTESIAN_POINT('',(0.0775,-0.046,0.0055));
#5669=CARTESIAN_POINT('',(0.08025,-0.046,0.0055));
#5670=CARTESIAN_POINT('',(-1.38777878078145E-17,6.93889390390723E-18,0.0055));
#5671=CARTESIAN_POINT('',(0.0775,-0.046,0.0055));
#5672=CARTESIAN_POINT('',(0.07615,-0.046,0.0055));
#5673=CARTESIAN_POINT('',(-1.38777878078145E-17,6.93889390390723E-18,0.0075));
#5674=CARTESIAN_POINT('',(0.00725,0.01,0.0075));
#5675=CARTESIAN_POINT('',(0.001,0.01,0.0075));
#5676=CARTESIAN_POINT('',(0.0135,0.01,0.0075));
#5677=CARTESIAN_POINT('',(0.0135,0.022,0.0075));
#5678=CARTESIAN_POINT('',(0.00100000000000002,8.67361737988409E-18,0.0075));
#5679=CARTESIAN_POINT('',(0.00725,0.01,0.0075));
#5680=CARTESIAN_POINT('',(0.0145,0.01,0.0075));
#5681=CARTESIAN_POINT('',(0.0145,0.01,0.0065));
#5682=CARTESIAN_POINT('',(0.0135,0.01,0.0065));
#5683=CARTESIAN_POINT('',(0.001,0.01,0.0065));
#5684=CARTESIAN_POINT('',(0.0145,0.016,0.0075));
#5685=CARTESIAN_POINT('',(0.0145,0.01,0.0065));
#5686=CARTESIAN_POINT('',(0.0145,0.012,0.0075));
#5687=CARTESIAN_POINT('',(0.0145,0.012,0.0035));
#5688=CARTESIAN_POINT('',(0.0145,0.012,0.0035));
#5689=CARTESIAN_POINT('',(-0.0775,0.017,0.0075));
#5690=CARTESIAN_POINT('',(-0.0725,0.017,0.0065));
#5691=CARTESIAN_POINT('',(-0.0725,0.017,0.0065));
#5692=CARTESIAN_POINT('',(-0.0725,0.017,0.0075));
#5693=CARTESIAN_POINT('',(-0.0735,0.017,0.0075));
#5694=CARTESIAN_POINT('',(-0.0735,0.017,0.0035));
#5695=CARTESIAN_POINT('',(-0.0735,0.017,0.0035));
#5696=CARTESIAN_POINT('',(-0.0725,0.0095,0.0075));
#5697=CARTESIAN_POINT('',(-0.0725,0.016,0.0065));
#5698=CARTESIAN_POINT('',(-0.0725,0.016,0.0075));
#5699=CARTESIAN_POINT('',(-0.0725,0.0095,0.0075));
#5700=CARTESIAN_POINT('',(-0.0725,0.003,0.0075));
#5701=CARTESIAN_POINT('',(-0.0725,0.003,0.0065));
#5702=CARTESIAN_POINT('',(-1.38777878078145E-17,6.93889390390723E-18,0.0075));
#5703=CARTESIAN_POINT('',(-0.0825,0.016,0.0075));
#5704=CARTESIAN_POINT('',(-1.38777878078145E-17,0.003,0.0075));
#5705=CARTESIAN_POINT('',(-1.38777878078145E-17,6.93889390390723E-18,0.0065));
#5706=CARTESIAN_POINT('',(0.0685,-0.028,0.0065));
#5707=CARTESIAN_POINT('',(0.0685,-0.031,0.0065));
#5708=CARTESIAN_POINT('',(0.0685,-0.025,0.0065));
#5709=CARTESIAN_POINT('',(0.07475,-0.031,0.0065));
#5710=CARTESIAN_POINT('',(0.081,-0.031,0.0065));
#5711=CARTESIAN_POINT('',(0.081,-0.028,0.0065));
#5712=CARTESIAN_POINT('',(0.081,-0.025,0.0065));
#5713=CARTESIAN_POINT('',(0.07475,-0.025,0.0065));
#5714=CARTESIAN_POINT('',(0.07475,-0.025,0.0065));
#5715=CARTESIAN_POINT('',(0.081,-0.025,0.0065));
#5716=CARTESIAN_POINT('',(0.0685,-0.025,0.0065));
#5717=CARTESIAN_POINT('',(0.081,-0.028,0.0065));
#5718=CARTESIAN_POINT('',(0.081,-0.028,0.004));
#5719=CARTESIAN_POINT('',(0.081,-0.028,0.00645));
#5720=CARTESIAN_POINT('',(0.081,-0.031,0.0065));
#5721=CARTESIAN_POINT('',(0.07475,-0.031,0.0065));
#5722=CARTESIAN_POINT('',(0.0685,-0.031,0.0065));
#5723=CARTESIAN_POINT('',(0.0685,-0.028,0.0065));
#5724=CARTESIAN_POINT('',(0.0825,-0.028,0.004));
#5725=CARTESIAN_POINT('',(0.0825,-0.028,0.004));
#5726=CARTESIAN_POINT('',(0.0825,-0.028,0.002));
#5727=CARTESIAN_POINT('',(0.081,-0.028,0.004));
#5728=CARTESIAN_POINT('',(0.081,-0.028,0.002));
#5729=CARTESIAN_POINT('',(0.0825,-0.028,0.004));
#5730=CARTESIAN_POINT('',(0.0825,-0.028,0.004));
#5731=CARTESIAN_POINT('',(0.0825,-0.028,0.00155));
#5732=CARTESIAN_POINT('',(0.0825,-0.028,0.004));
#5733=CARTESIAN_POINT('',(0.081,-0.028,0.0065));
#5734=CARTESIAN_POINT('',(-0.0735,0.00405470019622522,0.00333205029433785));
#5735=CARTESIAN_POINT('',(-0.0735,0.00255470019622523,0.00433205029433785));
#5736=CARTESIAN_POINT('',(-0.0735,0.00255470019622523,0.00433205029433785));
#5737=CARTESIAN_POINT('',(-0.0735,0.00405470019622522,0.00333205029433785));
#5738=CARTESIAN_POINT('',(-0.0735,0.00555470019622522,0.00233205029433785));
#5739=CARTESIAN_POINT('',(-0.0735,0.00555470019622522,0.00233205029433785));
#5740=CARTESIAN_POINT('',(-0.0735,0.00255470019622523,0.00561602514716892));
#5741=CARTESIAN_POINT('',(-0.0735,0.00255470019622523,0.0069));
#5742=CARTESIAN_POINT('',(-0.0735,0.00255470019622523,0.0069));
#5743=CARTESIAN_POINT('',(-0.0735,0.00255470019622523,0.00561602514716892));
#5744=CARTESIAN_POINT('',(-0.0735,0.0095,0.0069));
#5745=CARTESIAN_POINT('',(-0.0735,0.0164452998037748,0.0069));
#5746=CARTESIAN_POINT('',(-0.0735,0.0164452998037748,0.0069));
#5747=CARTESIAN_POINT('',(-0.0735,0.0095,0.0069));
#5748=CARTESIAN_POINT('',(-0.0735,0.0164452998037748,0.00561602514716892));
#5749=CARTESIAN_POINT('',(-0.0735,0.0164452998037748,0.00433205029433785));
#5750=CARTESIAN_POINT('',(-0.0735,0.0164452998037748,0.00433205029433785));
#5751=CARTESIAN_POINT('',(-0.0735,0.0164452998037748,0.00561602514716892));
#5752=CARTESIAN_POINT('',(-0.0735,0.0149452998037748,0.00333205029433785));
#5753=CARTESIAN_POINT('',(-0.0735,0.0134452998037748,0.00233205029433785));
#5754=CARTESIAN_POINT('',(-0.0735,0.0134452998037748,0.00233205029433785));
#5755=CARTESIAN_POINT('',(-0.0735,0.0149452998037748,0.00333205029433785));
#5756=CARTESIAN_POINT('',(-0.0735,0.0095,0.00233205029433785));
#5757=CARTESIAN_POINT('',(-0.0735,0.0095,0.00233205029433785));
#5758=CARTESIAN_POINT('',(-0.0735,-8.3266726846886E-18,0.00375));
#5759=CARTESIAN_POINT('',(-0.0735,0.0035,0.0025));
#5760=CARTESIAN_POINT('',(-0.0735,0.0035,0.0025));
#5761=CARTESIAN_POINT('',(-0.0735,-8.3266726846886E-18,0.00375));
#5762=CARTESIAN_POINT('',(-0.0735,0.0155,0.0025));
#5763=CARTESIAN_POINT('',(-0.0735,0.0155,0.0025));
#5764=CARTESIAN_POINT('',(-0.0735,-8.3266726846886E-18,0.00375));
#5765=CARTESIAN_POINT('',(0.00725,0.012,0.0069));
#5766=CARTESIAN_POINT('',(0.0139452998037747,0.012,0.0069));
#5767=CARTESIAN_POINT('',(0.0139452998037747,0.012,0.0069));
#5768=CARTESIAN_POINT('',(0.00725,0.012,0.0069));
#5769=CARTESIAN_POINT('',(0.000554700196225189,0.012,0.0069));
#5770=CARTESIAN_POINT('',(0.000554700196225189,0.012,0.0069));
#5771=CARTESIAN_POINT('',(0.0139452998037747,0.012,0.00561602514716892));
#5772=CARTESIAN_POINT('',(0.0139452998037747,0.012,0.00433205029433785));
#5773=CARTESIAN_POINT('',(0.0139452998037747,0.012,0.00433205029433785));
#5774=CARTESIAN_POINT('',(0.0139452998037747,0.012,0.00561602514716892));
#5775=CARTESIAN_POINT('',(0.0124452998037747,0.012,0.00333205029433785));
#5776=CARTESIAN_POINT('',(0.0109452998037747,0.012,0.00233205029433785));
#5777=CARTESIAN_POINT('',(0.0109452998037747,0.012,0.00233205029433785));
#5778=CARTESIAN_POINT('',(0.0124452998037747,0.012,0.00333205029433785));
#5779=CARTESIAN_POINT('',(0.00725,0.012,0.00233205029433785));
#5780=CARTESIAN_POINT('',(0.00355470019622519,0.012,0.00233205029433785));
#5781=CARTESIAN_POINT('',(0.00355470019622519,0.012,0.00233205029433785));
#5782=CARTESIAN_POINT('',(0.00725,0.012,0.00233205029433785));
#5783=CARTESIAN_POINT('',(0.00205470019622519,0.012,0.00333205029433785));
#5784=CARTESIAN_POINT('',(0.000554700196225189,0.012,0.00433205029433785));
#5785=CARTESIAN_POINT('',(0.000554700196225189,0.012,0.00433205029433785));
#5786=CARTESIAN_POINT('',(0.00205470019622519,0.012,0.00333205029433785));
#5787=CARTESIAN_POINT('',(0.000554700196225189,0.012,0.00561602514716892));
#5788=CARTESIAN_POINT('',(0.000554700196225189,0.012,0.00561602514716892));
#5789=CARTESIAN_POINT('',(0.00725,0.012,0.0045));
#5790=CARTESIAN_POINT('',(0.013,0.012,0.0025));
#5791=CARTESIAN_POINT('',(0.013,0.012,0.0025));
#5792=CARTESIAN_POINT('',(0.00725,0.012,0.0045));
#5793=CARTESIAN_POINT('',(0.00149999999999996,0.012,0.0025));
#5794=CARTESIAN_POINT('',(0.00149999999999996,0.012,0.0025));
#5795=CARTESIAN_POINT('',(0.00725,0.012,0.0045));
#5796=CARTESIAN_POINT('',(0.0135,6.93889390390723E-18,0.0065));
#5797=CARTESIAN_POINT('',(0.001,0.016,0.0065));
#5798=CARTESIAN_POINT('',(-1.38777878078145E-17,0.016,0.0065));
#5799=CARTESIAN_POINT('',(-0.0775,0.003,0.0065));
#5800=CARTESIAN_POINT('',(0.0775,-0.046,0.0055));
#5801=CARTESIAN_POINT('',(0.0775,-0.046,-0.001));
#5802=CARTESIAN_POINT('',(0.07885,-0.046,-0.001));
#5803=CARTESIAN_POINT('',(0.0775,0.046,0.0055));
#5804=CARTESIAN_POINT('',(0.0775,0.046,-0.001));
#5805=CARTESIAN_POINT('',(0.07885,0.046,-0.001));
#5806=CARTESIAN_POINT('',(-0.0775,0.046,0.0055));
#5807=CARTESIAN_POINT('',(-0.0775,0.046,-0.001));
#5808=CARTESIAN_POINT('',(-0.07615,0.046,-0.001));
#5809=CARTESIAN_POINT('',(0.036,-0.033,0.0055));
#5810=CARTESIAN_POINT('',(0.036,-0.033,-0.001));
#5811=CARTESIAN_POINT('',(0.03735,-0.033,-0.001));
#5812=CARTESIAN_POINT('',(-0.022,-0.033,0.0055));
#5813=CARTESIAN_POINT('',(-0.022,-0.033,-0.001));
#5814=CARTESIAN_POINT('',(-0.02065,-0.033,-0.001));
#5815=CARTESIAN_POINT('',(-0.022,0.016,0.0055));
#5816=CARTESIAN_POINT('',(-0.022,0.016,-0.001));
#5817=CARTESIAN_POINT('',(-0.02065,0.016,-0.001));
#5818=CARTESIAN_POINT('',(0.036,0.016,0.0055));
#5819=CARTESIAN_POINT('',(0.036,0.016,-0.001));
#5820=CARTESIAN_POINT('',(0.03735,0.016,-0.001));
#5821=CARTESIAN_POINT('',(-0.0775,-0.046,0.0055));
#5822=CARTESIAN_POINT('',(-0.0775,-0.046,-0.001));
#5823=CARTESIAN_POINT('',(-0.07615,-0.046,-0.001));
#5824=CARTESIAN_POINT('',(0.05175,0.0065,0.0065));
#5825=CARTESIAN_POINT('',(0.05175,0.0065,0.0075));
#5826=CARTESIAN_POINT('',(0.0535,0.0065,0.0075));
#5827=CARTESIAN_POINT('',(0.0535,0.0065,0.0075));
#5828=CARTESIAN_POINT('',(0.046,0.0065,0.0065));
#5829=CARTESIAN_POINT('',(0.046,0.012125,0.0065));
#5830=CARTESIAN_POINT('',(0.046,0.014,0.0065));
#5831=CARTESIAN_POINT('',(0.05175,0.014,0.0065));
#5832=CARTESIAN_POINT('',(0.0535,0.014,0.0075));
#5833=CARTESIAN_POINT('',(0.0535,0.014,0.0075));
#5834=CARTESIAN_POINT('',(0.05175,0.014,0.0075));
#5835=CARTESIAN_POINT('',(0.0535,0.01025,0.0075));
#5836=CARTESIAN_POINT('',(0.0535,0.00728086880944302,0.0075));
#5837=CARTESIAN_POINT('',(0.0535,0.00728086880944302,0.00687530495244558));
#5838=CARTESIAN_POINT('',(0.0535,0.01025,0.0075));
#5839=CARTESIAN_POINT('',(0.0535,0.013219131190557,0.0075));
#5840=CARTESIAN_POINT('',(0.0535,0.013219131190557,0.00687530495244558));
#5841=CARTESIAN_POINT('',(0.0535,0.01025,0.00687530495244558));
#5842=CARTESIAN_POINT('',(0.05175,0.01025,0.0075));
#5843=CARTESIAN_POINT('',(0.0485,0.01025,0.00687530495244558));
#5844=CARTESIAN_POINT('',(0.0485,0.013219131190557,0.00687530495244558));
#5845=CARTESIAN_POINT('',(0.0485,0.00728086880944302,0.00687530495244558));
#5846=CARTESIAN_POINT('',(0.0485,0.00728086880944302,0.0045));
#5847=CARTESIAN_POINT('',(0.0485,0.00728086880944302,0.00212469504755443));
#5848=CARTESIAN_POINT('',(0.0485,0.00728086880944302,0.00212469504755443));
#5849=CARTESIAN_POINT('',(0.0485,0.00728086880944302,0.0045));
#5850=CARTESIAN_POINT('',(0.0485,0.01025,0.00212469504755443));
#5851=CARTESIAN_POINT('',(0.0485,0.013219131190557,0.00212469504755443));
#5852=CARTESIAN_POINT('',(0.0485,0.013219131190557,0.00212469504755443));
#5853=CARTESIAN_POINT('',(0.0485,0.01025,0.00212469504755443));
#5854=CARTESIAN_POINT('',(0.0485,0.013219131190557,0.0045));
#5855=CARTESIAN_POINT('',(0.0485,0.013219131190557,0.0045));
#5856=CARTESIAN_POINT('',(0.0485,0.01025,0.0045));
#5857=CARTESIAN_POINT('',(0.073,-0.00175,0.005));
#5858=CARTESIAN_POINT('',(0.073,-0.004,0.005));
#5859=CARTESIAN_POINT('',(0.073,0.0005,0.005));
#5860=CARTESIAN_POINT('',(0.07625,0.0015,0.005));
#5861=CARTESIAN_POINT('',(0.074,0.0015,0.005));
#5862=CARTESIAN_POINT('',(0.0785,0.0015,0.005));
#5863=CARTESIAN_POINT('',(0.0795,-0.00175,0.005));
#5864=CARTESIAN_POINT('',(0.0795,0.0005,0.005));
#5865=CARTESIAN_POINT('',(0.0795,-0.004,0.005));
#5866=CARTESIAN_POINT('',(0.07625,-0.005,0.005));
#5867=CARTESIAN_POINT('',(0.074,-0.005,0.005));
#5868=CARTESIAN_POINT('',(0.0785,-0.005,0.005));
#5869=CARTESIAN_POINT('',(0.07625,-0.0043,0.0065));
#5870=CARTESIAN_POINT('',(0.0778,-0.0043,0.0065));
#5871=CARTESIAN_POINT('',(0.0778,-0.0043,0.0065));
#5872=CARTESIAN_POINT('',(0.07625,-0.0043,0.0065));
#5873=CARTESIAN_POINT('',(0.0747,-0.0043,0.0065));
#5874=CARTESIAN_POINT('',(0.0747,-0.0043,0.0065));
#5875=CARTESIAN_POINT('',(0.0788,-0.00175,0.0065));
#5876=CARTESIAN_POINT('',(0.0788,-0.000199999999999994,0.0065));
#5877=CARTESIAN_POINT('',(0.0788,-0.000199999999999994,0.0065));
#5878=CARTESIAN_POINT('',(0.0788,-0.00175,0.0065));
#5879=CARTESIAN_POINT('',(0.0788,-0.0033,0.0065));
#5880=CARTESIAN_POINT('',(0.0788,-0.0033,0.005));
#5881=CARTESIAN_POINT('',(0.07625,0.0008,0.0065));
#5882=CARTESIAN_POINT('',(0.0747,0.0008,0.0065));
#5883=CARTESIAN_POINT('',(0.0747,0.0008,0.0065));
#5884=CARTESIAN_POINT('',(0.07625,0.0008,0.0065));
#5885=CARTESIAN_POINT('',(0.0778,0.0008,0.0065));
#5886=CARTESIAN_POINT('',(0.0778,0.0008,0.0065));
#5887=CARTESIAN_POINT('',(0.0737,-0.00175,0.0065));
#5888=CARTESIAN_POINT('',(0.0737,-0.00175,0.0065));
#5889=CARTESIAN_POINT('',(0.0737,-0.0033,0.0065));
#5890=CARTESIAN_POINT('',(0.0737,-0.000199999999999995,0.0065));
#5891=CARTESIAN_POINT('',(0.0737,-0.000199999999999995,0.005));
#5892=CARTESIAN_POINT('',(0.0737,-0.0033,0.0065));
#5893=CARTESIAN_POINT('',(0.07625,-0.00175,0.0065));
#5894=CARTESIAN_POINT('',(0.0747,-0.000199999999999995,0.0065));
#5895=CARTESIAN_POINT('',(0.0747,-0.0033,0.0065));
#5896=CARTESIAN_POINT('',(0.0778,-0.0033,0.0065));
#5897=CARTESIAN_POINT('',(0.0778,-0.000199999999999995,0.0065));
#5898=CARTESIAN_POINT('',(0.0747,-0.000199999999999995,0.0065));
#5899=CARTESIAN_POINT('',(0.0778,-0.000199999999999995,0.0065));
#5900=CARTESIAN_POINT('',(0.0778,-0.0033,0.0065));
#5901=CARTESIAN_POINT('',(0.0747,-0.0033,0.0065));
#5902=CARTESIAN_POINT('',(0.074,-0.004,0.005));
#5903=CARTESIAN_POINT('',(0.074,0.0005,0.005));
#5904=CARTESIAN_POINT('',(0.0785,0.0005,0.005));
#5905=CARTESIAN_POINT('',(0.0785,-0.004,0.005));
#5906=CARTESIAN_POINT('',(-4.16333634234433E-17,-0.049,-0.001));
#5907=CARTESIAN_POINT('',(-0.0805,-0.049,-0.001));
#5908=CARTESIAN_POINT('',(-0.0805,-0.049,-0.001));
#5909=CARTESIAN_POINT('',(-4.16333634234433E-17,-0.049,-0.001));
#5910=CARTESIAN_POINT('',(-0.0825,-0.049,-0.001));
#5911=CARTESIAN_POINT('',(-0.0825,-0.049,-0.006));
#5912=CARTESIAN_POINT('',(-0.0825,-0.049,-0.006));
#5913=CARTESIAN_POINT('',(-4.16333634234433E-17,-0.049,-0.006));
#5914=CARTESIAN_POINT('',(0.0825,-0.049,-0.006));
#5915=CARTESIAN_POINT('',(0.0825,-0.049,-0.006));
#5916=CARTESIAN_POINT('',(0.0825,-0.049,-0.001));
#5917=CARTESIAN_POINT('',(-4.16333634234433E-17,-0.049,-0.001));
#5918=CARTESIAN_POINT('',(0.0805,-0.049,-0.001));
#5919=CARTESIAN_POINT('',(0.0805,-0.049,-0.001));
#5920=CARTESIAN_POINT('',(-0.0805,9.71445146547012E-17,-0.001));
#5921=CARTESIAN_POINT('',(-0.0805,0.049,-0.001));
#5922=CARTESIAN_POINT('',(-0.0805,0.049,-0.001));
#5923=CARTESIAN_POINT('',(-0.0805,9.71445146547012E-17,-0.001));
#5924=CARTESIAN_POINT('',(-4.16333634234433E-17,0.049,-0.001));
#5925=CARTESIAN_POINT('',(0.0805,0.049,-0.001));
#5926=CARTESIAN_POINT('',(0.0805,0.049,-0.001));
#5927=CARTESIAN_POINT('',(-4.16333634234433E-17,0.049,-0.001));
#5928=CARTESIAN_POINT('',(0.0805,1.38777878078145E-17,-0.001));
#5929=CARTESIAN_POINT('',(0.0805,1.38777878078145E-17,-0.001));
#5930=CARTESIAN_POINT('',(-4.16333634234433E-17,6.93889390390723E-18,-0.001));
#5931=CARTESIAN_POINT('',(-4.16333634234433E-17,6.93889390390723E-18,-0.001));
#5932=CARTESIAN_POINT('',(-4.16333634234433E-17,6.93889390390723E-18,-0.001));
#5933=CARTESIAN_POINT('',(-4.16333634234433E-17,6.93889390390723E-18,-0.001));
#5934=CARTESIAN_POINT('',(-4.16333634234433E-17,6.93889390390723E-18,-0.001));
#5935=CARTESIAN_POINT('',(-4.16333634234433E-17,6.93889390390723E-18,-0.001));
#5936=CARTESIAN_POINT('',(-4.16333634234433E-17,6.93889390390723E-18,-0.001));
#5937=CARTESIAN_POINT('',(-4.16333634234433E-17,6.93889390390723E-18,-0.001));
#5938=CARTESIAN_POINT('',(-4.16333634234433E-17,6.93889390390723E-18,-0.006));
#5939=CARTESIAN_POINT('',(-0.0825,0.00100000000000001,-0.006));
#5940=CARTESIAN_POINT('',(-0.0825,0.051,-0.006));
#5941=CARTESIAN_POINT('',(0.,0.051,-0.006));
#5942=CARTESIAN_POINT('',(0.0825,0.051,-0.006));
#5943=CARTESIAN_POINT('',(0.0825,0.00100000000000001,-0.006));
#5944=CARTESIAN_POINT('',(0.0765,0.0035,-0.006));
#5945=CARTESIAN_POINT('',(0.0765,0.048,-0.006));
#5946=CARTESIAN_POINT('',(0.0765,-0.041,-0.006));
#5947=CARTESIAN_POINT('',(-2.77555756156289E-17,0.048,-0.006));
#5948=CARTESIAN_POINT('',(-0.0765,0.048,-0.006));
#5949=CARTESIAN_POINT('',(-0.0765,0.0035,-0.006));
#5950=CARTESIAN_POINT('',(-0.0765,-0.041,-0.006));
#5951=CARTESIAN_POINT('',(-2.77555756156289E-17,-0.041,-0.006));
#5952=CARTESIAN_POINT('',(-0.0825,0.00100000000000001,-0.006));
#5953=CARTESIAN_POINT('',(-0.0825,0.00100000000000001,-0.001));
#5954=CARTESIAN_POINT('',(-0.0825,0.051,-0.001));
#5955=CARTESIAN_POINT('',(-0.0825,0.051,-0.006));
#5956=CARTESIAN_POINT('',(0.,0.051,-0.006));
#5957=CARTESIAN_POINT('',(0.,0.051,-0.001));
#5958=CARTESIAN_POINT('',(0.0825,0.051,-0.001));
#5959=CARTESIAN_POINT('',(0.0825,0.051,-0.006));
#5960=CARTESIAN_POINT('',(0.0825,0.00100000000000001,-0.006));
#5961=CARTESIAN_POINT('',(0.0825,0.00100000000000001,-0.001));
#5962=CARTESIAN_POINT('',(-4.16333634234433E-17,6.93889390390723E-18,-0.001));
#5963=CARTESIAN_POINT('',(-2.77555756156289E-17,0.048,-0.0059));
#5964=CARTESIAN_POINT('',(0.0765,0.048,-0.0059));
#5965=CARTESIAN_POINT('',(0.0765,0.048,-0.0059));
#5966=CARTESIAN_POINT('',(-2.77555756156289E-17,0.048,-0.0059));
#5967=CARTESIAN_POINT('',(-0.0765,0.048,-0.0059));
#5968=CARTESIAN_POINT('',(-0.0765,0.048,-0.0059));
#5969=CARTESIAN_POINT('',(0.0765,0.0035,-0.0059));
#5970=CARTESIAN_POINT('',(0.0765,-0.041,-0.0059));
#5971=CARTESIAN_POINT('',(0.0765,-0.041,-0.0059));
#5972=CARTESIAN_POINT('',(0.0765,0.0035,-0.0059));
#5973=CARTESIAN_POINT('',(-2.77555756156289E-17,-0.041,-0.0059));
#5974=CARTESIAN_POINT('',(-0.0765,-0.041,-0.0059));
#5975=CARTESIAN_POINT('',(-0.0765,-0.041,-0.0059));
#5976=CARTESIAN_POINT('',(-2.77555756156289E-17,-0.041,-0.0059));
#5977=CARTESIAN_POINT('',(-0.0765,0.0035,-0.0059));
#5978=CARTESIAN_POINT('',(-0.0765,0.0035,-0.0059));
#5979=CARTESIAN_POINT('',(-4.16333634234433E-17,0.001,-0.0059));
#5980=MECHANICAL_DESIGN_GEOMETRIC_PRESENTATION_REPRESENTATION('',(#3628,#12,#13),#5981);
#5981=(
GEOMETRIC_REPRESENTATION_CONTEXT(3)
GLOBAL_UNCERTAINTY_ASSIGNED_CONTEXT((#5982))
GLOBAL_UNIT_ASSIGNED_CONTEXT((#5985,#5984,#5983))
REPRESENTATION_CONTEXT('Part 1','TOP_LEVEL_ASSEMBLY_PART')
);
#5982=UNCERTAINTY_MEASURE_WITH_UNIT(LENGTH_MEASURE(1.E-08),#5985,'DISTANCE_ACCURACY_VALUE','Maximum Tolerance applied to model');
#5983=(
NAMED_UNIT(*)
SI_UNIT($,.STERADIAN.)
SOLID_ANGLE_UNIT()
);
#5984=(
NAMED_UNIT(*)
PLANE_ANGLE_UNIT()
SI_UNIT($,.RADIAN.)
);
#5985=(
LENGTH_UNIT()
NAMED_UNIT(*)
SI_UNIT($,.METRE.)
);
#5986=PRODUCT_DEFINITION_SHAPE('','',#5987);
#5987=PRODUCT_DEFINITION('','',#5989,#5988);
#5988=PRODUCT_DEFINITION_CONTEXT('',#5995,'design');
#5989=PRODUCT_DEFINITION_FORMATION_WITH_SPECIFIED_SOURCE('','',#5991,.NOT_KNOWN.);
#5990=PRODUCT_RELATED_PRODUCT_CATEGORY('','',(#5991));
#5991=PRODUCT('Part 1','Part 1','Part 1',(#5993));
#5992=PRODUCT_CATEGORY('','');
#5993=PRODUCT_CONTEXT('',#5995,'mechanical');
#5994=APPLICATION_PROTOCOL_DEFINITION('international standard','ap242_managed_model_based_3d_engineering',2020,#5995);
#5995=APPLICATION_CONTEXT('managed model based 3d engineering');
#5996=COMPOSITE_SHAPE_ASPECT('hole_callout.FFIbSgmd0zNrmDw_1.J4D.0',$,#5986,$);
#5997=SHAPE_ASPECT('hole_callout.FFIbSgmd0zNrmDw_1.J4D.0',$,#5986,.T.);
#5998=GEOMETRIC_ITEM_SPECIFIC_USAGE('','',#5997,#11,#3577);
#5999=SHAPE_ASPECT_RELATIONSHIP('','',#5996,#5997);
#6000=SHAPE_ASPECT('hole_callout.FFIbSgmd0zNrmDw_1.J4D.0',$,#5986,.T.);
#6001=GEOMETRIC_ITEM_SPECIFIC_USAGE('','',#6000,#11,#3576);
#6002=SHAPE_ASPECT_RELATIONSHIP('','',#5996,#6000);
#6003=SHAPE_ASPECT('hole_callout.FFIbSgmd0zNrmDw_1.J4D.0',$,#5986,.T.);
#6004=GEOMETRIC_ITEM_SPECIFIC_USAGE('','',#6003,#11,#3570);
#6005=SHAPE_ASPECT_RELATIONSHIP('','',#5996,#6003);
#6006=SHAPE_ASPECT('hole_callout.FFIbSgmd0zNrmDw_1.J4D.0',$,#5986,.T.);
#6007=GEOMETRIC_ITEM_SPECIFIC_USAGE('','',#6006,#11,#3572);
#6008=SHAPE_ASPECT_RELATIONSHIP('','',#5996,#6006);
#6009=SHAPE_ASPECT('hole_callout.FFIbSgmd0zNrmDw_1.J4D.0',$,#5986,.T.);
#6010=GEOMETRIC_ITEM_SPECIFIC_USAGE('','',#6009,#11,#3573);
#6011=SHAPE_ASPECT_RELATIONSHIP('','',#5996,#6009);
#6012=SHAPE_ASPECT('hole_callout.FFIbSgmd0zNrmDw_1.J4D.0',$,#5986,.T.);
#6013=GEOMETRIC_ITEM_SPECIFIC_USAGE('','',#6012,#11,#3571);
#6014=SHAPE_ASPECT_RELATIONSHIP('','',#5996,#6012);
#6015=SHAPE_ASPECT('hole_callout.FFIbSgmd0zNrmDw_1.J4D.0',$,#5986,.T.);
#6016=GEOMETRIC_ITEM_SPECIFIC_USAGE('','',#6015,#11,#3574);
#6017=SHAPE_ASPECT_RELATIONSHIP('','',#5996,#6015);
#6018=SHAPE_ASPECT('hole_callout.FFIbSgmd0zNrmDw_1.J4D.0',$,#5986,.T.);
#6019=GEOMETRIC_ITEM_SPECIFIC_USAGE('','',#6018,#11,#3575);
#6020=SHAPE_ASPECT_RELATIONSHIP('','',#5996,#6018);
#6021=DIMENSIONAL_SIZE(#5996,'diameter');
#6022=(
LENGTH_UNIT()
NAMED_UNIT(*)
SI_UNIT(.CENTI.,.METRE.)
);
#6024=PRECISION_QUALIFIER(3);
#6023=(
LENGTH_MEASURE_WITH_UNIT()
MEASURE_REPRESENTATION_ITEM()
MEASURE_WITH_UNIT(POSITIVE_LENGTH_MEASURE(0.27),#6022)
QUALIFIED_REPRESENTATION_ITEM((#6024))
REPRESENTATION_ITEM('nominal value')
);
#6025=COMPOUND_REPRESENTATION_ITEM('modifiers',SET_REPRESENTATION_ITEM((#6026)));
#6026=DESCRIPTIVE_REPRESENTATION_ITEM('dimensional note','diameter');
#6027=SHAPE_DIMENSION_REPRESENTATION('',(#6023,#6025),#5981);
#6028=DIMENSIONAL_CHARACTERISTIC_REPRESENTATION(#6021,#6027);
#6029=PRESENTATION_STYLE_ASSIGNMENT((NULL_STYLE(.NULL.)));
#6030=CARTESIAN_POINT('',(-0.0775,-0.046,0.0055));
#6031=DIRECTION('',(0.,0.,1.));
#6032=DIRECTION('',(1.,0.,0.));
#6033=AXIS2_PLACEMENT_3D('',#6030,#6031,#6032);
#6034=PLANE('',#6033);
#6035=ANNOTATION_PLANE('',(#6029),#6034,(#6062));
#6036=CARTESIAN_POINT('',(0.,0.,0.));
#6037=DIRECTION('',(0.,0.,1.));
#6038=DIRECTION('',(1.,0.,0.));
#6039=AXIS2_PLACEMENT_3D('',#6036,#6037,#6038);
#6040=CARTESIAN_POINT('',(0.,0.,0.));
#6041=DIRECTION('',(0.,0.,1.));
#6042=DIRECTION('',(1.,0.,0.));
#6043=AXIS2_PLACEMENT_3D('',#6040,#6041,#6042);
#6044=SHAPE_REPRESENTATION('',(#6043,#3649),#5981);
#6045=REPRESENTATION_MAP(#6039,#6044);
#6046=MAPPED_ITEM('',#6045,#6039);
#6047=PRESENTATION_STYLE_ASSIGNMENT((NULL_STYLE(.NULL.)));
#6048=STYLED_ITEM('',(#6047),#6046);
#6049=DRAUGHTING_MODEL('',(#6035,#6039,#6046,#6048),#5981);
#6050=DRAUGHTING_PRE_DEFINED_CURVE_FONT('continuous');
#6051=COLOUR_RGB('',0.,0.,0.);
#6052=CURVE_STYLE('',#6050,POSITIVE_LENGTH_MEASURE(0.02),#6051);
#6053=PRESENTATION_STYLE_ASSIGNMENT((#6052));
#6054=COORDINATES_LIST('coordinates',1989,((-0.0765454,-0.0450454,0.0055000),(-0.0751312,-0.0422170,0.0055000),(-0.0737170,-0.0436312,0.0055000),(-0.0662794,-0.0383117,0.0055000),(-0.0661823,-0.0383524,0.0055000),(-0.0660843,-0.0383876,0.0055000),(-0.0662794,-0.0383117,0.0055000),(-0.0660843,-0.0383876,0.0055000),(-0.0659853,-0.0384174,0.0055000),(-0.0662794,-0.0383117,0.0055000),(-0.0659853,-0.0384174,0.0055000),(-0.0658854,-0.0384418,0.0055000),(-0.0662794,-0.0383117,0.0055000),(-0.0658854,-0.0384418,0.0055000),(-0.0657845,-0.0384608,0.0055000),(-0.0662794,-0.0383117,0.0055000),(-0.0657845,-0.0384608,0.0055000),(-0.0656827,-0.0384744,0.0055000),(-0.0662794,-0.0383117,0.0055000),(-0.0656827,-0.0384744,0.0055000),(-0.0655799,-0.0384825,0.0055000),(-0.0662794,-0.0383117,0.0055000),(-0.0655799,-0.0384825,0.0055000),(-0.0654761,-0.0384852,0.0055000),(-0.0662794,-0.0383117,0.0055000),(-0.0654761,-0.0384852,0.0055000),(-0.0653403,-0.0384809,0.0055000),(-0.0662794,-0.0383117,0.0055000),(-0.0653403,-0.0384809,0.0055000),(-0.0652071,-0.0384680,0.0055000),(-0.0662794,-0.0383117,0.0055000),(-0.0652071,-0.0384680,0.0055000),(-0.0650764,-0.0384464,0.0055000),(-0.0662794,-0.0383117,0.0055000),(-0.0650764,-0.0384464,0.0055000),(-0.0649483,-0.0384162,0.0055000),(-0.0662794,-0.0383117,0.0055000),(-0.0649483,-0.0384162,0.0055000),(-0.0648227,-0.0383773,0.0055000),(-0.0662794,-0.0383117,0.0055000),(-0.0648227,-0.0383773,0.0055000),(-0.0646996,-0.0383299,0.0055000),(-0.0662794,-0.0383117,0.0055000),(-0.0646996,-0.0383299,0.0055000),(-0.0645791,-0.0382738,0.0055000),(-0.0662794,-0.0383117,0.0055000),(-0.0645791,-0.0382738,0.0055000),(-0.0644612,-0.0382090,0.0055000),(-0.0662794,-0.0383117,0.0055000),(-0.0644612,-0.0382090,0.0055000),(-0.0643476,-0.0381366,0.0055000),(-0.0662794,-0.0383117,0.0055000),(-0.0643476,-0.0381366,0.0055000),(-0.0642402,-0.0380581,0.0055000),(-0.0662794,-0.0383117,0.0055000),(-0.0642402,-0.0380581,0.0055000),(-0.0641391,-0.0379734,0.0055000),(-0.0662794,-0.0383117,0.0055000),(-0.0641391,-0.0379734,0.0055000),(-0.0640442,-0.0378825,0.0055000),(-0.0662794,-0.0383117,0.0055000),(-0.0640442,-0.0378825,0.0055000),(-0.0639555,-0.0377855,0.0055000),(-0.0639555,-0.0377855,0.0055000),(-0.0638730,-0.0376824,0.0055000),(-0.0637967,-0.0375731,0.0055000),(-0.0639555,-0.0377855,0.0055000),(-0.0637967,-0.0375731,0.0055000),(-0.0637267,-0.0374576,0.0055000),(-0.0639555,-0.0377855,0.0055000),(-0.0637267,-0.0374576,0.0055000),(-0.0636637,-0.0373378,0.0055000),(-0.0639555,-0.0377855,0.0055000),(-0.0636637,-0.0373378,0.0055000),(-0.0636091,-0.0372156,0.0055000),(-0.0639555,-0.0377855,0.0055000),(-0.0636091,-0.0372156,0.0055000),(-0.0635629,-0.0370908,0.0055000),(-0.0639555,-0.0377855,0.0055000),(-0.0635629,-0.0370908,0.0055000),(-0.0635251,-0.0369636,0.0055000),(-0.0639555,-0.0377855,0.0055000),(-0.0635251,-0.0369636,0.0055000),(-0.0634957,-0.0368339,0.0055000),(-0.0639555,-0.0377855,0.0055000),(-0.0634957,-0.0368339,0.0055000),(-0.0634747,-0.0367017,0.0055000),(-0.0639555,-0.0377855,0.0055000),(-0.0634747,-0.0367017,0.0055000),(-0.0634621,-0.0365671,0.0055000),(-0.0639555,-0.0377855,0.0055000),(-0.0634621,-0.0365671,0.0055000),(-0.0634579,-0.0364300,0.0055000),(-0.0639555,-0.0377855,0.0055000),(-0.0634579,-0.0364300,0.0055000),(-0.0634621,-0.0362983,0.0055000),(-0.0639555,-0.0377855,0.0055000),(-0.0634621,-0.0362983,0.0055000),(-0.0634747,-0.0361675,0.0055000),(-0.0639555,-0.0377855,0.0055000),(-0.0634747,-0.0361675,0.0055000),(-0.0634957,-0.0360374,0.0055000),(-0.0639555,-0.0377855,0.0055000),(-0.0634957,-0.0360374,0.0055000),(-0.0635251,-0.0359082,0.0055000),(-0.0639555,-0.0377855,0.0055000),(-0.0635251,-0.0359082,0.0055000),(-0.0635629,-0.0357797,0.0055000),(-0.0639555,-0.0377855,0.0055000),(-0.0635629,-0.0357797,0.0055000),(-0.0636091,-0.0356521,0.0055000),(-0.0636091,-0.0356521,0.0055000),(-0.0640009,-0.0357936,0.0055000),(-0.0639643,-0.0358914,0.0055000),(-0.0636091,-0.0356521,0.0055000),(-0.0639643,-0.0358914,0.0055000),(-0.0639344,-0.0359926,0.0055000),(-0.0636091,-0.0356521,0.0055000),(-0.0639344,-0.0359926,0.0055000),(-0.0639111,-0.0360970,0.0055000),(-0.0636091,-0.0356521,0.0055000),(-0.0639111,-0.0360970,0.0055000),(-0.0638945,-0.0362047,0.0055000),(-0.0636091,-0.0356521,0.0055000),(-0.0638945,-0.0362047,0.0055000),(-0.0638845,-0.0363157,0.0055000),(-0.0636091,-0.0356521,0.0055000),(-0.0638845,-0.0363157,0.0055000),(-0.0638812,-0.0364300,0.0055000),(-0.0636091,-0.0356521,0.0055000),(-0.0638812,-0.0364300,0.0055000),(-0.0638846,-0.0365400,0.0055000),(-0.0639555,-0.0377855,0.0055000),(-0.0636091,-0.0356521,0.0055000),(-0.0638846,-0.0365400,0.0055000),(-0.0639555,-0.0377855,0.0055000),(-0.0638846,-0.0365400,0.0055000),(-0.0638946,-0.0366478,0.0055000),(-0.0639555,-0.0377855,0.0055000),(-0.0638946,-0.0366478,0.0055000),(-0.0639114,-0.0367535,0.0055000),(-0.0639555,-0.0377855,0.0055000),(-0.0639114,-0.0367535,0.0055000),(-0.0639349,-0.0368570,0.0055000),(-0.0639555,-0.0377855,0.0055000),(-0.0639349,-0.0368570,0.0055000),(-0.0639651,-0.0369583,0.0055000),(-0.0639555,-0.0377855,0.0055000),(-0.0639651,-0.0369583,0.0055000),(-0.0640020,-0.0370574,0.0055000),(-0.0639555,-0.0377855,0.0055000),(-0.0640020,-0.0370574,0.0055000),(-0.0640457,-0.0371544,0.0055000),(-0.0639555,-0.0377855,0.0055000),(-0.0640457,-0.0371544,0.0055000),(-0.0640960,-0.0372491,0.0055000),(-0.0639555,-0.0377855,0.0055000),(-0.0640960,-0.0372491,0.0055000),(-0.0641519,-0.0373403,0.0055000),(-0.0639555,-0.0377855,0.0055000),(-0.0641519,-0.0373403,0.0055000),(-0.0642125,-0.0374266,0.0055000),(-0.0639555,-0.0377855,0.0055000),(-0.0642125,-0.0374266,0.0055000),(-0.0642780,-0.0375081,0.0055000),(-0.0639555,-0.0377855,0.0055000),(-0.0642780,-0.0375081,0.0055000),(-0.0643482,-0.0375846,0.0055000),(-0.0639555,-0.0377855,0.0055000),(-0.0643482,-0.0375846,0.0055000),(-0.0644232,-0.0376562,0.0055000),(-0.0639555,-0.0377855,0.0055000),(-0.0644232,-0.0376562,0.0055000),(-0.0645030,-0.0377230,0.0055000),(-0.0639555,-0.0377855,0.0055000),(-0.0645030,-0.0377230,0.0055000),(-0.0645877,-0.0377848,0.0055000),(-0.0639555,-0.0377855,0.0055000),(-0.0645877,-0.0377848,0.0055000),(-0.0646771,-0.0378418,0.0055000),(-0.0639555,-0.0377855,0.0055000),(-0.0646771,-0.0378418,0.0055000),(-0.0647697,-0.0378929,0.0055000),(-0.0639555,-0.0377855,0.0055000),(-0.0647697,-0.0378929,0.0055000),(-0.0648643,-0.0379372,0.0055000),(-0.0639555,-0.0377855,0.0055000),(-0.0648643,-0.0379372,0.0055000),(-0.0649611,-0.0379746,0.0055000),(-0.0639555,-0.0377855,0.0055000),(-0.0649611,-0.0379746,0.0055000),(-0.0650599,-0.0380053,0.0055000),(-0.0662794,-0.0383117,0.0055000),(-0.0639555,-0.0377855,0.0055000),(-0.0650599,-0.0380053,0.0055000),(-0.0662794,-0.0383117,0.0055000),(-0.0650599,-0.0380053,0.0055000),(-0.0651608,-0.0380291,0.0055000),(-0.0662794,-0.0383117,0.0055000),(-0.0651608,-0.0380291,0.0055000),(-0.0652638,-0.0380462,0.0055000),(-0.0662794,-0.0383117,0.0055000),(-0.0652638,-0.0380462,0.0055000),(-0.0653689,-0.0380564,0.0055000),(-0.0662794,-0.0383117,0.0055000),(-0.0653689,-0.0380564,0.0055000),(-0.0654761,-0.0380598,0.0055000),(-0.0662794,-0.0383117,0.0055000),(-0.0654761,-0.0380598,0.0055000),(-0.0656297,-0.0380527,0.0055000),(-0.0662794,-0.0383117,0.0055000),(-0.0656297,-0.0380527,0.0055000),(-0.0657793,-0.0380315,0.0055000),(-0.0662794,-0.0383117,0.0055000),(-0.0657793,-0.0380315,0.0055000),(-0.0659250,-0.0379961,0.0055000),(-0.0662794,-0.0383117,0.0055000),(-0.0659250,-0.0379961,0.0055000),(-0.0660667,-0.0379465,0.0055000),(-0.0662794,-0.0383117,0.0055000),(-0.0660667,-0.0379465,0.0055000),(-0.0644696,-0.0351631,0.0055000),(-0.0668403,-0.0392864,0.0055000),(-0.0662794,-0.0383117,0.0055000),(-0.0644696,-0.0351631,0.0055000),(-0.0640441,-0.0356990,0.0055000),(-0.0640009,-0.0357936,0.0055000),(-0.0636091,-0.0356521,0.0055000),(-0.0640939,-0.0356076,0.0055000),(-0.0640441,-0.0356990,0.0055000),(-0.0636091,-0.0356521,0.0055000),(-0.0641619,-0.0355036,0.0055000),(-0.0640939,-0.0356076,0.0055000),(-0.0636091,-0.0356521,0.0055000),(-0.0642471,-0.0353949,0.0055000),(-0.0641619,-0.0355036,0.0055000),(-0.0636091,-0.0356521,0.0055000),(-0.0642962,-0.0353387,0.0055000),(-0.0642471,-0.0353949,0.0055000),(-0.0636091,-0.0356521,0.0055000),(-0.0643497,-0.0352814,0.0055000),(-0.0642962,-0.0353387,0.0055000),(-0.0636091,-0.0356521,0.0055000),(-0.0644075,-0.0352229,0.0055000),(-0.0643497,-0.0352814,0.0055000),(-0.0636091,-0.0356521,0.0055000),(-0.0644696,-0.0351631,0.0055000),(-0.0644075,-0.0352229,0.0055000),(-0.0636091,-0.0356521,0.0055000),(-0.0644696,-0.0351631,0.0055000),(-0.0636091,-0.0356521,0.0055000),(-0.0636637,-0.0355252,0.0055000),(-0.0644696,-0.0351631,0.0055000),(-0.0636637,-0.0355252,0.0055000),(-0.0637267,-0.0353991,0.0055000),(-0.0644696,-0.0351631,0.0055000),(-0.0637267,-0.0353991,0.0055000),(-0.0637769,-0.0353124,0.0055000),(-0.0644696,-0.0351631,0.0055000),(-0.0637769,-0.0353124,0.0055000),(-0.0638317,-0.0352290,0.0055000),(-0.0644696,-0.0351631,0.0055000),(-0.0638317,-0.0352290,0.0055000),(-0.0638910,-0.0351489,0.0055000),(-0.0644696,-0.0351631,0.0055000),(-0.0638910,-0.0351489,0.0055000),(-0.0639550,-0.0350721,0.0055000),(-0.0644696,-0.0351631,0.0055000),(-0.0639550,-0.0350721,0.0055000),(-0.0640236,-0.0349986,0.0055000),(-0.0644696,-0.0351631,0.0055000),(-0.0640236,-0.0349986,0.0055000),(-0.0640968,-0.0349284,0.0055000),(-0.0644696,-0.0351631,0.0055000),(-0.0640968,-0.0349284,0.0055000),(-0.0641745,-0.0348616,0.0055000),(-0.0644696,-0.0351631,0.0055000),(-0.0641745,-0.0348616,0.0055000),(-0.0642569,-0.0347980,0.0055000),(-0.0644696,-0.0351631,0.0055000),(-0.0642569,-0.0347980,0.0055000),(-0.0637150,-0.0338455,0.0055000),(-0.0668403,-0.0392864,0.0055000),(-0.0644696,-0.0351631,0.0055000),(-0.0637150,-0.0338455,0.0055000),(-0.0668403,-0.0392864,0.0055000),(-0.0637150,-0.0338455,0.0055000),(-0.0636865,-0.0337418,0.0055000),(-0.0668403,-0.0392864,0.0055000),(-0.0636865,-0.0337418,0.0055000),(-0.0636939,-0.0336815,0.0055000),(-0.0668403,-0.0392864,0.0055000),(-0.0636939,-0.0336815,0.0055000),(-0.0637325,-0.0336063,0.0055000),(-0.0668403,-0.0392864,0.0055000),(-0.0637325,-0.0336063,0.0055000),(-0.0637976,-0.0335523,0.0055000),(-0.0668403,-0.0392864,0.0055000),(-0.0637976,-0.0335523,0.0055000),(-0.0639002,-0.0335217,0.0055000),(-0.0668403,-0.0392864,0.0055000),(-0.0639002,-0.0335217,0.0055000),(-0.0639606,-0.0335291,0.0055000),(-0.0668403,-0.0392864,0.0055000),(-0.0639606,-0.0335291,0.0055000),(-0.0640362,-0.0335677,0.0055000),(-0.0668403,-0.0392864,0.0055000),(-0.0640362,-0.0335677,0.0055000),(-0.0640918,-0.0336328,0.0055000),(-0.0668403,-0.0392864,0.0055000),(-0.0640918,-0.0336328,0.0055000),(-0.0646273,-0.0345609,0.0055000),(-0.0646273,-0.0345609,0.0055000),(-0.0647279,-0.0345165,0.0055000),(-0.0648318,-0.0344781,0.0055000),(-0.0646273,-0.0345609,0.0055000),(-0.0648318,-0.0344781,0.0055000),(-0.0649391,-0.0344455,0.0055000),(-0.0646273,-0.0345609,0.0055000),(-0.0649391,-0.0344455,0.0055000),(-0.0650496,-0.0344189,0.0055000),(-0.0646273,-0.0345609,0.0055000),(-0.0650496,-0.0344189,0.0055000),(-0.0651634,-0.0343981,0.0055000),(-0.0646273,-0.0345609,0.0055000),(-0.0651634,-0.0343981,0.0055000),(-0.0652806,-0.0343833,0.0055000),(-0.0646273,-0.0345609,0.0055000),(-0.0652806,-0.0343833,0.0055000),(-0.0654010,-0.0343745,0.0055000),(-0.0646273,-0.0345609,0.0055000),(-0.0654010,-0.0343745,0.0055000),(-0.0655248,-0.0343715,0.0055000),(-0.0646273,-0.0345609,0.0055000),(-0.0655248,-0.0343715,0.0055000),(-0.0656494,-0.0343758,0.0055000),(-0.0646273,-0.0345609,0.0055000),(-0.0656494,-0.0343758,0.0055000),(-0.0657729,-0.0343888,0.0055000),(-0.0646273,-0.0345609,0.0055000),(-0.0657729,-0.0343888,0.0055000),(-0.0658953,-0.0344105,0.0055000),(-0.0646273,-0.0345609,0.0055000),(-0.0658953,-0.0344105,0.0055000),(-0.0660166,-0.0344408,0.0055000),(-0.0646273,-0.0345609,0.0055000),(-0.0660166,-0.0344408,0.0055000),(-0.0661369,-0.0344798,0.0055000),(-0.0646273,-0.0345609,0.0055000),(-0.0661369,-0.0344798,0.0055000),(-0.0662560,-0.0345275,0.0055000),(-0.0646273,-0.0345609,0.0055000),(-0.0662560,-0.0345275,0.0055000),(-0.0663741,-0.0345838,0.0055000),(-0.0646273,-0.0345609,0.0055000),(-0.0663741,-0.0345838,0.0055000),(-0.0664910,-0.0346488,0.0055000),(-0.0646273,-0.0345609,0.0055000),(-0.0664910,-0.0346488,0.0055000),(-0.0666042,-0.0347209,0.0055000),(-0.0646273,-0.0345609,0.0055000),(-0.0666042,-0.0347209,0.0055000),(-0.0667112,-0.0347993,0.0055000),(-0.0646273,-0.0345609,0.0055000),(-0.0667112,-0.0347993,0.0055000),(-0.0668121,-0.0348839,0.0055000),(-0.0646273,-0.0345609,0.0055000),(-0.0668121,-0.0348839,0.0055000),(-0.0669070,-0.0349747,0.0055000),(-0.0646273,-0.0345609,0.0055000),(-0.0669070,-0.0349747,0.0055000),(-0.0669957,-0.0350718,0.0055000),(-0.0669957,-0.0350718,0.0055000),(-0.0670784,-0.0351750,0.0055000),(-0.0671550,-0.0352845,0.0055000),(-0.0669957,-0.0350718,0.0055000),(-0.0671550,-0.0352845,0.0055000),(-0.0672255,-0.0354002,0.0055000),(-0.0669957,-0.0350718,0.0055000),(-0.0672255,-0.0354002,0.0055000),(-0.0672888,-0.0355200,0.0055000),(-0.0669957,-0.0350718,0.0055000),(-0.0672888,-0.0355200,0.0055000),(-0.0673436,-0.0356424,0.0055000),(-0.0669957,-0.0350718,0.0055000),(-0.0673436,-0.0356424,0.0055000),(-0.0673900,-0.0357673,0.0055000),(-0.0669957,-0.0350718,0.0055000),(-0.0673900,-0.0357673,0.0055000),(-0.0674279,-0.0358947,0.0055000),(-0.0669957,-0.0350718,0.0055000),(-0.0674279,-0.0358947,0.0055000),(-0.0674575,-0.0360247,0.0055000),(-0.0669957,-0.0350718,0.0055000),(-0.0674575,-0.0360247,0.0055000),(-0.0674785,-0.0361572,0.0055000),(-0.0669957,-0.0350718,0.0055000),(-0.0674785,-0.0361572,0.0055000),(-0.0674912,-0.0362923,0.0055000),(-0.0669957,-0.0350718,0.0055000),(-0.0674912,-0.0362923,0.0055000),(-0.0674954,-0.0364300,0.0055000),(-0.0669957,-0.0350718,0.0055000),(-0.0674954,-0.0364300,0.0055000),(-0.0674912,-0.0365680,0.0055000),(-0.0669957,-0.0350718,0.0055000),(-0.0674912,-0.0365680,0.0055000),(-0.0674786,-0.0367033,0.0055000),(-0.0669957,-0.0350718,0.0055000),(-0.0674786,-0.0367033,0.0055000),(-0.0674576,-0.0368359,0.0055000),(-0.0669957,-0.0350718,0.0055000),(-0.0674576,-0.0368359,0.0055000),(-0.0674282,-0.0369657,0.0055000),(-0.0669957,-0.0350718,0.0055000),(-0.0674282,-0.0369657,0.0055000),(-0.0673904,-0.0370928,0.0055000),(-0.0669957,-0.0350718,0.0055000),(-0.0673904,-0.0370928,0.0055000),(-0.0673442,-0.0372172,0.0055000),(-0.0669957,-0.0350718,0.0055000),(-0.0673442,-0.0372172,0.0055000),(-0.0672896,-0.0373387,0.0055000),(-0.0669957,-0.0350718,0.0055000),(-0.0672896,-0.0373387,0.0055000),(-0.0672266,-0.0374576,0.0055000),(-0.0672266,-0.0374576,0.0055000),(-0.0668583,-0.0372491,0.0055000),(-0.0669077,-0.0371544,0.0055000),(-0.0672266,-0.0374576,0.0055000),(-0.0669077,-0.0371544,0.0055000),(-0.0669504,-0.0370575,0.0055000),(-0.0672266,-0.0374576,0.0055000),(-0.0669504,-0.0370575,0.0055000),(-0.0669866,-0.0369584,0.0055000),(-0.0672266,-0.0374576,0.0055000),(-0.0669866,-0.0369584,0.0055000),(-0.0670162,-0.0368573,0.0055000),(-0.0672266,-0.0374576,0.0055000),(-0.0670162,-0.0368573,0.0055000),(-0.0670393,-0.0367539,0.0055000),(-0.0672266,-0.0374576,0.0055000),(-0.0670393,-0.0367539,0.0055000),(-0.0670557,-0.0366484,0.0055000),(-0.0672266,-0.0374576,0.0055000),(-0.0670557,-0.0366484,0.0055000),(-0.0670656,-0.0365408,0.0055000),(-0.0672266,-0.0374576,0.0055000),(-0.0670656,-0.0365408,0.0055000),(-0.0670689,-0.0364310,0.0055000),(-0.0672266,-0.0374576,0.0055000),(-0.0670689,-0.0364310,0.0055000),(-0.0670656,-0.0363212,0.0055000),(-0.0669957,-0.0350718,0.0055000),(-0.0672266,-0.0374576,0.0055000),(-0.0670656,-0.0363212,0.0055000),(-0.0669957,-0.0350718,0.0055000),(-0.0670656,-0.0363212,0.0055000),(-0.0670555,-0.0362135,0.0055000),(-0.0669957,-0.0350718,0.0055000),(-0.0670555,-0.0362135,0.0055000),(-0.0670388,-0.0361078,0.0055000),(-0.0669957,-0.0350718,0.0055000),(-0.0670388,-0.0361078,0.0055000),(-0.0670155,-0.0360042,0.0055000),(-0.0669957,-0.0350718,0.0055000),(-0.0670155,-0.0360042,0.0055000),(-0.0669854,-0.0359028,0.0055000),(-0.0669957,-0.0350718,0.0055000),(-0.0669854,-0.0359028,0.0055000),(-0.0669486,-0.0358034,0.0055000),(-0.0669957,-0.0350718,0.0055000),(-0.0669486,-0.0358034,0.0055000),(-0.0669052,-0.0357060,0.0055000),(-0.0669957,-0.0350718,0.0055000),(-0.0669052,-0.0357060,0.0055000),(-0.0668551,-0.0356108,0.0055000),(-0.0669957,-0.0350718,0.0055000),(-0.0668551,-0.0356108,0.0055000),(-0.0667993,-0.0355189,0.0055000),(-0.0669957,-0.0350718,0.0055000),(-0.0667993,-0.0355189,0.0055000),(-0.0667386,-0.0354319,0.0055000),(-0.0669957,-0.0350718,0.0055000),(-0.0667386,-0.0354319,0.0055000),(-0.0666732,-0.0353501,0.0055000),(-0.0669957,-0.0350718,0.0055000),(-0.0666732,-0.0353501,0.0055000),(-0.0666030,-0.0352732,0.0055000),(-0.0669957,-0.0350718,0.0055000),(-0.0666030,-0.0352732,0.0055000),(-0.0665279,-0.0352014,0.0055000),(-0.0669957,-0.0350718,0.0055000),(-0.0665279,-0.0352014,0.0055000),(-0.0664481,-0.0351346,0.0055000),(-0.0669957,-0.0350718,0.0055000),(-0.0664481,-0.0351346,0.0055000),(-0.0663635,-0.0350728,0.0055000),(-0.0669957,-0.0350718,0.0055000),(-0.0663635,-0.0350728,0.0055000),(-0.0662741,-0.0350160,0.0055000),(-0.0669957,-0.0350718,0.0055000),(-0.0662741,-0.0350160,0.0055000),(-0.0661820,-0.0349649,0.0055000),(-0.0669957,-0.0350718,0.0055000),(-0.0661820,-0.0349649,0.0055000),(-0.0660894,-0.0349206,0.0055000),(-0.0669957,-0.0350718,0.0055000),(-0.0660894,-0.0349206,0.0055000),(-0.0659963,-0.0348832,0.0055000),(-0.0669957,-0.0350718,0.0055000),(-0.0659963,-0.0348832,0.0055000),(-0.0659026,-0.0348525,0.0055000),(-0.0669957,-0.0350718,0.0055000),(-0.0659026,-0.0348525,0.0055000),(-0.0658084,-0.0348287,0.0055000),(-0.0646273,-0.0345609,0.0055000),(-0.0669957,-0.0350718,0.0055000),(-0.0658084,-0.0348287,0.0055000),(-0.0646273,-0.0345609,0.0055000),(-0.0658084,-0.0348287,0.0055000),(-0.0657137,-0.0348116,0.0055000),(-0.0646273,-0.0345609,0.0055000),(-0.0657137,-0.0348116,0.0055000),(-0.0656185,-0.0348014,0.0055000),(-0.0646273,-0.0345609,0.0055000),(-0.0656185,-0.0348014,0.0055000),(-0.0655227,-0.0347980,0.0055000),(-0.0646273,-0.0345609,0.0055000),(-0.0655227,-0.0347980,0.0055000),(-0.0655163,-0.0347980,0.0055000),(-0.0646273,-0.0345609,0.0055000),(-0.0655163,-0.0347980,0.0055000),(-0.0654226,-0.0348001,0.0055000),(-0.0646273,-0.0345609,0.0055000),(-0.0654226,-0.0348001,0.0055000),(-0.0653314,-0.0348063,0.0055000),(-0.0646273,-0.0345609,0.0055000),(-0.0653314,-0.0348063,0.0055000),(-0.0652428,-0.0348168,0.0055000),(-0.0646273,-0.0345609,0.0055000),(-0.0652428,-0.0348168,0.0055000),(-0.0651568,-0.0348313,0.0055000),(-0.0646273,-0.0345609,0.0055000),(-0.0651568,-0.0348313,0.0055000),(-0.0650732,-0.0348501,0.0055000),(-0.0646273,-0.0345609,0.0055000),(-0.0650732,-0.0348501,0.0055000),(-0.0649922,-0.0348730,0.0055000),(-0.0646273,-0.0345609,0.0055000),(-0.0649922,-0.0348730,0.0055000),(-0.0649138,-0.0349001,0.0055000),(-0.0646273,-0.0345609,0.0055000),(-0.0649138,-0.0349001,0.0055000),(-0.0648379,-0.0349314,0.0055000),(-0.0668403,-0.0392864,0.0055000),(-0.0646273,-0.0345609,0.0055000),(-0.0648379,-0.0349314,0.0055000),(-0.0668403,-0.0392864,0.0055000),(-0.0648379,-0.0349314,0.0055000),(-0.0664424,-0.0377264,0.0055000),(-0.0668403,-0.0392864,0.0055000),(-0.0664424,-0.0377264,0.0055000),(-0.0665628,-0.0376236,0.0055000),(-0.0668159,-0.0373184,0.0055000),(-0.0668583,-0.0372491,0.0055000),(-0.0672266,-0.0374576,0.0055000),(-0.0667708,-0.0373849,0.0055000),(-0.0668159,-0.0373184,0.0055000),(-0.0672266,-0.0374576,0.0055000),(-0.0666723,-0.0375097,0.0055000),(-0.0667708,-0.0373849,0.0055000),(-0.0672266,-0.0374576,0.0055000),(-0.0665628,-0.0376236,0.0055000),(-0.0666723,-0.0375097,0.0055000),(-0.0672266,-0.0374576,0.0055000),(-0.0665628,-0.0376236,0.0055000),(-0.0672266,-0.0374576,0.0055000),(-0.0671686,-0.0375526,0.0055000),(-0.0665628,-0.0376236,0.0055000),(-0.0671686,-0.0375526,0.0055000),(-0.0671070,-0.0376436,0.0055000),(-0.0665628,-0.0376236,0.0055000),(-0.0671070,-0.0376436,0.0055000),(-0.0670416,-0.0377304,0.0055000),(-0.0665628,-0.0376236,0.0055000),(-0.0670416,-0.0377304,0.0055000),(-0.0669726,-0.0378132,0.0055000),(-0.0665628,-0.0376236,0.0055000),(-0.0669726,-0.0378132,0.0055000),(-0.0668998,-0.0378918,0.0055000),(-0.0665628,-0.0376236,0.0055000),(-0.0668998,-0.0378918,0.0055000),(-0.0668234,-0.0379664,0.0055000),(-0.0665628,-0.0376236,0.0055000),(-0.0668234,-0.0379664,0.0055000),(-0.0667432,-0.0380368,0.0055000),(-0.0665628,-0.0376236,0.0055000),(-0.0667432,-0.0380368,0.0055000),(-0.0666593,-0.0381032,0.0055000),(-0.0668403,-0.0392864,0.0055000),(-0.0665628,-0.0376236,0.0055000),(-0.0666593,-0.0381032,0.0055000),(-0.0668403,-0.0392864,0.0055000),(-0.0666593,-0.0381032,0.0055000),(-0.0672149,-0.0390737,0.0055000),(-0.0668403,-0.0392864,0.0055000),(-0.0672149,-0.0390737,0.0055000),(-0.0672425,-0.0391753,0.0055000),(-0.0668403,-0.0392864,0.0055000),(-0.0672425,-0.0391753,0.0055000),(-0.0672361,-0.0392356,0.0055000),(-0.0668403,-0.0392864,0.0055000),(-0.0672361,-0.0392356,0.0055000),(-0.0671970,-0.0393126,0.0055000),(-0.0668403,-0.0392864,0.0055000),(-0.0671970,-0.0393126,0.0055000),(-0.0671345,-0.0393679,0.0055000),(-0.0668403,-0.0392864,0.0055000),(-0.0671345,-0.0393679,0.0055000),(-0.0670297,-0.0393954,0.0055000),(-0.0668403,-0.0392864,0.0055000),(-0.0670297,-0.0393954,0.0055000),(-0.0669694,-0.0393880,0.0055000),(-0.0668403,-0.0392864,0.0055000),(-0.0669694,-0.0393880,0.0055000),(-0.0668969,-0.0393525,0.0055000),(-0.0608777,-0.0373773,0.0055000),(-0.0608724,-0.0372449,0.0055000),(-0.0608724,-0.0355547,0.0055000),(-0.0608777,-0.0373773,0.0055000),(-0.0608724,-0.0355547,0.0055000),(-0.0608777,-0.0354241,0.0055000),(-0.0608777,-0.0373773,0.0055000),(-0.0608777,-0.0354241,0.0055000),(-0.0608936,-0.0352995,0.0055000),(-0.0608777,-0.0373773,0.0055000),(-0.0608936,-0.0352995,0.0055000),(-0.0609201,-0.0351808,0.0055000),(-0.0608777,-0.0373773,0.0055000),(-0.0609201,-0.0351808,0.0055000),(-0.0609573,-0.0350681,0.0055000),(-0.0608777,-0.0373773,0.0055000),(-0.0609573,-0.0350681,0.0055000),(-0.0610051,-0.0349615,0.0055000),(-0.0608777,-0.0373773,0.0055000),(-0.0610051,-0.0349615,0.0055000),(-0.0610635,-0.0348608,0.0055000),(-0.0608777,-0.0373773,0.0055000),(-0.0610635,-0.0348608,0.0055000),(-0.0611325,-0.0347661,0.0055000),(-0.0608777,-0.0373773,0.0055000),(-0.0611325,-0.0347661,0.0055000),(-0.0612121,-0.0346774,0.0055000),(-0.0608777,-0.0373773,0.0055000),(-0.0612121,-0.0346774,0.0055000),(-0.0612888,-0.0346057,0.0055000),(-0.0608777,-0.0373773,0.0055000),(-0.0612888,-0.0346057,0.0055000),(-0.0613685,-0.0345435,0.0055000),(-0.0608777,-0.0373773,0.0055000),(-0.0613685,-0.0345435,0.0055000),(-0.0614513,-0.0344910,0.0055000),(-0.0614513,-0.0344910,0.0055000),(-0.0615373,-0.0344480,0.0055000),(-0.0616262,-0.0344145,0.0055000),(-0.0614513,-0.0344910,0.0055000),(-0.0616262,-0.0344145,0.0055000),(-0.0617183,-0.0343906,0.0055000),(-0.0614513,-0.0344910,0.0055000),(-0.0617183,-0.0343906,0.0055000),(-0.0618134,-0.0343763,0.0055000),(-0.0614513,-0.0344910,0.0055000),(-0.0618134,-0.0343763,0.0055000),(-0.0619116,-0.0343715,0.0055000),(-0.0614513,-0.0344910,0.0055000),(-0.0619116,-0.0343715,0.0055000),(-0.0620087,-0.0343763,0.0055000),(-0.0614513,-0.0344910,0.0055000),(-0.0620087,-0.0343763,0.0055000),(-0.0621031,-0.0343906,0.0055000),(-0.0614513,-0.0344910,0.0055000),(-0.0621031,-0.0343906,0.0055000),(-0.0621949,-0.0344145,0.0055000),(-0.0614513,-0.0344910,0.0055000),(-0.0621949,-0.0344145,0.0055000),(-0.0622839,-0.0344480,0.0055000),(-0.0614513,-0.0344910,0.0055000),(-0.0622839,-0.0344480,0.0055000),(-0.0623703,-0.0344910,0.0055000),(-0.0614513,-0.0344910,0.0055000),(-0.0623703,-0.0344910,0.0055000),(-0.0624540,-0.0345435,0.0055000),(-0.0614513,-0.0344910,0.0055000),(-0.0624540,-0.0345435,0.0055000),(-0.0625350,-0.0346057,0.0055000),(-0.0614513,-0.0344910,0.0055000),(-0.0625350,-0.0346057,0.0055000),(-0.0626133,-0.0346774,0.0055000),(-0.0614513,-0.0344910,0.0055000),(-0.0626133,-0.0346774,0.0055000),(-0.0626929,-0.0347643,0.0055000),(-0.0614513,-0.0344910,0.0055000),(-0.0626929,-0.0347643,0.0055000),(-0.0627619,-0.0348575,0.0055000),(-0.0614513,-0.0344910,0.0055000),(-0.0627619,-0.0348575,0.0055000),(-0.0628203,-0.0349570,0.0055000),(-0.0614513,-0.0344910,0.0055000),(-0.0628203,-0.0349570,0.0055000),(-0.0628681,-0.0350626,0.0055000),(-0.0614513,-0.0344910,0.0055000),(-0.0628681,-0.0350626,0.0055000),(-0.0629053,-0.0351744,0.0055000),(-0.0629053,-0.0351744,0.0055000),(-0.0629318,-0.0352925,0.0055000),(-0.0629477,-0.0354168,0.0055000),(-0.0629053,-0.0351744,0.0055000),(-0.0629477,-0.0354168,0.0055000),(-0.0629530,-0.0355473,0.0055000),(-0.0629053,-0.0351744,0.0055000),(-0.0629530,-0.0355473,0.0055000),(-0.0629530,-0.0355547,0.0055000),(-0.0629053,-0.0351744,0.0055000),(-0.0629530,-0.0355547,0.0055000),(-0.0629530,-0.0372491,0.0055000),(-0.0629053,-0.0351744,0.0055000),(-0.0629530,-0.0372491,0.0055000),(-0.0629477,-0.0373804,0.0055000),(-0.0629053,-0.0351744,0.0055000),(-0.0629477,-0.0373804,0.0055000),(-0.0629318,-0.0375056,0.0055000),(-0.0629053,-0.0351744,0.0055000),(-0.0629318,-0.0375056,0.0055000),(-0.0629053,-0.0376245,0.0055000),(-0.0629053,-0.0351744,0.0055000),(-0.0629053,-0.0376245,0.0055000),(-0.0628681,-0.0377373,0.0055000),(-0.0629053,-0.0351744,0.0055000),(-0.0628681,-0.0377373,0.0055000),(-0.0628203,-0.0378438,0.0055000),(-0.0629053,-0.0351744,0.0055000),(-0.0628203,-0.0378438,0.0055000),(-0.0627619,-0.0379442,0.0055000),(-0.0629053,-0.0351744,0.0055000),(-0.0627619,-0.0379442,0.0055000),(-0.0626929,-0.0380384,0.0055000),(-0.0629053,-0.0351744,0.0055000),(-0.0626929,-0.0380384,0.0055000),(-0.0626133,-0.0381265,0.0055000),(-0.0626133,-0.0381265,0.0055000),(-0.0623096,-0.0378301,0.0055000),(-0.0624036,-0.0377138,0.0055000),(-0.0626133,-0.0381265,0.0055000),(-0.0624036,-0.0377138,0.0055000),(-0.0624707,-0.0375775,0.0055000),(-0.0626133,-0.0381265,0.0055000),(-0.0624707,-0.0375775,0.0055000),(-0.0625110,-0.0374212,0.0055000),(-0.0629053,-0.0351744,0.0055000),(-0.0626133,-0.0381265,0.0055000),(-0.0625110,-0.0374212,0.0055000),(-0.0629053,-0.0351744,0.0055000),(-0.0625110,-0.0374212,0.0055000),(-0.0625211,-0.0373355,0.0055000),(-0.0629053,-0.0351744,0.0055000),(-0.0625211,-0.0373355,0.0055000),(-0.0625244,-0.0372449,0.0055000),(-0.0629053,-0.0351744,0.0055000),(-0.0625244,-0.0372449,0.0055000),(-0.0625244,-0.0355473,0.0055000),(-0.0629053,-0.0351744,0.0055000),(-0.0625244,-0.0355473,0.0055000),(-0.0625211,-0.0354590,0.0055000),(-0.0629053,-0.0351744,0.0055000),(-0.0625211,-0.0354590,0.0055000),(-0.0625111,-0.0353756,0.0055000),(-0.0629053,-0.0351744,0.0055000),(-0.0625111,-0.0353756,0.0055000),(-0.0624945,-0.0352971,0.0055000),(-0.0629053,-0.0351744,0.0055000),(-0.0624945,-0.0352971,0.0055000),(-0.0624712,-0.0352235,0.0055000),(-0.0629053,-0.0351744,0.0055000),(-0.0624712,-0.0352235,0.0055000),(-0.0624048,-0.0350909,0.0055000),(-0.0629053,-0.0351744,0.0055000),(-0.0624048,-0.0350909,0.0055000),(-0.0623117,-0.0349779,0.0055000),(-0.0629053,-0.0351744,0.0055000),(-0.0623117,-0.0349779,0.0055000),(-0.0622164,-0.0348992,0.0055000),(-0.0629053,-0.0351744,0.0055000),(-0.0622164,-0.0348992,0.0055000),(-0.0621180,-0.0348430,0.0055000),(-0.0614513,-0.0344910,0.0055000),(-0.0629053,-0.0351744,0.0055000),(-0.0621180,-0.0348430,0.0055000),(-0.0614513,-0.0344910,0.0055000),(-0.0621180,-0.0348430,0.0055000),(-0.0620164,-0.0348093,0.0055000),(-0.0614513,-0.0344910,0.0055000),(-0.0620164,-0.0348093,0.0055000),(-0.0619116,-0.0347980,0.0055000),(-0.0614513,-0.0344910,0.0055000),(-0.0619116,-0.0347980,0.0055000),(-0.0618026,-0.0348093,0.0055000),(-0.0614513,-0.0344910,0.0055000),(-0.0618026,-0.0348093,0.0055000),(-0.0616997,-0.0348430,0.0055000),(-0.0614513,-0.0344910,0.0055000),(-0.0616997,-0.0348430,0.0055000),(-0.0616031,-0.0348992,0.0055000),(-0.0614513,-0.0344910,0.0055000),(-0.0616031,-0.0348992,0.0055000),(-0.0615126,-0.0349779,0.0055000),(-0.0614513,-0.0344910,0.0055000),(-0.0615126,-0.0349779,0.0055000),(-0.0614196,-0.0350965,0.0055000),(-0.0614513,-0.0344910,0.0055000),(-0.0614196,-0.0350965,0.0055000),(-0.0613531,-0.0352322,0.0055000),(-0.0614513,-0.0344910,0.0055000),(-0.0613531,-0.0352322,0.0055000),(-0.0613132,-0.0353849,0.0055000),(-0.0608777,-0.0373773,0.0055000),(-0.0614513,-0.0344910,0.0055000),(-0.0613132,-0.0353849,0.0055000),(-0.0608777,-0.0373773,0.0055000),(-0.0613132,-0.0353849,0.0055000),(-0.0613032,-0.0354677,0.0055000),(-0.0608777,-0.0373773,0.0055000),(-0.0613032,-0.0354677,0.0055000),(-0.0612999,-0.0355547,0.0055000),(-0.0608777,-0.0373773,0.0055000),(-0.0612999,-0.0355547,0.0055000),(-0.0612999,-0.0372449,0.0055000),(-0.0608777,-0.0373773,0.0055000),(-0.0612999,-0.0372449,0.0055000),(-0.0613032,-0.0373345,0.0055000),(-0.0608777,-0.0373773,0.0055000),(-0.0613032,-0.0373345,0.0055000),(-0.0613132,-0.0374193,0.0055000),(-0.0608777,-0.0373773,0.0055000),(-0.0613132,-0.0374193,0.0055000),(-0.0613298,-0.0374992,0.0055000),(-0.0608777,-0.0373773,0.0055000),(-0.0613298,-0.0374992,0.0055000),(-0.0613531,-0.0375743,0.0055000),(-0.0608777,-0.0373773,0.0055000),(-0.0613531,-0.0375743,0.0055000),(-0.0614196,-0.0377098,0.0055000),(-0.0608777,-0.0373773,0.0055000),(-0.0614196,-0.0377098,0.0055000),(-0.0615126,-0.0378259,0.0055000),(-0.0608777,-0.0373773,0.0055000),(-0.0615126,-0.0378259,0.0055000),(-0.0616039,-0.0379037,0.0055000),(-0.0622180,-0.0379061,0.0055000),(-0.0623096,-0.0378301,0.0055000),(-0.0626133,-0.0381265,0.0055000),(-0.0621212,-0.0379603,0.0055000),(-0.0622180,-0.0379061,0.0055000),(-0.0626133,-0.0381265,0.0055000),(-0.0620191,-0.0379928,0.0055000),(-0.0621212,-0.0379603,0.0055000),(-0.0626133,-0.0381265,0.0055000),(-0.0619116,-0.0380037,0.0055000),(-0.0620191,-0.0379928,0.0055000),(-0.0626133,-0.0381265,0.0055000),(-0.0618034,-0.0379926,0.0055000),(-0.0619116,-0.0380037,0.0055000),(-0.0626133,-0.0381265,0.0055000),(-0.0618034,-0.0379926,0.0055000),(-0.0626133,-0.0381265,0.0055000),(-0.0625364,-0.0381972,0.0055000),(-0.0618034,-0.0379926,0.0055000),(-0.0625364,-0.0381972,0.0055000),(-0.0624566,-0.0382584,0.0055000),(-0.0617008,-0.0379592,0.0055000),(-0.0618034,-0.0379926,0.0055000),(-0.0624566,-0.0382584,0.0055000),(-0.0617008,-0.0379592,0.0055000),(-0.0624566,-0.0382584,0.0055000),(-0.0623738,-0.0383103,0.0055000),(-0.0617008,-0.0379592,0.0055000),(-0.0623738,-0.0383103,0.0055000),(-0.0622881,-0.0383527,0.0055000),(-0.0616039,-0.0379037,0.0055000),(-0.0617008,-0.0379592,0.0055000),(-0.0622881,-0.0383527,0.0055000),(-0.0616039,-0.0379037,0.0055000),(-0.0622881,-0.0383527,0.0055000),(-0.0621995,-0.0383857,0.0055000),(-0.0608777,-0.0373773,0.0055000),(-0.0616039,-0.0379037,0.0055000),(-0.0621995,-0.0383857,0.0055000),(-0.0608777,-0.0373773,0.0055000),(-0.0621995,-0.0383857,0.0055000),(-0.0621079,-0.0384092,0.0055000),(-0.0608777,-0.0373773,0.0055000),(-0.0621079,-0.0384092,0.0055000),(-0.0620134,-0.0384234,0.0055000),(-0.0608777,-0.0373773,0.0055000),(-0.0620134,-0.0384234,0.0055000),(-0.0619159,-0.0384281,0.0055000),(-0.0608777,-0.0373773,0.0055000),(-0.0619159,-0.0384281,0.0055000),(-0.0618167,-0.0384235,0.0055000),(-0.0608777,-0.0373773,0.0055000),(-0.0618167,-0.0384235,0.0055000),(-0.0617208,-0.0384096,0.0055000),(-0.0608777,-0.0373773,0.0055000),(-0.0617208,-0.0384096,0.0055000),(-0.0616282,-0.0383864,0.0055000),(-0.0608777,-0.0373773,0.0055000),(-0.0616282,-0.0383864,0.0055000),(-0.0615388,-0.0383540,0.0055000),(-0.0608777,-0.0373773,0.0055000),(-0.0615388,-0.0383540,0.0055000),(-0.0614528,-0.0383123,0.0055000),(-0.0608777,-0.0373773,0.0055000),(-0.0614528,-0.0383123,0.0055000),(-0.0613700,-0.0382614,0.0055000),(-0.0608777,-0.0373773,0.0055000),(-0.0613700,-0.0382614,0.0055000),(-0.0612904,-0.0382012,0.0055000),(-0.0608777,-0.0373773,0.0055000),(-0.0612904,-0.0382012,0.0055000),(-0.0612142,-0.0381318,0.0055000),(-0.0608777,-0.0373773,0.0055000),(-0.0612142,-0.0381318,0.0055000),(-0.0611341,-0.0380424,0.0055000),(-0.0608777,-0.0373773,0.0055000),(-0.0611341,-0.0380424,0.0055000),(-0.0610646,-0.0379469,0.0055000),(-0.0608777,-0.0373773,0.0055000),(-0.0610646,-0.0379469,0.0055000),(-0.0610059,-0.0378453,0.0055000),(-0.0608777,-0.0373773,0.0055000),(-0.0610059,-0.0378453,0.0055000),(-0.0609578,-0.0377375,0.0055000),(-0.0608777,-0.0373773,0.0055000),(-0.0609578,-0.0377375,0.0055000),(-0.0609204,-0.0376236,0.0055000),(-0.0608777,-0.0373773,0.0055000),(-0.0609204,-0.0376236,0.0055000),(-0.0608937,-0.0375035,0.0055000),(-0.0587292,-0.0380037,0.0055000),(-0.0575577,-0.0364130,0.0055000),(-0.0574932,-0.0363193,0.0055000),(-0.0587292,-0.0380037,0.0055000),(-0.0574932,-0.0363193,0.0055000),(-0.0574373,-0.0362217,0.0055000),(-0.0587292,-0.0380037,0.0055000),(-0.0574373,-0.0362217,0.0055000),(-0.0573900,-0.0361202,0.0055000),(-0.0587292,-0.0380037,0.0055000),(-0.0573900,-0.0361202,0.0055000),(-0.0573513,-0.0360148,0.0055000),(-0.0587292,-0.0380037,0.0055000),(-0.0573513,-0.0360148,0.0055000),(-0.0573212,-0.0359056,0.0055000),(-0.0587292,-0.0380037,0.0055000),(-0.0573212,-0.0359056,0.0055000),(-0.0572997,-0.0357925,0.0055000),(-0.0587292,-0.0380037,0.0055000),(-0.0572997,-0.0357925,0.0055000),(-0.0572868,-0.0356755,0.0055000),(-0.0587292,-0.0380037,0.0055000),(-0.0572868,-0.0356755,0.0055000),(-0.0572825,-0.0355547,0.0055000),(-0.0587292,-0.0380037,0.0055000),(-0.0572825,-0.0355547,0.0055000),(-0.0572876,-0.0354297,0.0055000),(-0.0587292,-0.0380037,0.0055000),(-0.0572876,-0.0354297,0.0055000),(-0.0573030,-0.0353094,0.0055000),(-0.0587292,-0.0380037,0.0055000),(-0.0573030,-0.0353094,0.0055000),(-0.0573286,-0.0351936,0.0055000),(-0.0587292,-0.0380037,0.0055000),(-0.0573286,-0.0351936,0.0055000),(-0.0573645,-0.0350824,0.0055000),(-0.0573645,-0.0350824,0.0055000),(-0.0574106,-0.0349759,0.0055000),(-0.0574670,-0.0348739,0.0055000),(-0.0573645,-0.0350824,0.0055000),(-0.0574670,-0.0348739,0.0055000),(-0.0575337,-0.0347765,0.0055000),(-0.0573645,-0.0350824,0.0055000),(-0.0575337,-0.0347765,0.0055000),(-0.0576106,-0.0346837,0.0055000),(-0.0573645,-0.0350824,0.0055000),(-0.0576106,-0.0346837,0.0055000),(-0.0576835,-0.0346105,0.0055000),(-0.0573645,-0.0350824,0.0055000),(-0.0576835,-0.0346105,0.0055000),(-0.0577609,-0.0345471,0.0055000),(-0.0573645,-0.0350824,0.0055000),(-0.0577609,-0.0345471,0.0055000),(-0.0578427,-0.0344935,0.0055000),(-0.0573645,-0.0350824,0.0055000),(-0.0578427,-0.0344935,0.0055000),(-0.0579291,-0.0344495,0.0055000),(-0.0573645,-0.0350824,0.0055000),(-0.0579291,-0.0344495,0.0055000),(-0.0580200,-0.0344154,0.0055000),(-0.0573645,-0.0350824,0.0055000),(-0.0580200,-0.0344154,0.0055000),(-0.0581154,-0.0343910,0.0055000),(-0.0573645,-0.0350824,0.0055000),(-0.0581154,-0.0343910,0.0055000),(-0.0582153,-0.0343764,0.0055000),(-0.0573645,-0.0350824,0.0055000),(-0.0582153,-0.0343764,0.0055000),(-0.0583197,-0.0343715,0.0055000),(-0.0573645,-0.0350824,0.0055000),(-0.0583197,-0.0343715,0.0055000),(-0.0584182,-0.0343763,0.0055000),(-0.0573645,-0.0350824,0.0055000),(-0.0584182,-0.0343763,0.0055000),(-0.0585137,-0.0343906,0.0055000),(-0.0573645,-0.0350824,0.0055000),(-0.0585137,-0.0343906,0.0055000),(-0.0586061,-0.0344145,0.0055000),(-0.0573645,-0.0350824,0.0055000),(-0.0586061,-0.0344145,0.0055000),(-0.0586956,-0.0344480,0.0055000),(-0.0573645,-0.0350824,0.0055000),(-0.0586956,-0.0344480,0.0055000),(-0.0587821,-0.0344910,0.0055000),(-0.0573645,-0.0350824,0.0055000),(-0.0587821,-0.0344910,0.0055000),(-0.0588656,-0.0345435,0.0055000),(-0.0588656,-0.0345435,0.0055000),(-0.0589460,-0.0346057,0.0055000),(-0.0590234,-0.0346774,0.0055000),(-0.0588656,-0.0345435,0.0055000),(-0.0590234,-0.0346774,0.0055000),(-0.0591026,-0.0347639,0.0055000),(-0.0588656,-0.0345435,0.0055000),(-0.0591026,-0.0347639,0.0055000),(-0.0591712,-0.0348567,0.0055000),(-0.0588656,-0.0345435,0.0055000),(-0.0591712,-0.0348567,0.0055000),(-0.0592292,-0.0349560,0.0055000),(-0.0588656,-0.0345435,0.0055000),(-0.0592292,-0.0349560,0.0055000),(-0.0592767,-0.0350615,0.0055000),(-0.0588656,-0.0345435,0.0055000),(-0.0592767,-0.0350615,0.0055000),(-0.0593136,-0.0351734,0.0055000),(-0.0588656,-0.0345435,0.0055000),(-0.0593136,-0.0351734,0.0055000),(-0.0593400,-0.0352917,0.0055000),(-0.0588656,-0.0345435,0.0055000),(-0.0593400,-0.0352917,0.0055000),(-0.0593558,-0.0354163,0.0055000),(-0.0588656,-0.0345435,0.0055000),(-0.0593558,-0.0354163,0.0055000),(-0.0593611,-0.0355473,0.0055000),(-0.0588656,-0.0345435,0.0055000),(-0.0593611,-0.0355473,0.0055000),(-0.0593611,-0.0355526,0.0055000),(-0.0588656,-0.0345435,0.0055000),(-0.0593611,-0.0355526,0.0055000),(-0.0593454,-0.0356341,0.0055000),(-0.0588656,-0.0345435,0.0055000),(-0.0593454,-0.0356341,0.0055000),(-0.0592986,-0.0357029,0.0055000),(-0.0588656,-0.0345435,0.0055000),(-0.0592986,-0.0357029,0.0055000),(-0.0592298,-0.0357497,0.0055000),(-0.0588656,-0.0345435,0.0055000),(-0.0592298,-0.0357497,0.0055000),(-0.0591483,-0.0357653,0.0055000),(-0.0588656,-0.0345435,0.0055000),(-0.0591483,-0.0357653,0.0055000),(-0.0590668,-0.0357497,0.0055000),(-0.0588656,-0.0345435,0.0055000),(-0.0590668,-0.0357497,0.0055000),(-0.0589980,-0.0357029,0.0055000),(-0.0588656,-0.0345435,0.0055000),(-0.0589980,-0.0357029,0.0055000),(-0.0589504,-0.0356341,0.0055000),(-0.0589504,-0.0356341,0.0055000),(-0.0589345,-0.0355526,0.0055000),(-0.0589345,-0.0355473,0.0055000),(-0.0589504,-0.0356341,0.0055000),(-0.0589345,-0.0355473,0.0055000),(-0.0589312,-0.0354604,0.0055000),(-0.0588656,-0.0345435,0.0055000),(-0.0589504,-0.0356341,0.0055000),(-0.0589312,-0.0354604,0.0055000),(-0.0588656,-0.0345435,0.0055000),(-0.0589312,-0.0354604,0.0055000),(-0.0589213,-0.0353780,0.0055000),(-0.0588656,-0.0345435,0.0055000),(-0.0589213,-0.0353780,0.0055000),(-0.0589046,-0.0353001,0.0055000),(-0.0588656,-0.0345435,0.0055000),(-0.0589046,-0.0353001,0.0055000),(-0.0588814,-0.0352266,0.0055000),(-0.0588656,-0.0345435,0.0055000),(-0.0588814,-0.0352266,0.0055000),(-0.0588149,-0.0350933,0.0055000),(-0.0588656,-0.0345435,0.0055000),(-0.0588149,-0.0350933,0.0055000),(-0.0587218,-0.0349779,0.0055000),(-0.0588656,-0.0345435,0.0055000),(-0.0587218,-0.0349779,0.0055000),(-0.0586309,-0.0348992,0.0055000),(-0.0588656,-0.0345435,0.0055000),(-0.0586309,-0.0348992,0.0055000),(-0.0585340,-0.0348430,0.0055000),(-0.0588656,-0.0345435,0.0055000),(-0.0585340,-0.0348430,0.0055000),(-0.0584309,-0.0348093,0.0055000),(-0.0588656,-0.0345435,0.0055000),(-0.0584309,-0.0348093,0.0055000),(-0.0583218,-0.0347980,0.0055000),(-0.0588656,-0.0345435,0.0055000),(-0.0583218,-0.0347980,0.0055000),(-0.0582085,-0.0348089,0.0055000),(-0.0588656,-0.0345435,0.0055000),(-0.0582085,-0.0348089,0.0055000),(-0.0581048,-0.0348414,0.0055000),(-0.0573645,-0.0350824,0.0055000),(-0.0588656,-0.0345435,0.0055000),(-0.0581048,-0.0348414,0.0055000),(-0.0573645,-0.0350824,0.0055000),(-0.0581048,-0.0348414,0.0055000),(-0.0580106,-0.0348956,0.0055000),(-0.0573645,-0.0350824,0.0055000),(-0.0580106,-0.0348956,0.0055000),(-0.0579260,-0.0349716,0.0055000),(-0.0573645,-0.0350824,0.0055000),(-0.0579260,-0.0349716,0.0055000),(-0.0578744,-0.0350327,0.0055000),(-0.0573645,-0.0350824,0.0055000),(-0.0578744,-0.0350327,0.0055000),(-0.0578296,-0.0350972,0.0055000),(-0.0573645,-0.0350824,0.0055000),(-0.0578296,-0.0350972,0.0055000),(-0.0577609,-0.0352359,0.0055000),(-0.0573645,-0.0350824,0.0055000),(-0.0577609,-0.0352359,0.0055000),(-0.0577196,-0.0353877,0.0055000),(-0.0573645,-0.0350824,0.0055000),(-0.0577196,-0.0353877,0.0055000),(-0.0577093,-0.0354685,0.0055000),(-0.0573645,-0.0350824,0.0055000),(-0.0577093,-0.0354685,0.0055000),(-0.0577058,-0.0355526,0.0055000),(-0.0573645,-0.0350824,0.0055000),(-0.0577058,-0.0355526,0.0055000),(-0.0577087,-0.0356393,0.0055000),(-0.0573645,-0.0350824,0.0055000),(-0.0577087,-0.0356393,0.0055000),(-0.0577175,-0.0357227,0.0055000),(-0.0573645,-0.0350824,0.0055000),(-0.0577175,-0.0357227,0.0055000),(-0.0577322,-0.0358028,0.0055000),(-0.0573645,-0.0350824,0.0055000),(-0.0577322,-0.0358028,0.0055000),(-0.0577527,-0.0358796,0.0055000),(-0.0573645,-0.0350824,0.0055000),(-0.0577527,-0.0358796,0.0055000),(-0.0578112,-0.0360233,0.0055000),(-0.0587292,-0.0380037,0.0055000),(-0.0573645,-0.0350824,0.0055000),(-0.0578112,-0.0360233,0.0055000),(-0.0587292,-0.0380037,0.0055000),(-0.0578112,-0.0360233,0.0055000),(-0.0578931,-0.0361537,0.0055000),(-0.0587292,-0.0380037,0.0055000),(-0.0578931,-0.0361537,0.0055000),(-0.0593166,-0.0380873,0.0055000),(-0.0574931,-0.0380037,0.0055000),(-0.0587292,-0.0380037,0.0055000),(-0.0593166,-0.0380873,0.0055000),(-0.0574931,-0.0380037,0.0055000),(-0.0593166,-0.0380873,0.0055000),(-0.0593632,-0.0382122,0.0055000),(-0.0574931,-0.0380037,0.0055000),(-0.0593632,-0.0382122,0.0055000),(-0.0593611,-0.0382471,0.0055000),(-0.0574931,-0.0380037,0.0055000),(-0.0593611,-0.0382471,0.0055000),(-0.0593346,-0.0383257,0.0055000),(-0.0574931,-0.0380037,0.0055000),(-0.0593346,-0.0383257,0.0055000),(-0.0592827,-0.0383815,0.0055000),(-0.0574931,-0.0380037,0.0055000),(-0.0592827,-0.0383815,0.0055000),(-0.0592142,-0.0384164,0.0055000),(-0.0574931,-0.0380037,0.0055000),(-0.0592142,-0.0384164,0.0055000),(-0.0591483,-0.0384281,0.0055000),(-0.0574931,-0.0380037,0.0055000),(-0.0591483,-0.0384281,0.0055000),(-0.0574931,-0.0384281,0.0055000),(-0.0574931,-0.0380037,0.0055000),(-0.0574931,-0.0384281,0.0055000),(-0.0574098,-0.0384130,0.0055000),(-0.0574931,-0.0380037,0.0055000),(-0.0574098,-0.0384130,0.0055000),(-0.0573418,-0.0383678,0.0055000),(-0.0574931,-0.0380037,0.0055000),(-0.0573418,-0.0383678,0.0055000),(-0.0572973,-0.0382998,0.0055000),(-0.0574931,-0.0380037,0.0055000),(-0.0572973,-0.0382998,0.0055000),(-0.0572825,-0.0382164,0.0055000),(-0.0574931,-0.0380037,0.0055000),(-0.0572825,-0.0382164,0.0055000),(-0.0572973,-0.0381323,0.0055000),(-0.0574931,-0.0380037,0.0055000),(-0.0572973,-0.0381323,0.0055000),(-0.0573418,-0.0380640,0.0055000),(-0.0574931,-0.0380037,0.0055000),(-0.0573418,-0.0380640,0.0055000),(-0.0574076,-0.0380188,0.0055000),(-0.0550547,-0.0348022,0.0055000),(-0.0558230,-0.0381709,0.0055000),(-0.0558252,-0.0382196,0.0055000),(-0.0550547,-0.0348022,0.0055000),(-0.0558252,-0.0382196,0.0055000),(-0.0557955,-0.0383286,0.0055000),(-0.0550547,-0.0348022,0.0055000),(-0.0557955,-0.0383286,0.0055000),(-0.0557392,-0.0383908,0.0055000),(-0.0550547,-0.0348022,0.0055000),(-0.0557392,-0.0383908,0.0055000),(-0.0556632,-0.0384249,0.0055000),(-0.0550547,-0.0348022,0.0055000),(-0.0556632,-0.0384249,0.0055000),(-0.0556124,-0.0384281,0.0055000),(-0.0550547,-0.0348022,0.0055000),(-0.0556124,-0.0384281,0.0055000),(-0.0555013,-0.0383974,0.0055000),(-0.0550547,-0.0348022,0.0055000),(-0.0555013,-0.0383974,0.0055000),(-0.0554399,-0.0383400,0.0055000),(-0.0550547,-0.0348022,0.0055000),(-0.0554399,-0.0383400,0.0055000),(-0.0554082,-0.0382609,0.0055000),(-0.0550547,-0.0348022,0.0055000),(-0.0554082,-0.0382609,0.0055000),(-0.0545795,-0.0346350,0.0055000),(-0.0564390,-0.0348022,0.0055000),(-0.0550547,-0.0348022,0.0055000),(-0.0545795,-0.0346350,0.0055000),(-0.0564390,-0.0348022,0.0055000),(-0.0545795,-0.0346350,0.0055000),(-0.0545753,-0.0345842,0.0055000),(-0.0564390,-0.0348022,0.0055000),(-0.0545753,-0.0345842,0.0055000),(-0.0546208,-0.0344551,0.0055000),(-0.0564390,-0.0348022,0.0055000),(-0.0546208,-0.0344551,0.0055000),(-0.0546954,-0.0343956,0.0055000),(-0.0564390,-0.0348022,0.0055000),(-0.0546954,-0.0343956,0.0055000),(-0.0547880,-0.0343757,0.0055000),(-0.0564390,-0.0348022,0.0055000),(-0.0547880,-0.0343757,0.0055000),(-0.0564390,-0.0343757,0.0055000),(-0.0564390,-0.0348022,0.0055000),(-0.0564390,-0.0343757,0.0055000),(-0.0565205,-0.0343916,0.0055000),(-0.0564390,-0.0348022,0.0055000),(-0.0565205,-0.0343916,0.0055000),(-0.0565893,-0.0344392,0.0055000),(-0.0564390,-0.0348022,0.0055000),(-0.0565893,-0.0344392,0.0055000),(-0.0566361,-0.0345078,0.0055000),(-0.0564390,-0.0348022,0.0055000),(-0.0566361,-0.0345078,0.0055000),(-0.0566517,-0.0345885,0.0055000),(-0.0564390,-0.0348022,0.0055000),(-0.0566517,-0.0345885,0.0055000),(-0.0566361,-0.0346694,0.0055000),(-0.0564390,-0.0348022,0.0055000),(-0.0566361,-0.0346694,0.0055000),(-0.0565893,-0.0347387,0.0055000),(-0.0564390,-0.0348022,0.0055000),(-0.0565893,-0.0347387,0.0055000),(-0.0565205,-0.0347864,0.0055000),(-0.0604141,-0.0383977,0.0055000),(-0.0603411,-0.0385043,0.0055000),(-0.0602344,-0.0385773,0.0055000),(-0.0604141,-0.0383977,0.0055000),(-0.0602344,-0.0385773,0.0055000),(-0.0601093,-0.0386017,0.0055000),(-0.0604141,-0.0383977,0.0055000),(-0.0601093,-0.0386017,0.0055000),(-0.0599844,-0.0385773,0.0055000),(-0.0604141,-0.0383977,0.0055000),(-0.0599844,-0.0385773,0.0055000),(-0.0598786,-0.0385043,0.0055000),(-0.0604141,-0.0383977,0.0055000),(-0.0598786,-0.0385043,0.0055000),(-0.0598056,-0.0383977,0.0055000),(-0.0604141,-0.0383977,0.0055000),(-0.0598056,-0.0383977,0.0055000),(-0.0597812,-0.0382725,0.0055000),(-0.0604141,-0.0383977,0.0055000),(-0.0597812,-0.0382725,0.0055000),(-0.0598056,-0.0381474,0.0055000),(-0.0604141,-0.0383977,0.0055000),(-0.0598056,-0.0381474,0.0055000),(-0.0598786,-0.0380407,0.0055000),(-0.0604141,-0.0383977,0.0055000),(-0.0598786,-0.0380407,0.0055000),(-0.0599844,-0.0379677,0.0055000),(-0.0604141,-0.0383977,0.0055000),(-0.0599844,-0.0379677,0.0055000),(-0.0601093,-0.0379434,0.0055000),(-0.0604141,-0.0383977,0.0055000),(-0.0601093,-0.0379434,0.0055000),(-0.0602344,-0.0379677,0.0055000),(-0.0604141,-0.0383977,0.0055000),(-0.0602344,-0.0379677,0.0055000),(-0.0603411,-0.0380407,0.0055000),(-0.0604141,-0.0383977,0.0055000),(-0.0603411,-0.0380407,0.0055000),(-0.0604141,-0.0381474,0.0055000),(-0.0604141,-0.0383977,0.0055000),(-0.0604141,-0.0381474,0.0055000),(-0.0604384,-0.0382725,0.0055000),(-0.0441875,-0.0366453,0.0055000),(-0.0428054,-0.0384350,0.0055000),(-0.0427331,-0.0384969,0.0055000),(-0.0441875,-0.0366453,0.0055000),(-0.0427331,-0.0384969,0.0055000),(-0.0426413,-0.0385175,0.0055000),(-0.0441875,-0.0366453,0.0055000),(-0.0426413,-0.0385175,0.0055000),(-0.0425090,-0.0384720,0.0055000),(-0.0441875,-0.0366453,0.0055000),(-0.0425090,-0.0384720,0.0055000),(-0.0424447,-0.0383985,0.0055000),(-0.0441875,-0.0366453,0.0055000),(-0.0424447,-0.0383985,0.0055000),(-0.0424233,-0.0383027,0.0055000),(-0.0441875,-0.0366453,0.0055000),(-0.0424233,-0.0383027,0.0055000),(-0.0424678,-0.0381704,0.0055000),(-0.0441875,-0.0366453,0.0055000),(-0.0424678,-0.0381704,0.0055000),(-0.0436436,-0.0366453,0.0055000),(-0.0436436,-0.0366453,0.0055000),(-0.0435578,-0.0366453,0.0055000),(-0.0434386,-0.0366402,0.0055000),(-0.0441875,-0.0366453,0.0055000),(-0.0436436,-0.0366453,0.0055000),(-0.0434386,-0.0366402,0.0055000),(-0.0450511,-0.0366453,0.0055000),(-0.0441875,-0.0366453,0.0055000),(-0.0434386,-0.0366402,0.0055000),(-0.0450511,-0.0366453,0.0055000),(-0.0434386,-0.0366402,0.0055000),(-0.0433248,-0.0366249,0.0055000),(-0.0450511,-0.0366453,0.0055000),(-0.0433248,-0.0366249,0.0055000),(-0.0432165,-0.0365993,0.0055000),(-0.0450511,-0.0366453,0.0055000),(-0.0432165,-0.0365993,0.0055000),(-0.0431136,-0.0365636,0.0055000),(-0.0450511,-0.0366453,0.0055000),(-0.0431136,-0.0365636,0.0055000),(-0.0430162,-0.0365176,0.0055000),(-0.0450511,-0.0366453,0.0055000),(-0.0430162,-0.0365176,0.0055000),(-0.0429242,-0.0364614,0.0055000),(-0.0450511,-0.0366453,0.0055000),(-0.0429242,-0.0364614,0.0055000),(-0.0428377,-0.0363949,0.0055000),(-0.0450511,-0.0366453,0.0055000),(-0.0428377,-0.0363949,0.0055000),(-0.0427567,-0.0363183,0.0055000),(-0.0450511,-0.0366453,0.0055000),(-0.0427567,-0.0363183,0.0055000),(-0.0426803,-0.0362286,0.0055000),(-0.0450511,-0.0366453,0.0055000),(-0.0426803,-0.0362286,0.0055000),(-0.0426141,-0.0361361,0.0055000),(-0.0450511,-0.0366453,0.0055000),(-0.0426141,-0.0361361,0.0055000),(-0.0425580,-0.0360410,0.0055000),(-0.0425580,-0.0360410,0.0055000),(-0.0425122,-0.0359431,0.0055000),(-0.0429078,-0.0357939,0.0055000),(-0.0425580,-0.0360410,0.0055000),(-0.0429078,-0.0357939,0.0055000),(-0.0429723,-0.0359115,0.0055000),(-0.0425580,-0.0360410,0.0055000),(-0.0429723,-0.0359115,0.0055000),(-0.0430625,-0.0360177,0.0055000),(-0.0425580,-0.0360410,0.0055000),(-0.0430625,-0.0360177,0.0055000),(-0.0431725,-0.0361057,0.0055000),(-0.0425580,-0.0360410,0.0055000),(-0.0431725,-0.0361057,0.0055000),(-0.0432917,-0.0361685,0.0055000),(-0.0425580,-0.0360410,0.0055000),(-0.0432917,-0.0361685,0.0055000),(-0.0434201,-0.0362063,0.0055000),(-0.0450511,-0.0366453,0.0055000),(-0.0425580,-0.0360410,0.0055000),(-0.0434201,-0.0362063,0.0055000),(-0.0450511,-0.0366453,0.0055000),(-0.0434201,-0.0362063,0.0055000),(-0.0435578,-0.0362188,0.0055000),(-0.0450511,-0.0366453,0.0055000),(-0.0435578,-0.0362188,0.0055000),(-0.0450511,-0.0362188,0.0055000),(-0.0428691,-0.0356649,0.0055000),(-0.0429078,-0.0357939,0.0055000),(-0.0425122,-0.0359431,0.0055000),(-0.0428562,-0.0355246,0.0055000),(-0.0428691,-0.0356649,0.0055000),(-0.0425122,-0.0359431,0.0055000),(-0.0428691,-0.0353855,0.0055000),(-0.0428562,-0.0355246,0.0055000),(-0.0425122,-0.0359431,0.0055000),(-0.0429078,-0.0352573,0.0055000),(-0.0428691,-0.0353855,0.0055000),(-0.0425122,-0.0359431,0.0055000),(-0.0429723,-0.0351400,0.0055000),(-0.0429078,-0.0352573,0.0055000),(-0.0425122,-0.0359431,0.0055000),(-0.0429723,-0.0351400,0.0055000),(-0.0425122,-0.0359431,0.0055000),(-0.0424766,-0.0358425,0.0055000),(-0.0429723,-0.0351400,0.0055000),(-0.0424766,-0.0358425,0.0055000),(-0.0424511,-0.0357393,0.0055000),(-0.0430625,-0.0350335,0.0055000),(-0.0429723,-0.0351400,0.0055000),(-0.0424511,-0.0357393,0.0055000),(-0.0430625,-0.0350335,0.0055000),(-0.0424511,-0.0357393,0.0055000),(-0.0424358,-0.0356333,0.0055000),(-0.0430625,-0.0350335,0.0055000),(-0.0424358,-0.0356333,0.0055000),(-0.0424307,-0.0355246,0.0055000),(-0.0431697,-0.0349455,0.0055000),(-0.0430625,-0.0350335,0.0055000),(-0.0424307,-0.0355246,0.0055000),(-0.0431697,-0.0349455,0.0055000),(-0.0424307,-0.0355246,0.0055000),(-0.0424358,-0.0354119,0.0055000),(-0.0431697,-0.0349455,0.0055000),(-0.0424358,-0.0354119,0.0055000),(-0.0424511,-0.0353032,0.0055000),(-0.0432869,-0.0348827,0.0055000),(-0.0431697,-0.0349455,0.0055000),(-0.0424511,-0.0353032,0.0055000),(-0.0432869,-0.0348827,0.0055000),(-0.0424511,-0.0353032,0.0055000),(-0.0424766,-0.0351984,0.0055000),(-0.0432869,-0.0348827,0.0055000),(-0.0424766,-0.0351984,0.0055000),(-0.0425122,-0.0350975,0.0055000),(-0.0434142,-0.0348450,0.0055000),(-0.0432869,-0.0348827,0.0055000),(-0.0425122,-0.0350975,0.0055000),(-0.0434142,-0.0348450,0.0055000),(-0.0425122,-0.0350975,0.0055000),(-0.0425580,-0.0350005,0.0055000),(-0.0434142,-0.0348450,0.0055000),(-0.0425580,-0.0350005,0.0055000),(-0.0426141,-0.0349074,0.0055000),(-0.0435515,-0.0348324,0.0055000),(-0.0434142,-0.0348450,0.0055000),(-0.0426141,-0.0349074,0.0055000),(-0.0435515,-0.0348324,0.0055000),(-0.0426141,-0.0349074,0.0055000),(-0.0426803,-0.0348182,0.0055000),(-0.0450511,-0.0348324,0.0055000),(-0.0435515,-0.0348324,0.0055000),(-0.0426803,-0.0348182,0.0055000),(-0.0450511,-0.0348324,0.0055000),(-0.0426803,-0.0348182,0.0055000),(-0.0427567,-0.0347329,0.0055000),(-0.0450511,-0.0348324,0.0055000),(-0.0427567,-0.0347329,0.0055000),(-0.0428437,-0.0346548,0.0055000),(-0.0450511,-0.0348324,0.0055000),(-0.0428437,-0.0346548,0.0055000),(-0.0429345,-0.0345871,0.0055000),(-0.0450511,-0.0348324,0.0055000),(-0.0429345,-0.0345871,0.0055000),(-0.0430291,-0.0345298,0.0055000),(-0.0450511,-0.0348324,0.0055000),(-0.0430291,-0.0345298,0.0055000),(-0.0431274,-0.0344829,0.0055000),(-0.0450511,-0.0348324,0.0055000),(-0.0431274,-0.0344829,0.0055000),(-0.0432294,-0.0344464,0.0055000),(-0.0450511,-0.0348324,0.0055000),(-0.0432294,-0.0344464,0.0055000),(-0.0433351,-0.0344204,0.0055000),(-0.0450511,-0.0348324,0.0055000),(-0.0433351,-0.0344204,0.0055000),(-0.0434446,-0.0344048,0.0055000),(-0.0450511,-0.0348324,0.0055000),(-0.0434446,-0.0344048,0.0055000),(-0.0435578,-0.0343995,0.0055000),(-0.0450511,-0.0348324,0.0055000),(-0.0435578,-0.0343995,0.0055000),(-0.0452639,-0.0343995,0.0055000),(-0.0450511,-0.0362188,0.0055000),(-0.0450511,-0.0348324,0.0055000),(-0.0452639,-0.0343995,0.0055000),(-0.0450511,-0.0366453,0.0055000),(-0.0450511,-0.0362188,0.0055000),(-0.0452639,-0.0343995,0.0055000),(-0.0450511,-0.0366453,0.0055000),(-0.0452639,-0.0343995,0.0055000),(-0.0453499,-0.0344162,0.0055000),(-0.0450511,-0.0366453,0.0055000),(-0.0453499,-0.0344162,0.0055000),(-0.0454216,-0.0344662,0.0055000),(-0.0450511,-0.0366453,0.0055000),(-0.0454216,-0.0344662,0.0055000),(-0.0454636,-0.0345406,0.0055000),(-0.0450511,-0.0366453,0.0055000),(-0.0454636,-0.0345406,0.0055000),(-0.0454777,-0.0346197,0.0055000),(-0.0450511,-0.0366453,0.0055000),(-0.0454777,-0.0346197,0.0055000),(-0.0454777,-0.0382466,0.0055000),(-0.0450511,-0.0366453,0.0055000),(-0.0454777,-0.0382466,0.0055000),(-0.0454548,-0.0383299,0.0055000),(-0.0450511,-0.0366453,0.0055000),(-0.0454548,-0.0383299,0.0055000),(-0.0454115,-0.0383895,0.0055000),(-0.0450511,-0.0366453,0.0055000),(-0.0454115,-0.0383895,0.0055000),(-0.0452639,-0.0384371,0.0055000),(-0.0450511,-0.0366453,0.0055000),(-0.0452639,-0.0384371,0.0055000),(-0.0451899,-0.0384252,0.0055000),(-0.0450511,-0.0366453,0.0055000),(-0.0451899,-0.0384252,0.0055000),(-0.0451297,-0.0383895,0.0055000),(-0.0450511,-0.0366453,0.0055000),(-0.0451297,-0.0383895,0.0055000),(-0.0450511,-0.0382466,0.0055000),(-0.0464397,-0.0366400,0.0055000),(-0.0464418,-0.0382466,0.0055000),(-0.0464257,-0.0383286,0.0055000),(-0.0464397,-0.0366400,0.0055000),(-0.0464257,-0.0383286,0.0055000),(-0.0463772,-0.0383969,0.0055000),(-0.0464397,-0.0366400,0.0055000),(-0.0463772,-0.0383969,0.0055000),(-0.0463084,-0.0384429,0.0055000),(-0.0464397,-0.0366400,0.0055000),(-0.0463084,-0.0384429,0.0055000),(-0.0462312,-0.0384583,0.0055000),(-0.0464397,-0.0366400,0.0055000),(-0.0462312,-0.0384583,0.0055000),(-0.0461484,-0.0384429,0.0055000),(-0.0464397,-0.0366400,0.0055000),(-0.0461484,-0.0384429,0.0055000),(-0.0460798,-0.0383969,0.0055000),(-0.0464397,-0.0366400,0.0055000),(-0.0460798,-0.0383969,0.0055000),(-0.0460338,-0.0383286,0.0055000),(-0.0464397,-0.0366400,0.0055000),(-0.0460338,-0.0383286,0.0055000),(-0.0460185,-0.0382466,0.0055000),(-0.0464397,-0.0366400,0.0055000),(-0.0460185,-0.0382466,0.0055000),(-0.0460185,-0.0346197,0.0055000),(-0.0464397,-0.0366400,0.0055000),(-0.0460185,-0.0346197,0.0055000),(-0.0460338,-0.0345382,0.0055000),(-0.0464397,-0.0366400,0.0055000),(-0.0460338,-0.0345382,0.0055000),(-0.0460798,-0.0344694,0.0055000),(-0.0464397,-0.0366400,0.0055000),(-0.0460798,-0.0344694,0.0055000),(-0.0461473,-0.0344218,0.0055000),(-0.0464397,-0.0366400,0.0055000),(-0.0461473,-0.0344218,0.0055000),(-0.0462270,-0.0344059,0.0055000),(-0.0464397,-0.0366400,0.0055000),(-0.0462270,-0.0344059,0.0055000),(-0.0463090,-0.0344223,0.0055000),(-0.0464397,-0.0366400,0.0055000),(-0.0463090,-0.0344223,0.0055000),(-0.0463794,-0.0344715,0.0055000),(-0.0464397,-0.0366400,0.0055000),(-0.0463794,-0.0344715,0.0055000),(-0.0464262,-0.0345361,0.0055000),(-0.0464397,-0.0366400,0.0055000),(-0.0464262,-0.0345361,0.0055000),(-0.0464418,-0.0346197,0.0055000),(-0.0464397,-0.0366400,0.0055000),(-0.0464418,-0.0346197,0.0055000),(-0.0464418,-0.0362188,0.0055000),(-0.0486410,-0.0366400,0.0055000),(-0.0464397,-0.0366400,0.0055000),(-0.0464418,-0.0362188,0.0055000),(-0.0486410,-0.0366400,0.0055000),(-0.0464418,-0.0362188,0.0055000),(-0.0486347,-0.0362188,0.0055000),(-0.0486410,-0.0366400,0.0055000),(-0.0486347,-0.0362188,0.0055000),(-0.0486347,-0.0346197,0.0055000),(-0.0486410,-0.0366400,0.0055000),(-0.0486347,-0.0346197,0.0055000),(-0.0486511,-0.0345382,0.0055000),(-0.0486410,-0.0366400,0.0055000),(-0.0486511,-0.0345382,0.0055000),(-0.0487003,-0.0344694,0.0055000),(-0.0486410,-0.0366400,0.0055000),(-0.0487003,-0.0344694,0.0055000),(-0.0487699,-0.0344218,0.0055000),(-0.0486410,-0.0366400,0.0055000),(-0.0487699,-0.0344218,0.0055000),(-0.0488474,-0.0344059,0.0055000),(-0.0486410,-0.0366400,0.0055000),(-0.0488474,-0.0344059,0.0055000),(-0.0489297,-0.0344218,0.0055000),(-0.0486410,-0.0366400,0.0055000),(-0.0489297,-0.0344218,0.0055000),(-0.0490008,-0.0344694,0.0055000),(-0.0486410,-0.0366400,0.0055000),(-0.0490008,-0.0344694,0.0055000),(-0.0490493,-0.0345382,0.0055000),(-0.0486410,-0.0366400,0.0055000),(-0.0490493,-0.0345382,0.0055000),(-0.0490654,-0.0346197,0.0055000),(-0.0486410,-0.0366400,0.0055000),(-0.0490654,-0.0346197,0.0055000),(-0.0490654,-0.0382466,0.0055000),(-0.0486410,-0.0366400,0.0055000),(-0.0490654,-0.0382466,0.0055000),(-0.0490498,-0.0383286,0.0055000),(-0.0486410,-0.0366400,0.0055000),(-0.0490498,-0.0383286,0.0055000),(-0.0490030,-0.0383969,0.0055000),(-0.0486410,-0.0366400,0.0055000),(-0.0490030,-0.0383969,0.0055000),(-0.0489334,-0.0384429,0.0055000),(-0.0486410,-0.0366400,0.0055000),(-0.0489334,-0.0384429,0.0055000),(-0.0488516,-0.0384583,0.0055000),(-0.0486410,-0.0366400,0.0055000),(-0.0488516,-0.0384583,0.0055000),(-0.0487738,-0.0384432,0.0055000),(-0.0486410,-0.0366400,0.0055000),(-0.0487738,-0.0384432,0.0055000),(-0.0487013,-0.0383979,0.0055000),(-0.0486410,-0.0366400,0.0055000),(-0.0487013,-0.0383979,0.0055000),(-0.0486561,-0.0383331,0.0055000),(-0.0486410,-0.0366400,0.0055000),(-0.0486561,-0.0383331,0.0055000),(-0.0486410,-0.0382466,0.0055000),(-0.0414592,-0.0369279,0.0055000),(-0.0414592,-0.0346197,0.0055000),(-0.0414745,-0.0345382,0.0055000),(-0.0414592,-0.0369279,0.0055000),(-0.0414745,-0.0345382,0.0055000),(-0.0415205,-0.0344694,0.0055000),(-0.0414592,-0.0369279,0.0055000),(-0.0415205,-0.0344694,0.0055000),(-0.0415880,-0.0344218,0.0055000),(-0.0414542,-0.0370404,0.0055000),(-0.0414592,-0.0369279,0.0055000),(-0.0415880,-0.0344218,0.0055000),(-0.0414542,-0.0370404,0.0055000),(-0.0415880,-0.0344218,0.0055000),(-0.0416677,-0.0344059,0.0055000),(-0.0414542,-0.0370404,0.0055000),(-0.0416677,-0.0344059,0.0055000),(-0.0417510,-0.0344223,0.0055000),(-0.0414542,-0.0370404,0.0055000),(-0.0417510,-0.0344223,0.0055000),(-0.0418253,-0.0344715,0.0055000),(-0.0414542,-0.0370404,0.0055000),(-0.0418253,-0.0344715,0.0055000),(-0.0418706,-0.0345361,0.0055000),(-0.0414542,-0.0370404,0.0055000),(-0.0418706,-0.0345361,0.0055000),(-0.0418857,-0.0346197,0.0055000),(-0.0414542,-0.0370404,0.0055000),(-0.0418857,-0.0346197,0.0055000),(-0.0418857,-0.0369279,0.0055000),(-0.0414542,-0.0370404,0.0055000),(-0.0418857,-0.0369279,0.0055000),(-0.0418787,-0.0370830,0.0055000),(-0.0414542,-0.0370404,0.0055000),(-0.0418787,-0.0370830,0.0055000),(-0.0418579,-0.0372324,0.0055000),(-0.0414542,-0.0370404,0.0055000),(-0.0418579,-0.0372324,0.0055000),(-0.0418232,-0.0373760,0.0055000),(-0.0414542,-0.0370404,0.0055000),(-0.0418232,-0.0373760,0.0055000),(-0.0417745,-0.0375140,0.0055000),(-0.0414542,-0.0370404,0.0055000),(-0.0417745,-0.0375140,0.0055000),(-0.0417120,-0.0376462,0.0055000),(-0.0414542,-0.0370404,0.0055000),(-0.0417120,-0.0376462,0.0055000),(-0.0416356,-0.0377727,0.0055000),(-0.0414542,-0.0370404,0.0055000),(-0.0416356,-0.0377727,0.0055000),(-0.0415454,-0.0378934,0.0055000),(-0.0414542,-0.0370404,0.0055000),(-0.0415454,-0.0378934,0.0055000),(-0.0414412,-0.0380085,0.0055000),(-0.0414542,-0.0370404,0.0055000),(-0.0414412,-0.0380085,0.0055000),(-0.0413286,-0.0381139,0.0055000),(-0.0413286,-0.0381139,0.0055000),(-0.0412099,-0.0382052,0.0055000),(-0.0410852,-0.0382826,0.0055000),(-0.0413286,-0.0381139,0.0055000),(-0.0410852,-0.0382826,0.0055000),(-0.0409543,-0.0383458,0.0055000),(-0.0413286,-0.0381139,0.0055000),(-0.0409543,-0.0383458,0.0055000),(-0.0408174,-0.0383950,0.0055000),(-0.0413286,-0.0381139,0.0055000),(-0.0408174,-0.0383950,0.0055000),(-0.0406744,-0.0384301,0.0055000),(-0.0413286,-0.0381139,0.0055000),(-0.0406744,-0.0384301,0.0055000),(-0.0405253,-0.0384512,0.0055000),(-0.0413286,-0.0381139,0.0055000),(-0.0405253,-0.0384512,0.0055000),(-0.0403701,-0.0384583,0.0055000),(-0.0413286,-0.0381139,0.0055000),(-0.0403701,-0.0384583,0.0055000),(-0.0402147,-0.0384512,0.0055000),(-0.0413286,-0.0381139,0.0055000),(-0.0402147,-0.0384512,0.0055000),(-0.0400650,-0.0384301,0.0055000),(-0.0413286,-0.0381139,0.0055000),(-0.0400650,-0.0384301,0.0055000),(-0.0399209,-0.0383950,0.0055000),(-0.0413286,-0.0381139,0.0055000),(-0.0399209,-0.0383950,0.0055000),(-0.0397825,-0.0383458,0.0055000),(-0.0413286,-0.0381139,0.0055000),(-0.0397825,-0.0383458,0.0055000),(-0.0396497,-0.0382826,0.0055000),(-0.0413286,-0.0381139,0.0055000),(-0.0396497,-0.0382826,0.0055000),(-0.0395226,-0.0382052,0.0055000),(-0.0413286,-0.0381139,0.0055000),(-0.0395226,-0.0382052,0.0055000),(-0.0394012,-0.0381139,0.0055000),(-0.0413286,-0.0381139,0.0055000),(-0.0394012,-0.0381139,0.0055000),(-0.0392853,-0.0380085,0.0055000),(-0.0392853,-0.0380085,0.0055000),(-0.0391807,-0.0378948,0.0055000),(-0.0390900,-0.0377748,0.0055000),(-0.0392853,-0.0380085,0.0055000),(-0.0390900,-0.0377748,0.0055000),(-0.0390132,-0.0376487,0.0055000),(-0.0392853,-0.0380085,0.0055000),(-0.0390132,-0.0376487,0.0055000),(-0.0389504,-0.0375163,0.0055000),(-0.0392853,-0.0380085,0.0055000),(-0.0389504,-0.0375163,0.0055000),(-0.0389015,-0.0373778,0.0055000),(-0.0392853,-0.0380085,0.0055000),(-0.0389015,-0.0373778,0.0055000),(-0.0388666,-0.0372330,0.0055000),(-0.0392853,-0.0380085,0.0055000),(-0.0388666,-0.0372330,0.0055000),(-0.0388457,-0.0370820,0.0055000),(-0.0392853,-0.0380085,0.0055000),(-0.0388457,-0.0370820,0.0055000),(-0.0388387,-0.0369247,0.0055000),(-0.0392853,-0.0380085,0.0055000),(-0.0388387,-0.0369247,0.0055000),(-0.0388387,-0.0346197,0.0055000),(-0.0392853,-0.0380085,0.0055000),(-0.0388387,-0.0346197,0.0055000),(-0.0388541,-0.0345382,0.0055000),(-0.0392853,-0.0380085,0.0055000),(-0.0388541,-0.0345382,0.0055000),(-0.0389001,-0.0344694,0.0055000),(-0.0392853,-0.0380085,0.0055000),(-0.0389001,-0.0344694,0.0055000),(-0.0389684,-0.0344218,0.0055000),(-0.0392853,-0.0380085,0.0055000),(-0.0389684,-0.0344218,0.0055000),(-0.0390504,-0.0344059,0.0055000),(-0.0392853,-0.0380085,0.0055000),(-0.0390504,-0.0344059,0.0055000),(-0.0391324,-0.0344218,0.0055000),(-0.0392853,-0.0380085,0.0055000),(-0.0391324,-0.0344218,0.0055000),(-0.0392007,-0.0344694,0.0055000),(-0.0392007,-0.0344694,0.0055000),(-0.0392467,-0.0345382,0.0055000),(-0.0392621,-0.0346197,0.0055000),(-0.0392007,-0.0344694,0.0055000),(-0.0392621,-0.0346197,0.0055000),(-0.0392621,-0.0369247,0.0055000),(-0.0392853,-0.0380085,0.0055000),(-0.0392007,-0.0344694,0.0055000),(-0.0392621,-0.0369247,0.0055000),(-0.0392853,-0.0380085,0.0055000),(-0.0392621,-0.0369247,0.0055000),(-0.0392672,-0.0370367,0.0055000),(-0.0392853,-0.0380085,0.0055000),(-0.0392672,-0.0370367,0.0055000),(-0.0392825,-0.0371447,0.0055000),(-0.0392853,-0.0380085,0.0055000),(-0.0392825,-0.0371447,0.0055000),(-0.0393081,-0.0372487,0.0055000),(-0.0392853,-0.0380085,0.0055000),(-0.0393081,-0.0372487,0.0055000),(-0.0393438,-0.0373486,0.0055000),(-0.0392853,-0.0380085,0.0055000),(-0.0393438,-0.0373486,0.0055000),(-0.0393898,-0.0374445,0.0055000),(-0.0392853,-0.0380085,0.0055000),(-0.0393898,-0.0374445,0.0055000),(-0.0394460,-0.0375363,0.0055000),(-0.0392853,-0.0380085,0.0055000),(-0.0394460,-0.0375363,0.0055000),(-0.0395124,-0.0376241,0.0055000),(-0.0392853,-0.0380085,0.0055000),(-0.0395124,-0.0376241,0.0055000),(-0.0395891,-0.0377079,0.0055000),(-0.0392853,-0.0380085,0.0055000),(-0.0395891,-0.0377079,0.0055000),(-0.0396710,-0.0377843,0.0055000),(-0.0392853,-0.0380085,0.0055000),(-0.0396710,-0.0377843,0.0055000),(-0.0397573,-0.0378505,0.0055000),(-0.0392853,-0.0380085,0.0055000),(-0.0397573,-0.0378505,0.0055000),(-0.0398481,-0.0379065,0.0055000),(-0.0392853,-0.0380085,0.0055000),(-0.0398481,-0.0379065,0.0055000),(-0.0399434,-0.0379524,0.0055000),(-0.0392853,-0.0380085,0.0055000),(-0.0399434,-0.0379524,0.0055000),(-0.0400431,-0.0379880,0.0055000),(-0.0392853,-0.0380085,0.0055000),(-0.0400431,-0.0379880,0.0055000),(-0.0401473,-0.0380135,0.0055000),(-0.0392853,-0.0380085,0.0055000),(-0.0401473,-0.0380135,0.0055000),(-0.0402560,-0.0380288,0.0055000),(-0.0413286,-0.0381139,0.0055000),(-0.0392853,-0.0380085,0.0055000),(-0.0402560,-0.0380288,0.0055000),(-0.0413286,-0.0381139,0.0055000),(-0.0402560,-0.0380288,0.0055000),(-0.0403691,-0.0380339,0.0055000),(-0.0413286,-0.0381139,0.0055000),(-0.0403691,-0.0380339,0.0055000),(-0.0404802,-0.0380288,0.0055000),(-0.0413286,-0.0381139,0.0055000),(-0.0404802,-0.0380288,0.0055000),(-0.0405872,-0.0380136,0.0055000),(-0.0413286,-0.0381139,0.0055000),(-0.0405872,-0.0380136,0.0055000),(-0.0406899,-0.0379883,0.0055000),(-0.0413286,-0.0381139,0.0055000),(-0.0406899,-0.0379883,0.0055000),(-0.0407884,-0.0379529,0.0055000),(-0.0413286,-0.0381139,0.0055000),(-0.0407884,-0.0379529,0.0055000),(-0.0408828,-0.0379074,0.0055000),(-0.0413286,-0.0381139,0.0055000),(-0.0408828,-0.0379074,0.0055000),(-0.0409729,-0.0378517,0.0055000),(-0.0413286,-0.0381139,0.0055000),(-0.0409729,-0.0378517,0.0055000),(-0.0410589,-0.0377859,0.0055000),(-0.0413286,-0.0381139,0.0055000),(-0.0410589,-0.0377859,0.0055000),(-0.0411406,-0.0377100,0.0055000),(-0.0413286,-0.0381139,0.0055000),(-0.0411406,-0.0377100,0.0055000),(-0.0412153,-0.0376269,0.0055000),(-0.0413286,-0.0381139,0.0055000),(-0.0412153,-0.0376269,0.0055000),(-0.0412800,-0.0375397,0.0055000),(-0.0413286,-0.0381139,0.0055000),(-0.0412800,-0.0375397,0.0055000),(-0.0413347,-0.0374482,0.0055000),(-0.0413286,-0.0381139,0.0055000),(-0.0413347,-0.0374482,0.0055000),(-0.0413795,-0.0373526,0.0055000),(-0.0413286,-0.0381139,0.0055000),(-0.0413795,-0.0373526,0.0055000),(-0.0414144,-0.0372527,0.0055000),(-0.0413286,-0.0381139,0.0055000),(-0.0414144,-0.0372527,0.0055000),(-0.0414393,-0.0371486,0.0055000),(-0.0414542,-0.0370404,0.0055000),(-0.0413286,-0.0381139,0.0055000),(-0.0414393,-0.0371486,0.0055000),(-0.0496615,-0.0347792,0.0055000),(-0.0496083,-0.0346197,0.0055000),(-0.0496234,-0.0345398,0.0055000),(-0.0496615,-0.0347792,0.0055000),(-0.0496234,-0.0345398,0.0055000),(-0.0496687,-0.0344715,0.0055000),(-0.0496615,-0.0347792,0.0055000),(-0.0496687,-0.0344715,0.0055000),(-0.0497369,-0.0344223,0.0055000),(-0.0496615,-0.0347792,0.0055000),(-0.0497369,-0.0344223,0.0055000),(-0.0498211,-0.0344059,0.0055000),(-0.0496615,-0.0347792,0.0055000),(-0.0498211,-0.0344059,0.0055000),(-0.0524415,-0.0344059,0.0055000),(-0.0496615,-0.0347792,0.0055000),(-0.0524415,-0.0344059,0.0055000),(-0.0525346,-0.0344263,0.0055000),(-0.0496615,-0.0347792,0.0055000),(-0.0525346,-0.0344263,0.0055000),(-0.0526087,-0.0344874,0.0055000),(-0.0496615,-0.0347792,0.0055000),(-0.0526087,-0.0344874,0.0055000),(-0.0526553,-0.0346197,0.0055000),(-0.0496615,-0.0347792,0.0055000),(-0.0526553,-0.0346197,0.0055000),(-0.0526553,-0.0346356,0.0055000),(-0.0496615,-0.0347792,0.0055000),(-0.0526553,-0.0346356,0.0055000),(-0.0525949,-0.0347647,0.0055000),(-0.0496615,-0.0347792,0.0055000),(-0.0525949,-0.0347647,0.0055000),(-0.0525238,-0.0348155,0.0055000),(-0.0496615,-0.0347792,0.0055000),(-0.0525238,-0.0348155,0.0055000),(-0.0524415,-0.0348324,0.0055000),(-0.0496615,-0.0347792,0.0055000),(-0.0524415,-0.0348324,0.0055000),(-0.0513419,-0.0348324,0.0055000),(-0.0513419,-0.0348324,0.0055000),(-0.0513419,-0.0382466,0.0055000),(-0.0513265,-0.0383286,0.0055000),(-0.0513419,-0.0348324,0.0055000),(-0.0513265,-0.0383286,0.0055000),(-0.0512805,-0.0383969,0.0055000),(-0.0513419,-0.0348324,0.0055000),(-0.0512805,-0.0383969,0.0055000),(-0.0512122,-0.0384429,0.0055000),(-0.0513419,-0.0348324,0.0055000),(-0.0512122,-0.0384429,0.0055000),(-0.0511302,-0.0384583,0.0055000),(-0.0513419,-0.0348324,0.0055000),(-0.0511302,-0.0384583,0.0055000),(-0.0510482,-0.0384429,0.0055000),(-0.0513419,-0.0348324,0.0055000),(-0.0510482,-0.0384429,0.0055000),(-0.0509799,-0.0383969,0.0055000),(-0.0513419,-0.0348324,0.0055000),(-0.0509799,-0.0383969,0.0055000),(-0.0509339,-0.0383286,0.0055000),(-0.0513419,-0.0348324,0.0055000),(-0.0509339,-0.0383286,0.0055000),(-0.0509185,-0.0382466,0.0055000),(-0.0513419,-0.0348324,0.0055000),(-0.0509185,-0.0382466,0.0055000),(-0.0509185,-0.0348324,0.0055000),(-0.0496615,-0.0347792,0.0055000),(-0.0513419,-0.0348324,0.0055000),(-0.0509185,-0.0348324,0.0055000),(-0.0496615,-0.0347792,0.0055000),(-0.0509185,-0.0348324,0.0055000),(-0.0498211,-0.0348324,0.0055000),(-0.0496615,-0.0347792,0.0055000),(-0.0498211,-0.0348324,0.0055000),(-0.0497280,-0.0348191,0.0055000)));
#6055=COMPLEX_TRIANGULATED_SURFACE_SET('surface set',#6054,1989,(),(),(),((1,2,3),(4,5,6),(7,8,9),(10,11,12),(13,14,15),(16,17,18),(19,20,21),(22,23,24),(25,26,27),(28,29,30),(31,32,33),(34,35,36),(37,38,39),(40,41,42),(43,44,45),(46,47,48),(49,50,51),(52,53,54),(55,56,57),(58,59,60),(61,62,63),(64,65,66),(67,68,69),(70,71,72),(73,74,75),(76,77,78),(79,80,81),(82,83,84),(85,86,87),(88,89,90),(91,92,93),(94,95,96),(97,98,99),(100,101,102),(103,104,105),(106,107,108),(109,110,111),(112,113,114),(115,116,117),(118,119,120),(121,122,123),(124,125,126),(127,128,129),(130,131,132),(133,134,135),(136,137,138),(139,140,141),(142,143,144),(145,146,147),(148,149,150),(151,152,153),(154,155,156),(157,158,159),(160,161,162),(163,164,165),(166,167,168),(169,170,171),(172,173,174),(175,176,177),(178,179,180),(181,182,183),(184,185,186),(187,188,189),(190,191,192),(193,194,195),(196,197,198),(199,200,201),(202,203,204),(205,206,207),(208,209,210),(211,212,213),(214,215,216),(217,218,219),(220,221,222),(223,224,225),(226,227,228),(229,230,231),(232,233,234),(235,236,237),(238,239,240),(241,242,243),(244,245,246),(247,248,249),(250,251,252),(253,254,255),(256,257,258),(259,260,261),(262,263,264),(265,266,267),(268,269,270),(271,272,273),(274,275,276),(277,278,279),(280,281,282),(283,284,285),(286,287,288),(289,290,291),(292,293,294),(295,296,297),(298,299,300),(301,302,303),(304,305,306),(307,308,309),(310,311,312),(313,314,315),(316,317,318),(319,320,321),(322,323,324),(325,326,327),(328,329,330),(331,332,333),(334,335,336),(337,338,339),(340,341,342),(343,344,345),(346,347,348),(349,350,351),(352,353,354),(355,356,357),(358,359,360),(361,362,363),(364,365,366),(367,368,369),(370,371,372),(373,374,375),(376,377,378),(379,380,381),(382,383,384),(385,386,387),(388,389,390),(391,392,393),(394,395,396),(397,398,399),(400,401,402),(403,404,405),(406,407,408),(409,410,411),(412,413,414),(415,416,417),(418,419,420),(421,422,423),(424,425,426),(427,428,429),(430,431,432),(433,434,435),(436,437,438),(439,440,441),(442,443,444),(445,446,447),(448,449,450),(451,452,453),(454,455,456),(457,458,459),(460,461,462),(463,464,465),(466,467,468),(469,470,471),(472,473,474),(475,476,477),(478,479,480),(481,482,483),(484,485,486),(487,488,489),(490,491,492),(493,494,495),(496,497,498),(499,500,501),(502,503,504),(505,506,507),(508,509,510),(511,512,513),(514,515,516),(517,518,519),(520,521,522),(523,524,525),(526,527,528),(529,530,531),(532,533,534),(535,536,537),(538,539,540),(541,542,543),(544,545,546),(547,548,549),(550,551,552),(553,554,555),(556,557,558),(559,560,561),(562,563,564),(565,566,567),(568,569,570),(571,572,573),(574,575,576),(577,578,579),(580,581,582),(583,584,585),(586,587,588),(589,590,591),(592,593,594),(595,596,597),(598,599,600),(601,602,603),(604,605,606),(607,608,609),(610,611,612),(613,614,615),(616,617,618),(619,620,621),(622,623,624),(625,626,627),(628,629,630),(631,632,633),(634,635,636),(637,638,639),(640,641,642),(643,644,645),(646,647,648),(649,650,651),(652,653,654),(655,656,657),(658,659,660),(661,662,663),(664,665,666),(667,668,669),(670,671,672),(673,674,675),(676,677,678),(679,680,681),(682,683,684),(685,686,687),(688,689,690),(691,692,693),(694,695,696),(697,698,699),(700,701,702),(703,704,705),(706,707,708),(709,710,711),(712,713,714),(715,716,717),(718,719,720),(721,722,723),(724,725,726),(727,728,729),(730,731,732),(733,734,735),(736,737,738),(739,740,741),(742,743,744),(745,746,747),(748,749,750),(751,752,753),(754,755,756),(757,758,759),(760,761,762),(763,764,765),(766,767,768),(769,770,771),(772,773,774),(775,776,777),(778,779,780),(781,782,783),(784,785,786),(787,788,789),(790,791,792),(793,794,795),(796,797,798),(799,800,801),(802,803,804),(805,806,807),(808,809,810),(811,812,813),(814,815,816),(817,818,819),(820,821,822),(823,824,825),(826,827,828),(829,830,831),(832,833,834),(835,836,837),(838,839,840),(841,842,843),(844,845,846),(847,848,849),(850,851,852),(853,854,855),(856,857,858),(859,860,861),(862,863,864),(865,866,867),(868,869,870),(871,872,873),(874,875,876),(877,878,879),(880,881,882),(883,884,885),(886,887,888),(889,890,891),(892,893,894),(895,896,897),(898,899,900),(901,902,903),(904,905,906),(907,908,909),(910,911,912),(913,914,915),(916,917,918),(919,920,921),(922,923,924),(925,926,927),(928,929,930),(931,932,933),(934,935,936),(937,938,939),(940,941,942),(943,944,945),(946,947,948),(949,950,951),(952,953,954),(955,956,957),(958,959,960),(961,962,963),(964,965,966),(967,968,969),(970,971,972),(973,974,975),(976,977,978),(979,980,981),(982,983,984),(985,986,987),(988,989,990),(991,992,993),(994,995,996),(997,998,999),(1000,1001,1002),(1003,1004,1005),(1006,1007,1008),(1009,1010,1011),(1012,1013,1014),(1015,1016,1017),(1018,1019,1020),(1021,1022,1023),(1024,1025,1026),(1027,1028,1029),(1030,1031,1032),(1033,1034,1035),(1036,1037,1038),(1039,1040,1041),(1042,1043,1044),(1045,1046,1047),(1048,1049,1050),(1051,1052,1053),(1054,1055,1056),(1057,1058,1059),(1060,1061,1062),(1063,1064,1065),(1066,1067,1068),(1069,1070,1071),(1072,1073,1074),(1075,1076,1077),(1078,1079,1080),(1081,1082,1083),(1084,1085,1086),(1087,1088,1089),(1090,1091,1092),(1093,1094,1095),(1096,1097,1098),(1099,1100,1101),(1102,1103,1104),(1105,1106,1107),(1108,1109,1110),(1111,1112,1113),(1114,1115,1116),(1117,1118,1119),(1120,1121,1122),(1123,1124,1125),(1126,1127,1128),(1129,1130,1131),(1132,1133,1134),(1135,1136,1137),(1138,1139,1140),(1141,1142,1143),(1144,1145,1146),(1147,1148,1149),(1150,1151,1152),(1153,1154,1155),(1156,1157,1158),(1159,1160,1161),(1162,1163,1164),(1165,1166,1167),(1168,1169,1170),(1171,1172,1173),(1174,1175,1176),(1177,1178,1179),(1180,1181,1182),(1183,1184,1185),(1186,1187,1188),(1189,1190,1191),(1192,1193,1194),(1195,1196,1197),(1198,1199,1200),(1201,1202,1203),(1204,1205,1206),(1207,1208,1209),(1210,1211,1212),(1213,1214,1215),(1216,1217,1218),(1219,1220,1221),(1222,1223,1224),(1225,1226,1227),(1228,1229,1230),(1231,1232,1233),(1234,1235,1236),(1237,1238,1239),(1240,1241,1242),(1243,1244,1245),(1246,1247,1248),(1249,1250,1251),(1252,1253,1254),(1255,1256,1257),(1258,1259,1260),(1261,1262,1263),(1264,1265,1266),(1267,1268,1269),(1270,1271,1272),(1273,1274,1275),(1276,1277,1278),(1279,1280,1281),(1282,1283,1284),(1285,1286,1287),(1288,1289,1290),(1291,1292,1293),(1294,1295,1296),(1297,1298,1299),(1300,1301,1302),(1303,1304,1305),(1306,1307,1308),(1309,1310,1311),(1312,1313,1314),(1315,1316,1317),(1318,1319,1320),(1321,1322,1323),(1324,1325,1326),(1327,1328,1329),(1330,1331,1332),(1333,1334,1335),(1336,1337,1338),(1339,1340,1341),(1342,1343,1344),(1345,1346,1347),(1348,1349,1350),(1351,1352,1353),(1354,1355,1356),(1357,1358,1359),(1360,1361,1362),(1363,1364,1365),(1366,1367,1368),(1369,1370,1371),(1372,1373,1374),(1375,1376,1377),(1378,1379,1380),(1381,1382,1383),(1384,1385,1386),(1387,1388,1389),(1390,1391,1392),(1393,1394,1395),(1396,1397,1398),(1399,1400,1401),(1402,1403,1404),(1405,1406,1407),(1408,1409,1410),(1411,1412,1413),(1414,1415,1416),(1417,1418,1419),(1420,1421,1422),(1423,1424,1425),(1426,1427,1428),(1429,1430,1431),(1432,1433,1434),(1435,1436,1437),(1438,1439,1440),(1441,1442,1443),(1444,1445,1446),(1447,1448,1449),(1450,1451,1452),(1453,1454,1455),(1456,1457,1458),(1459,1460,1461),(1462,1463,1464),(1465,1466,1467),(1468,1469,1470),(1471,1472,1473),(1474,1475,1476),(1477,1478,1479),(1480,1481,1482),(1483,1484,1485),(1486,1487,1488),(1489,1490,1491),(1492,1493,1494),(1495,1496,1497),(1498,1499,1500),(1501,1502,1503),(1504,1505,1506),(1507,1508,1509),(1510,1511,1512),(1513,1514,1515),(1516,1517,1518),(1519,1520,1521),(1522,1523,1524),(1525,1526,1527),(1528,1529,1530),(1531,1532,1533),(1534,1535,1536),(1537,1538,1539),(1540,1541,1542),(1543,1544,1545),(1546,1547,1548),(1549,1550,1551),(1552,1553,1554),(1555,1556,1557),(1558,1559,1560),(1561,1562,1563),(1564,1565,1566),(1567,1568,1569),(1570,1571,1572),(1573,1574,1575),(1576,1577,1578),(1579,1580,1581),(1582,1583,1584),(1585,1586,1587),(1588,1589,1590),(1591,1592,1593),(1594,1595,1596),(1597,1598,1599),(1600,1601,1602),(1603,1604,1605),(1606,1607,1608),(1609,1610,1611),(1612,1613,1614),(1615,1616,1617),(1618,1619,1620),(1621,1622,1623),(1624,1625,1626),(1627,1628,1629),(1630,1631,1632),(1633,1634,1635),(1636,1637,1638),(1639,1640,1641),(1642,1643,1644),(1645,1646,1647),(1648,1649,1650),(1651,1652,1653),(1654,1655,1656),(1657,1658,1659),(1660,1661,1662),(1663,1664,1665),(1666,1667,1668),(1669,1670,1671),(1672,1673,1674),(1675,1676,1677),(1678,1679,1680),(1681,1682,1683),(1684,1685,1686),(1687,1688,1689),(1690,1691,1692),(1693,1694,1695),(1696,1697,1698),(1699,1700,1701),(1702,1703,1704),(1705,1706,1707),(1708,1709,1710),(1711,1712,1713),(1714,1715,1716),(1717,1718,1719),(1720,1721,1722),(1723,1724,1725),(1726,1727,1728),(1729,1730,1731),(1732,1733,1734),(1735,1736,1737),(1738,1739,1740),(1741,1742,1743),(1744,1745,1746),(1747,1748,1749),(1750,1751,1752),(1753,1754,1755),(1756,1757,1758),(1759,1760,1761),(1762,1763,1764),(1765,1766,1767),(1768,1769,1770),(1771,1772,1773),(1774,1775,1776),(1777,1778,1779),(1780,1781,1782),(1783,1784,1785),(1786,1787,1788),(1789,1790,1791),(1792,1793,1794),(1795,1796,1797),(1798,1799,1800),(1801,1802,1803),(1804,1805,1806),(1807,1808,1809),(1810,1811,1812),(1813,1814,1815),(1816,1817,1818),(1819,1820,1821),(1822,1823,1824),(1825,1826,1827),(1828,1829,1830),(1831,1832,1833),(1834,1835,1836),(1837,1838,1839),(1840,1841,1842),(1843,1844,1845),(1846,1847,1848),(1849,1850,1851),(1852,1853,1854),(1855,1856,1857),(1858,1859,1860),(1861,1862,1863),(1864,1865,1866),(1867,1868,1869),(1870,1871,1872),(1873,1874,1875),(1876,1877,1878),(1879,1880,1881),(1882,1883,1884),(1885,1886,1887),(1888,1889,1890),(1891,1892,1893),(1894,1895,1896),(1897,1898,1899),(1900,1901,1902),(1903,1904,1905),(1906,1907,1908),(1909,1910,1911),(1912,1913,1914),(1915,1916,1917),(1918,1919,1920),(1921,1922,1923),(1924,1925,1926),(1927,1928,1929),(1930,1931,1932),(1933,1934,1935),(1936,1937,1938),(1939,1940,1941),(1942,1943,1944),(1945,1946,1947),(1948,1949,1950),(1951,1952,1953),(1954,1955,1956),(1957,1958,1959),(1960,1961,1962),(1963,1964,1965),(1966,1967,1968),(1969,1970,1971),(1972,1973,1974),(1975,1976,1977),(1978,1979,1980),(1981,1982,1983),(1984,1985,1986),(1987,1988,1989)));
#6056=TESSELLATED_GEOMETRIC_SET('hole callout',(#6055));
#6057=COORDINATES_LIST('coordinates',5,((-0.0674954,-0.0409954,0.0055000),(-0.0388387,-0.0409954,0.0055000),(-0.0765454,-0.0450454,0.0055000),(-0.0724954,-0.0409954,0.0055000),(-0.0674954,-0.0409954,0.0055000)));
#6058=TESSELLATED_CURVE_SET('curve set',#6057,((1,2),(3,4,5)));
#6059=TESSELLATED_GEOMETRIC_SET('hole callout',(#6058));
#6060=TESSELLATED_ANNOTATION_OCCURRENCE('hole callout',(#6053),#6056);
#6061=TESSELLATED_ANNOTATION_OCCURRENCE('hole callout',(#6053),#6059);
#6062=DRAUGHTING_CALLOUT('hole callout',(#6060,#6061));
#6063=DRAUGHTING_MODEL_ITEM_ASSOCIATION('','',#6021,#6049,#6062);
#6064=DRAUGHTING_MODEL_ITEM_ASSOCIATION('','',#5996,#6049,#6062);
ENDSEC;
END-ISO-10303-21;
